N,P,K,temperature,humidity,ph,rainfall,soil_type,season,district,irrigation,label
54,35,39,17.05,52.73,5.83,200.97,Sandy Soil,Rabi,Kutch,Low,Mustard
57,32,32,37.79,38.72,5.56,311.4,Sandy Soil,Kharif,Jamnagar,Low,Bajra
43,41,29,29.26,72.3,6.64,634.68,Sandy Soil,Kharif,Jamnagar,Medium,Groundnut
46,37,28,34.82,43.77,6.68,336.19,Loamy Soil,Kharif,Ahmedabad,Low,Bajra
57,38,29,35.02,40.38,6.47,223.27,Loamy Soil,Kharif,Banaskantha,Low,Bajra
68,39,32,20.55,49.63,6.63,195.04,Alluvial Soil,Rabi,Kutch,Low,Mustard
88,35,42,33.28,66.72,6.39,798.51,Alluvial Soil,Kharif,Bhavnagar,Medium,Cotton
51,32,30,29.98,55.84,7.14,472.01,Sandy Soil,Kharif,Rajkot,Low,Castor
58,47,29,18.95,53.75,6.02,182.32,Alluvial Soil,Rabi,Mehsana,Low,Mustard
116,48,58,33.03,66.84,6.62,783.43,Black Soil,Kharif,Amreli,Medium,Cotton
91,38,42,19.08,53.53,6.06,196.13,Alluvial Soil,Rabi,Anand,Medium,Wheat
31,34,24,25.01,41.21,5.39,126.27,Sandy Soil,Rabi,Jamnagar,Low,Cumin
49,34,36,29.45,50.99,6.51,459.78,Sandy Soil,Kharif,Anand,Low,Castor
50,36,19,31.24,64.51,7.17,427.99,Sandy Soil,Kharif,Rajkot,Low,Castor
78,50,42,25.03,72.14,5.65,912.28,Loamy Soil,Kharif,Anand,High,Maize
57,41,38,19.44,51.22,7.17,240.76,Loamy Soil,Rabi,Jamnagar,Low,Mustard
95,53,45,29.32,63.71,6.35,842.24,Alluvial Soil,Kharif,Surat,Medium,Cotton
28,22,31,28.87,50.04,6.41,398.73,Alluvial Soil,Kharif,Bhavnagar,Low,Sesame
36,33,25,22.58,32.24,6.75,85.58,Alluvial Soil,Rabi,Rajkot,Low,Cumin
39,52,41,22.24,43.32,6.66,144.6,Black Soil,Rabi,Rajkot,Low,Gram
38,22,21,29.9,52.35,7.0,400.13,Sandy Soil,Kharif,Bhavnagar,Low,Sesame
92,40,49,21.72,49.84,6.99,181.36,Loamy Soil,Rabi,Mehsana,Medium,Wheat
65,33,31,31.21,41.4,5.91,293.43,Sandy Soil,Kharif,Mehsana,Low,Bajra
34,26,29,32.18,52.5,6.6,382.8,Loamy Soil,Kharif,Kutch,Low,Sesame
60,35,37,30.24,40.83,6.65,288.42,Loamy Soil,Kharif,Banaskantha,Low,Bajra
28,28,25,30.76,53.79,6.48,395.56,Sandy Soil,Kharif,Kutch,Low,Sesame
33,41,27,27.36,71.01,5.31,685.01,Loamy Soil,Kharif,Jamnagar,Medium,Groundnut
24,49,31,20.4,40.79,6.25,167.57,Clay Soil,Rabi,Jamnagar,Low,Gram
53,45,32,21.45,53.11,7.2,159.33,Loamy Soil,Rabi,Banaskantha,Low,Mustard
32,65,37,25.03,46.48,5.94,193.1,Clay Soil,Rabi,Vadodara,Low,Gram
86,51,52,31.83,70.04,5.77,799.19,Alluvial Soil,Kharif,Vadodara,Medium,Cotton
92,47,48,21.19,45.71,6.44,179.66,Alluvial Soil,Rabi,Banaskantha,Medium,Wheat
49,33,30,38.11,35.62,6.48,189.02,Sandy Soil,Kharif,Ahmedabad,Low,Bajra
60,48,37,32.5,49.54,6.84,242.04,Loamy Soil,Kharif,Kutch,Low,Bajra
40,54,39,20.77,42.12,6.76,187.06,Loamy Soil,Rabi,Ahmedabad,Low,Gram
75,51,35,28.03,62.88,7.08,878.55,Loamy Soil,Kharif,Mehsana,High,Maize
51,26,30,28.73,55.61,6.84,477.32,Sandy Soil,Kharif,Mehsana,Low,Castor
109,61,55,34.19,67.47,6.54,693.2,Black Soil,Kharif,Vadodara,Medium,Cotton
89,56,40,27.84,75.27,6.67,873.54,Red Soil,Kharif,Vadodara,High,Maize
72,40,34,19.12,49.39,6.48,186.52,Alluvial Soil,Rabi,Banaskantha,Low,Mustard
58,45,26,32.01,50.11,6.08,399.52,Sandy Soil,Kharif,Anand,Low,Castor
96,49,43,34.35,66.35,5.87,861.19,Alluvial Soil,Kharif,Amreli,Medium,Cotton
36,49,30,22.16,41.46,6.79,149.86,Black Soil,Rabi,Junagadh,Low,Gram
37,44,35,28.45,73.75,6.75,694.22,Loamy Soil,Kharif,Junagadh,Medium,Groundnut
37,17,25,30.02,47.29,5.81,413.94,Sandy Soil,Kharif,Amreli,Low,Sesame
100,46,50,32.27,63.0,6.53,774.31,Alluvial Soil,Kharif,Junagadh,High,Cotton
56,39,37,33.22,35.31,6.41,265.86,Sandy Soil,Kharif,Banaskantha,Low,Bajra
81,49,49,28.01,73.64,6.04,973.06,Loamy Soil,Kharif,Vadodara,High,Maize
44,49,24,27.45,74.87,6.64,590.17,Sandy Soil,Kharif,Amreli,Medium,Groundnut
104,52,45,17.76,44.87,5.46,163.88,Loamy Soil,Rabi,Banaskantha,Medium,Wheat
83,44,45,23.76,70.3,6.76,893.96,Alluvial Soil,Kharif,Anand,High,Maize
38,46,36,19.98,38.61,6.94,150.48,Clay Soil,Rabi,Ahmedabad,Low,Gram
56,39,33,33.5,37.86,7.49,279.01,Sandy Soil,Kharif,Ahmedabad,Low,Bajra
45,48,23,23.36,44.24,6.26,194.71,Clay Soil,Rabi,Jamnagar,Low,Gram
77,44,37,27.04,66.07,6.29,960.19,Alluvial Soil,Kharif,Ahmedabad,High,Maize
30,29,24,21.79,35.48,6.53,169.57,Loamy Soil,Rabi,Jamnagar,Low,Cumin
81,48,42,28.19,71.41,6.42,903.7,Alluvial Soil,Kharif,Ahmedabad,High,Maize
39,27,27,30.74,50.19,6.98,350.75,Loamy Soil,Kharif,Kutch,Low,Sesame
93,42,39,20.25,43.23,6.37,114.88,Clay Soil,Rabi,Anand,Medium,Wheat
115,45,47,21.6,50.69,6.76,195.3,Black Soil,Rabi,Ahmedabad,Medium,Wheat
38,49,29,27.34,67.47,5.84,740.38,Loamy Soil,Kharif,Bhavnagar,Medium,Groundnut
41,29,29,25.9,37.5,6.12,117.2,Sandy Soil,Rabi,Kutch,Low,Cumin
65,47,33,17.57,57.44,6.56,116.71,Sandy Soil,Rabi,Mehsana,Low,Mustard
85,47,39,30.7,68.51,6.03,975.49,Black Soil,Kharif,Surat,Medium,Cotton
28,50,24,28.33,74.72,5.77,603.79,Sandy Soil,Kharif,Amreli,Medium,Groundnut
38,52,36,20.23,44.0,6.73,235.69,Loamy Soil,Rabi,Vadodara,Low,Gram
106,49,52,20.09,42.27,7.27,171.21,Clay Soil,Rabi,Rajkot,Medium,Wheat
27,28,30,27.27,45.63,6.34,354.81,Alluvial Soil,Kharif,Kutch,Low,Sesame
67,43,37,20.63,49.03,6.23,233.04,Sandy Soil,Rabi,Ahmedabad,Low,Mustard
85,42,46,19.23,48.3,7.28,184.06,Alluvial Soil,Rabi,Banaskantha,Medium,Wheat
48,28,27,30.1,53.81,6.6,369.29,Alluvial Soil,Kharif,Kutch,Low,Castor
103,59,37,32.55,64.08,6.56,830.6,Black Soil,Kharif,Surat,Medium,Cotton
82,45,41,25.36,71.75,6.2,880.83,Alluvial Soil,Kharif,Anand,High,Maize
104,47,45,21.6,49.49,5.35,164.87,Clay Soil,Rabi,Anand,Medium,Wheat
92,49,48,16.05,47.12,7.19,185.4,Alluvial Soil,Rabi,Mehsana,Medium,Wheat
24,61,43,21.7,40.73,6.17,167.79,Loamy Soil,Rabi,Jamnagar,Low,Gram
115,50,54,30.73,61.98,5.32,911.52,Alluvial Soil,Kharif,Junagadh,Medium,Cotton
51,36,35,16.35,50.32,6.84,152.59,Loamy Soil,Rabi,Mehsana,Low,Mustard
32,47,39,20.92,43.21,6.58,229.8,Clay Soil,Rabi,Junagadh,Low,Gram
88,42,48,19.43,44.2,5.53,162.37,Clay Soil,Rabi,Mehsana,Medium,Wheat
34,26,22,29.29,56.01,6.91,479.56,Sandy Soil,Kharif,Bhavnagar,Low,Sesame
92,47,40,31.71,66.29,6.85,816.06,Black Soil,Kharif,Vadodara,High,Cotton
51,33,26,25.0,59.03,6.95,383.11,Sandy Soil,Kharif,Kutch,Low,Castor
79,46,47,28.3,69.93,6.57,899.44,Red Soil,Kharif,Ahmedabad,High,Maize
36,29,22,27.37,52.58,6.75,418.34,Loamy Soil,Kharif,Anand,Low,Castor
84,51,33,24.56,70.29,6.14,966.44,Alluvial Soil,Kharif,Vadodara,High,Maize
85,52,33,27.01,68.63,7.11,948.47,Loamy Soil,Kharif,Banaskantha,High,Maize
80,48,37,28.13,69.83,6.35,825.98,Alluvial Soil,Kharif,Anand,High,Maize
38,19,30,32.06,54.05,6.81,403.6,Loamy Soil,Kharif,Kutch,Low,Sesame
30,31,30,23.07,40.11,6.42,155.8,Loamy Soil,Rabi,Mehsana,Low,Cumin
29,29,29,22.42,36.56,7.01,111.11,Loamy Soil,Rabi,Kutch,Low,Cumin
29,36,17,22.61,35.36,6.28,149.3,Alluvial Soil,Rabi,Jamnagar,Low,Cumin
33,20,26,31.79,44.33,6.48,368.94,Loamy Soil,Kharif,Junagadh,Low,Sesame
31,43,32,25.55,75.97,6.57,669.07,Loamy Soil,Kharif,Rajkot,Medium,Groundnut
98,48,41,28.04,73.06,6.44,879.64,Alluvial Soil,Kharif,Ahmedabad,High,Maize
108,51,46,25.98,75.4,7.02,998.1,Red Soil,Kharif,Vadodara,High,Maize
31,38,29,30.33,51.43,6.76,420.82,Alluvial Soil,Kharif,Kutch,Low,Sesame
29,32,29,25.69,34.46,6.59,117.12,Loamy Soil,Rabi,Banaskantha,Low,Cumin
39,32,26,22.62,34.06,6.92,94.95,Alluvial Soil,Rabi,Banaskantha,Low,Cumin
31,28,20,26.71,39.11,5.51,73.36,Sandy Soil,Rabi,Banaskantha,Low,Cumin
80,52,51,32.5,65.56,7.08,764.03,Alluvial Soil,Kharif,Jamnagar,High,Cotton
55,28,26,29.08,58.84,6.21,412.39,Sandy Soil,Kharif,Mehsana,Low,Castor
58,26,35,35.54,44.65,6.03,272.64,Sandy Soil,Kharif,Ahmedabad,Low,Bajra
39,50,32,23.79,44.45,6.79,218.72,Clay Soil,Rabi,Ahmedabad,Low,Gram
64,37,42,19.77,52.15,5.82,171.56,Sandy Soil,Rabi,Jamnagar,Low,Mustard
90,43,49,17.91,48.48,6.08,182.96,Loamy Soil,Rabi,Mehsana,Medium,Wheat
53,49,40,27.16,74.25,7.17,605.18,Sandy Soil,Kharif,Jamnagar,Medium,Groundnut
37,28,33,22.62,33.8,6.61,120.07,Alluvial Soil,Rabi,Kutch,Low,Cumin
32,28,24,30.58,52.33,5.87,389.35,Loamy Soil,Kharif,Rajkot,Low,Sesame
80,46,40,19.91,45.66,5.44,210.22,Black Soil,Rabi,Banaskantha,Medium,Wheat
49,32,35,31.34,59.58,5.9,476.06,Sandy Soil,Kharif,Kutch,Low,Castor
46,32,30,20.03,46.25,6.77,174.72,Loamy Soil,Rabi,Ahmedabad,Low,Mustard
65,32,35,34.5,39.54,6.1,288.46,Loamy Soil,Kharif,Jamnagar,Low,Bajra
40,37,29,27.39,69.96,6.93,690.51,Black Soil,Kharif,Bhavnagar,Medium,Groundnut
28,51,37,21.37,40.05,6.88,204.61,Black Soil,Rabi,Rajkot,Low,Gram
56,31,26,29.93,40.17,7.32,269.23,Sandy Soil,Kharif,Mehsana,Low,Bajra
35,34,34,23.14,30.03,7.09,85.59,Loamy Soil,Rabi,Banaskantha,Low,Cumin
108,42,42,29.59,64.08,6.48,807.61,Black Soil,Kharif,Amreli,High,Cotton
92,48,51,19.36,52.75,5.62,213.98,Alluvial Soil,Rabi,Anand,Medium,Wheat
54,38,36,33.05,39.09,6.68,270.48,Sandy Soil,Kharif,Mehsana,Low,Bajra
40,34,35,26.42,34.03,5.92,108.74,Sandy Soil,Rabi,Rajkot,Low,Cumin
51,33,34,31.51,40.25,6.31,237.46,Loamy Soil,Kharif,Kutch,Low,Bajra
36,39,26,22.68,35.94,5.91,129.91,Sandy Soil,Rabi,Jamnagar,Low,Cumin
49,41,23,30.02,55.37,7.09,401.68,Sandy Soil,Kharif,Rajkot,Low,Castor
88,62,42,26.83,67.99,6.54,915.4,Loamy Soil,Kharif,Vadodara,High,Maize
51,33,33,33.29,37.61,5.75,277.02,Loamy Soil,Kharif,Ahmedabad,Low,Bajra
77,47,44,27.92,71.93,5.71,899.56,Alluvial Soil,Kharif,Vadodara,High,Maize
44,38,26,34.27,43.11,6.33,345.41,Loamy Soil,Kharif,Ahmedabad,Low,Bajra
26,28,29,31.07,50.72,6.68,338.76,Sandy Soil,Kharif,Junagadh,Low,Sesame
42,36,29,28.55,73.53,7.11,642.76,Loamy Soil,Kharif,Jamnagar,Medium,Groundnut
70,34,26,19.99,55.65,6.41,100.85,Sandy Soil,Rabi,Kutch,Low,Mustard
84,56,37,29.96,66.08,6.17,949.65,Loamy Soil,Kharif,Vadodara,High,Maize
97,60,49,32.26,60.77,6.64,744.54,Black Soil,Kharif,Amreli,Medium,Cotton
38,35,24,32.23,54.4,5.98,439.22,Alluvial Soil,Kharif,Anand,Low,Castor
36,36,41,22.24,35.86,5.65,148.66,Loamy Soil,Rabi,Jamnagar,Low,Gram
34,25,29,28.38,44.94,6.62,375.84,Alluvial Soil,Kharif,Junagadh,Low,Sesame
96,50,39,30.96,61.3,7.38,862.38,Black Soil,Kharif,Bhavnagar,High,Cotton
62,42,26,16.9,49.67,6.53,157.02,Loamy Soil,Rabi,Mehsana,Low,Mustard
34,38,35,28.43,73.5,6.31,636.03,Loamy Soil,Kharif,Rajkot,Medium,Groundnut
35,59,34,23.66,47.71,6.83,167.89,Clay Soil,Rabi,Vadodara,Low,Gram
92,52,48,34.07,61.67,6.99,785.73,Black Soil,Kharif,Bhavnagar,High,Cotton
27,32,25,25.39,36.01,6.9,116.21,Sandy Soil,Rabi,Mehsana,Low,Cumin
56,43,29,19.92,52.92,6.51,169.96,Loamy Soil,Rabi,Kutch,Low,Mustard
102,52,43,34.86,67.11,5.49,812.43,Black Soil,Kharif,Surat,High,Cotton
36,35,32,21.35,42.41,6.7,104.14,Loamy Soil,Rabi,Rajkot,Low,Cumin
64,48,34,19.16,50.97,6.3,200.37,Sandy Soil,Rabi,Jamnagar,Low,Mustard
50,38,30,28.76,51.33,6.21,509.54,Alluvial Soil,Kharif,Mehsana,Low,Castor
25,45,40,27.53,71.94,6.65,622.06,Black Soil,Kharif,Bhavnagar,Medium,Groundnut
53,49,29,27.62,70.91,7.27,579.01,Sandy Soil,Kharif,Junagadh,Medium,Groundnut
46,38,24,37.85,38.87,6.07,263.21,Loamy Soil,Kharif,Mehsana,Low,Bajra
58,34,36,18.55,47.95,6.6,149.77,Alluvial Soil,Rabi,Kutch,Low,Mustard
59,37,29,22.16,52.68,6.34,225.11,Sandy Soil,Rabi,Jamnagar,Low,Mustard
73,41,42,26.24,69.7,7.03,915.0,Alluvial Soil,Kharif,Ahmedabad,High,Maize
22,53,35,21.5,40.09,6.32,141.37,Black Soil,Rabi,Junagadh,Low,Gram
53,33,23,32.31,53.04,6.09,446.06,Loamy Soil,Kharif,Anand,Low,Castor
62,35,30,20.03,52.38,5.91,138.03,Loamy Soil,Rabi,Ahmedabad,Low,Mustard
36,42,28,30.68,57.99,6.51,396.48,Loamy Soil,Kharif,Rajkot,Low,Castor
97,49,47,35.09,58.78,6.84,692.49,Alluvial Soil,Kharif,Surat,High,Cotton
52,41,28,28.8,52.75,6.79,478.48,Alluvial Soil,Kharif,Mehsana,Low,Castor
65,40,35,38.64,38.34,6.0,246.82,Loamy Soil,Kharif,Ahmedabad,Low,Bajra
110,44,42,32.69,66.71,6.76,1000.0,Black Soil,Kharif,Amreli,High,Cotton
49,25,33,34.09,41.06,6.87,293.82,Sandy Soil,Kharif,Jamnagar,Low,Bajra
30,35,29,22.74,32.02,6.28,127.49,Loamy Soil,Rabi,Rajkot,Low,Cumin
101,51,46,33.0,66.09,7.64,743.19,Black Soil,Kharif,Surat,High,Cotton
88,49,43,17.29,47.09,6.07,216.39,Clay Soil,Rabi,Anand,Medium,Wheat
93,52,50,31.03,65.62,6.12,759.23,Black Soil,Kharif,Bhavnagar,Medium,Cotton
30,25,23,26.56,50.96,7.2,431.99,Loamy Soil,Kharif,Bhavnagar,Low,Sesame
39,46,40,22.36,44.39,6.0,185.57,Black Soil,Rabi,Ahmedabad,Low,Gram
30,54,30,21.85,48.03,6.06,124.5,Clay Soil,Rabi,Rajkot,Low,Gram
88,57,43,20.38,42.67,6.72,238.07,Black Soil,Rabi,Rajkot,Medium,Wheat
111,43,43,30.67,59.15,6.55,920.41,Alluvial Soil,Kharif,Surat,Medium,Cotton
34,22,29,31.54,53.59,5.75,404.28,Loamy Soil,Kharif,Junagadh,Low,Sesame
31,31,28,21.47,31.39,6.06,122.1,Sandy Soil,Rabi,Rajkot,Low,Cumin
65,36,36,22.51,51.29,6.86,133.98,Sandy Soil,Rabi,Jamnagar,Low,Mustard
101,69,49,31.58,68.07,6.74,828.01,Alluvial Soil,Kharif,Surat,High,Cotton
107,56,50,32.03,67.24,6.8,776.4,Black Soil,Kharif,Junagadh,High,Cotton
91,45,50,17.09,47.31,6.12,228.99,Black Soil,Rabi,Banaskantha,Medium,Wheat
31,51,35,19.65,37.93,6.35,167.62,Black Soil,Rabi,Ahmedabad,Low,Gram
56,26,30,36.09,37.65,5.76,322.12,Loamy Soil,Kharif,Ahmedabad,Low,Bajra
48,37,25,30.18,58.99,6.42,406.27,Sandy Soil,Kharif,Rajkot,Low,Castor
26,39,31,19.4,36.86,6.87,155.22,Black Soil,Rabi,Rajkot,Low,Gram
80,51,43,29.91,76.05,6.2,970.54,Red Soil,Kharif,Anand,High,Maize
56,39,33,30.98,55.68,6.2,408.79,Alluvial Soil,Kharif,Anand,Low,Castor
94,47,35,29.33,70.61,6.51,972.96,Loamy Soil,Kharif,Mehsana,High,Maize
40,44,29,32.47,57.89,6.7,434.55,Alluvial Soil,Kharif,Anand,Low,Castor
31,30,27,22.94,32.93,5.97,124.08,Loamy Soil,Rabi,Jamnagar,Low,Cumin
84,47,44,29.29,65.16,6.38,688.47,Alluvial Soil,Kharif,Amreli,High,Cotton
36,37,28,21.57,34.96,6.55,106.16,Loamy Soil,Rabi,Banaskantha,Low,Cumin
86,49,39,19.6,42.94,5.96,212.74,Clay Soil,Rabi,Rajkot,Medium,Wheat
106,51,50,31.12,64.84,6.86,1000.0,Alluvial Soil,Kharif,Amreli,High,Cotton
31,45,37,22.78,41.43,7.19,154.47,Clay Soil,Rabi,Junagadh,Low,Gram
80,39,41,22.55,46.47,7.12,184.38,Black Soil,Rabi,Ahmedabad,Medium,Wheat
54,36,29,33.67,41.45,6.15,265.68,Sandy Soil,Kharif,Ahmedabad,Low,Bajra
96,55,48,18.32,44.8,6.02,266.78,Black Soil,Rabi,Banaskantha,Medium,Wheat
29,45,35,23.76,43.85,6.59,203.67,Black Soil,Rabi,Ahmedabad,Low,Gram
66,33,31,30.26,42.3,6.15,281.13,Sandy Soil,Kharif,Kutch,Low,Bajra
42,47,27,27.49,70.98,6.26,697.18,Loamy Soil,Kharif,Jamnagar,Medium,Groundnut
98,53,45,26.19,70.0,6.81,910.19,Loamy Soil,Kharif,Anand,High,Maize
99,49,52,31.19,64.33,7.2,902.61,Alluvial Soil,Kharif,Vadodara,Medium,Cotton
73,46,41,25.23,74.41,6.08,952.45,Loamy Soil,Kharif,Anand,High,Maize
46,37,27,29.67,56.16,6.16,470.02,Sandy Soil,Kharif,Mehsana,Low,Castor
35,51,28,22.19,46.93,7.21,147.63,Black Soil,Rabi,Junagadh,Low,Gram
108,50,42,29.13,62.6,6.39,734.19,Black Soil,Kharif,Jamnagar,High,Cotton
75,47,42,26.24,66.5,6.64,935.92,Red Soil,Kharif,Anand,High,Maize
35,29,24,28.38,49.51,6.48,360.87,Loamy Soil,Kharif,Junagadh,Low,Sesame
120,48,45,34.66,62.23,6.22,790.2,Alluvial Soil,Kharif,Rajkot,Medium,Cotton
35,37,27,19.33,37.26,6.49,67.78,Alluvial Soil,Rabi,Kutch,Low,Cumin
91,56,38,31.16,66.99,6.18,784.27,Alluvial Soil,Kharif,Jamnagar,High,Cotton
37,41,34,23.04,44.87,6.71,187.22,Black Soil,Rabi,Rajkot,Low,Gram
101,64,47,31.75,63.81,6.41,891.52,Black Soil,Kharif,Bhavnagar,High,Cotton
76,45,44,29.46,69.99,5.89,886.09,Loamy Soil,Kharif,Anand,High,Maize
41,39,31,22.89,28.57,6.54,123.92,Loamy Soil,Rabi,Jamnagar,Low,Cumin
32,31,28,22.05,40.69,6.77,133.94,Alluvial Soil,Rabi,Rajkot,Low,Cumin
37,26,22,29.7,50.54,6.91,386.9,Sandy Soil,Kharif,Amreli,Low,Sesame
49,38,29,30.12,56.65,6.19,546.64,Sandy Soil,Kharif,Kutch,Low,Castor
36,48,33,23.5,42.38,7.03,127.65,Clay Soil,Rabi,Junagadh,Low,Gram
69,28,36,19.43,49.72,6.36,175.64,Alluvial Soil,Rabi,Banaskantha,Low,Mustard
56,44,36,18.66,56.76,6.04,160.86,Sandy Soil,Rabi,Banaskantha,Low,Mustard
37,38,21,23.36,38.38,5.93,124.33,Loamy Soil,Rabi,Kutch,Low,Cumin
77,40,46,19.9,45.8,5.39,249.26,Loamy Soil,Rabi,Mehsana,Medium,Wheat
39,38,31,24.42,35.64,6.05,155.2,Loamy Soil,Rabi,Kutch,Low,Cumin
65,34,38,16.49,52.34,6.25,165.29,Loamy Soil,Rabi,Mehsana,Low,Mustard
44,50,34,21.24,47.48,7.11,138.52,Clay Soil,Rabi,Junagadh,Low,Gram
38,42,31,28.39,67.8,5.72,618.16,Black Soil,Kharif,Junagadh,Medium,Groundnut
30,32,24,28.72,51.81,5.94,421.86,Alluvial Soil,Kharif,Junagadh,Low,Sesame
60,33,36,35.62,37.73,6.66,304.32,Sandy Soil,Kharif,Jamnagar,Low,Bajra
37,54,38,22.41,43.16,6.85,138.76,Black Soil,Rabi,Jamnagar,Low,Gram
27,33,27,20.43,37.56,6.63,134.03,Alluvial Soil,Rabi,Kutch,Low,Cumin
85,44,46,28.4,69.03,6.4,948.42,Red Soil,Kharif,Vadodara,High,Maize
39,42,32,29.08,52.25,6.73,373.69,Alluvial Soil,Kharif,Banaskantha,Low,Castor
95,52,56,31.61,68.58,7.21,895.62,Alluvial Soil,Kharif,Bhavnagar,High,Cotton
92,56,51,34.46,64.41,6.83,806.54,Black Soil,Kharif,Vadodara,Medium,Cotton
50,37,28,30.31,57.07,7.69,456.79,Alluvial Soil,Kharif,Banaskantha,Low,Castor
58,35,28,20.2,54.81,6.18,158.01,Loamy Soil,Rabi,Jamnagar,Low,Mustard
54,28,33,31.15,37.48,7.01,290.68,Loamy Soil,Kharif,Mehsana,Low,Bajra
49,36,26,28.27,55.99,5.72,456.88,Alluvial Soil,Kharif,Kutch,Low,Castor
41,45,32,27.15,72.36,7.06,655.7,Black Soil,Kharif,Amreli,Medium,Groundnut
105,47,43,18.3,45.67,6.22,271.71,Loamy Soil,Rabi,Banaskantha,Medium,Wheat
64,45,42,16.74,49.0,7.08,193.38,Alluvial Soil,Rabi,Ahmedabad,Low,Mustard
32,49,34,22.55,41.94,7.08,172.23,Loamy Soil,Rabi,Junagadh,Low,Gram
37,36,25,22.31,40.51,7.01,131.3,Alluvial Soil,Rabi,Banaskantha,Low,Cumin
90,59,43,28.68,64.62,7.51,940.38,Loamy Soil,Kharif,Vadodara,High,Maize
102,64,52,31.57,69.0,6.3,664.13,Black Soil,Kharif,Vadodara,Medium,Cotton
60,32,36,31.49,34.94,6.36,168.2,Loamy Soil,Kharif,Mehsana,Low,Bajra
44,42,24,27.4,73.52,7.01,591.41,Loamy Soil,Kharif,Rajkot,Medium,Groundnut
38,56,26,29.72,74.14,6.26,731.47,Loamy Soil,Kharif,Jamnagar,Medium,Groundnut
56,39,43,17.98,54.19,6.21,137.43,Loamy Soil,Rabi,Ahmedabad,Low,Mustard
80,56,42,29.29,70.6,6.12,985.17,Loamy Soil,Kharif,Vadodara,High,Maize
91,56,37,27.3,71.74,6.64,822.64,Loamy Soil,Kharif,Vadodara,High,Maize
53,31,24,36.07,48.07,6.28,240.97,Sandy Soil,Kharif,Mehsana,Low,Bajra
39,37,21,24.16,37.47,6.98,133.35,Alluvial Soil,Rabi,Kutch,Low,Cumin
97,50,31,31.93,64.23,6.85,923.26,Black Soil,Kharif,Junagadh,Medium,Cotton
44,25,27,31.68,51.57,5.66,405.15,Alluvial Soil,Kharif,Bhavnagar,Low,Sesame
49,38,39,18.8,48.45,6.22,100.61,Alluvial Soil,Rabi,Ahmedabad,Low,Mustard
64,43,34,33.64,38.66,6.49,238.5,Loamy Soil,Kharif,Mehsana,Low,Bajra
34,26,31,23.24,43.09,6.3,163.38,Loamy Soil,Rabi,Rajkot,Low,Cumin
90,50,42,26.9,66.27,5.74,925.75,Loamy Soil,Kharif,Vadodara,High,Maize
34,30,24,28.21,55.55,6.66,445.37,Alluvial Soil,Kharif,Rajkot,Low,Sesame
61,34,25,30.94,41.46,5.86,352.49,Loamy Soil,Kharif,Jamnagar,Low,Bajra
74,51,46,25.41,68.07,6.1,951.51,Red Soil,Kharif,Anand,High,Maize
53,36,33,34.49,43.2,6.93,272.41,Sandy Soil,Kharif,Banaskantha,Low,Bajra
38,29,32,25.17,35.46,6.69,78.61,Sandy Soil,Rabi,Jamnagar,Low,Cumin
42,31,18,31.39,47.21,6.22,432.71,Loamy Soil,Kharif,Junagadh,Low,Sesame
90,56,46,19.18,45.25,5.78,166.95,Alluvial Soil,Rabi,Ahmedabad,Medium,Wheat
40,42,38,29.88,74.46,6.34,749.27,Sandy Soil,Kharif,Bhavnagar,Medium,Groundnut
48,34,33,31.76,59.08,7.79,477.36,Loamy Soil,Kharif,Kutch,Low,Castor
32,52,30,22.0,39.41,6.61,176.62,Clay Soil,Rabi,Vadodara,Low,Gram
58,35,29,32.16,40.7,7.14,265.45,Sandy Soil,Kharif,Jamnagar,Low,Bajra
78,45,40,25.89,66.96,6.9,892.41,Alluvial Soil,Kharif,Mehsana,High,Maize
41,39,35,27.47,66.27,6.83,594.15,Sandy Soil,Kharif,Amreli,Medium,Groundnut
56,32,34,37.24,40.67,5.76,150.0,Loamy Soil,Kharif,Mehsana,Low,Bajra
42,24,23,30.28,56.24,5.92,361.81,Loamy Soil,Kharif,Rajkot,Low,Sesame
31,29,26,32.61,50.71,6.73,378.16,Loamy Soil,Kharif,Amreli,Low,Sesame
20,44,32,20.98,39.26,5.94,206.54,Loamy Soil,Rabi,Ahmedabad,Low,Gram
99,57,41,31.96,62.92,6.87,802.1,Black Soil,Kharif,Bhavnagar,High,Cotton
48,34,27,31.08,53.65,6.85,423.33,Sandy Soil,Kharif,Rajkot,Low,Castor
38,32,26,23.83,39.78,6.39,109.08,Sandy Soil,Rabi,Kutch,Low,Cumin
37,38,22,26.62,75.28,6.3,641.53,Loamy Soil,Kharif,Bhavnagar,Medium,Groundnut
37,35,27,20.94,26.51,6.05,137.84,Loamy Soil,Rabi,Banaskantha,Low,Cumin
48,33,19,30.14,53.87,6.62,474.56,Alluvial Soil,Kharif,Anand,Low,Castor
34,29,23,21.52,32.23,6.12,123.65,Alluvial Soil,Rabi,Kutch,Low,Cumin
101,56,50,32.3,62.37,6.74,925.47,Black Soil,Kharif,Surat,High,Cotton
37,50,40,22.54,47.15,6.85,221.97,Black Soil,Rabi,Ahmedabad,Low,Gram
41,30,28,32.7,51.46,6.47,406.51,Alluvial Soil,Kharif,Bhavnagar,Low,Sesame
28,27,25,32.39,50.24,6.09,337.1,Loamy Soil,Kharif,Kutch,Low,Sesame
58,45,35,17.05,50.67,6.86,152.99,Sandy Soil,Rabi,Kutch,Low,Mustard
75,49,43,28.78,66.1,6.64,798.07,Alluvial Soil,Kharif,Anand,High,Maize
84,32,44,19.53,49.31,7.51,187.33,Alluvial Soil,Rabi,Anand,Medium,Wheat
98,51,46,17.9,46.83,6.0,256.56,Clay Soil,Rabi,Rajkot,Medium,Wheat
50,39,39,34.46,38.07,7.32,271.89,Loamy Soil,Kharif,Banaskantha,Low,Bajra
49,33,31,31.36,55.93,5.97,431.49,Alluvial Soil,Kharif,Anand,Low,Castor
41,29,25,25.26,38.88,7.29,73.65,Alluvial Soil,Rabi,Jamnagar,Low,Cumin
33,52,37,20.78,42.26,6.21,154.19,Clay Soil,Rabi,Ahmedabad,Low,Gram
95,40,36,20.34,51.86,6.0,240.74,Loamy Soil,Rabi,Banaskantha,Medium,Wheat
38,31,31,24.81,28.83,6.08,112.29,Alluvial Soil,Rabi,Jamnagar,Low,Cumin
54,46,38,20.77,54.06,6.59,174.01,Sandy Soil,Rabi,Mehsana,Low,Mustard
39,37,33,23.92,32.66,5.87,64.8,Loamy Soil,Rabi,Banaskantha,Low,Cumin
61,42,29,16.42,54.32,5.74,143.16,Loamy Soil,Rabi,Banaskantha,Low,Mustard
37,53,27,26.68,70.78,6.08,636.61,Black Soil,Kharif,Amreli,Medium,Groundnut
38,34,24,18.0,34.63,6.41,118.55,Sandy Soil,Rabi,Rajkot,Low,Cumin
36,32,30,21.62,40.32,6.56,132.37,Loamy Soil,Rabi,Rajkot,Low,Cumin
34,43,34,30.74,74.01,6.74,676.54,Black Soil,Kharif,Bhavnagar,Medium,Groundnut
59,36,35,17.83,53.43,6.42,194.17,Alluvial Soil,Rabi,Banaskantha,Low,Mustard
83,42,42,26.58,71.71,6.54,863.38,Loamy Soil,Kharif,Banaskantha,High,Maize
104,53,42,32.93,63.08,6.56,970.67,Alluvial Soil,Kharif,Bhavnagar,Medium,Cotton
59,28,23,30.39,54.49,6.98,383.07,Sandy Soil,Kharif,Anand,Low,Castor
35,54,45,21.09,44.62,6.88,163.09,Clay Soil,Rabi,Ahmedabad,Low,Gram
75,41,43,19.73,53.1,6.42,173.47,Loamy Soil,Rabi,Ahmedabad,Low,Mustard
47,40,36,28.94,77.13,6.29,595.12,Loamy Soil,Kharif,Jamnagar,Medium,Groundnut
48,32,29,33.07,53.73,7.29,376.58,Alluvial Soil,Kharif,Mehsana,Low,Castor
36,20,25,32.42,49.99,6.17,381.85,Sandy Soil,Kharif,Junagadh,Low,Sesame
31,43,38,19.03,46.05,7.58,156.49,Clay Soil,Rabi,Rajkot,Low,Gram
27,49,28,21.21,40.51,7.13,136.45,Loamy Soil,Rabi,Junagadh,Low,Gram
61,38,29,19.04,52.6,5.53,144.41,Sandy Soil,Rabi,Jamnagar,Low,Mustard
91,54,54,31.2,71.99,6.24,802.16,Black Soil,Kharif,Amreli,High,Cotton
59,44,35,19.01,53.84,6.55,191.75,Sandy Soil,Rabi,Ahmedabad,Low,Mustard
58,28,35,36.69,41.35,5.6,343.15,Loamy Soil,Kharif,Jamnagar,Low,Bajra
62,40,31,20.53,49.47,6.66,152.66,Loamy Soil,Rabi,Kutch,Low,Mustard
36,27,25,23.64,37.63,6.36,97.64,Alluvial Soil,Rabi,Jamnagar,Low,Cumin
52,48,18,28.0,59.35,5.75,450.48,Loamy Soil,Kharif,Banaskantha,Low,Castor
28,32,26,24.69,38.71,6.42,72.54,Alluvial Soil,Rabi,Mehsana,Low,Cumin
52,23,29,31.8,39.07,5.36,282.95,Loamy Soil,Kharif,Kutch,Low,Bajra
50,32,31,27.95,54.88,6.22,492.1,Alluvial Soil,Kharif,Anand,Low,Castor
36,47,33,25.04,46.26,5.67,160.91,Clay Soil,Rabi,Rajkot,Low,Gram
60,36,34,17.25,55.12,6.11,198.98,Sandy Soil,Rabi,Ahmedabad,Low,Mustard
61,35,38,15.5,52.94,6.09,139.81,Loamy Soil,Rabi,Jamnagar,Low,Mustard
48,40,34,38.05,36.15,6.93,297.88,Sandy Soil,Kharif,Kutch,Low,Bajra
37,26,39,23.73,37.6,6.97,111.98,Alluvial Soil,Rabi,Jamnagar,Low,Cumin
43,34,31,22.27,32.16,6.93,134.03,Sandy Soil,Rabi,Rajkot,Low,Cumin
52,37,30,31.68,42.17,6.66,265.13,Sandy Soil,Kharif,Mehsana,Low,Bajra
48,44,37,29.51,73.58,6.75,671.13,Black Soil,Kharif,Rajkot,Medium,Groundnut
46,34,30,31.56,42.63,6.92,234.6,Loamy Soil,Kharif,Jamnagar,Low,Bajra
34,46,35,28.19,76.51,6.73,695.68,Black Soil,Kharif,Junagadh,Medium,Groundnut
91,51,43,17.74,47.18,6.08,219.82,Loamy Soil,Rabi,Ahmedabad,Medium,Wheat
42,48,41,22.37,41.46,7.49,184.76,Clay Soil,Rabi,Ahmedabad,Low,Gram
52,36,33,33.35,37.55,6.24,304.13,Sandy Soil,Kharif,Banaskantha,Low,Bajra
95,54,36,29.56,60.86,7.58,880.85,Red Soil,Kharif,Ahmedabad,High,Maize
36,30,34,23.31,32.64,6.51,145.93,Alluvial Soil,Rabi,Banaskantha,Low,Cumin
59,43,34,20.02,49.08,6.49,197.59,Loamy Soil,Rabi,Banaskantha,Low,Mustard
56,33,31,33.68,37.33,6.48,335.11,Loamy Soil,Kharif,Mehsana,Low,Bajra
46,37,23,30.96,53.39,6.2,445.62,Sandy Soil,Kharif,Banaskantha,Low,Castor
29,48,38,23.72,40.57,7.57,171.74,Loamy Soil,Rabi,Jamnagar,Low,Gram
51,39,37,31.69,43.03,6.2,239.19,Sandy Soil,Kharif,Banaskantha,Low,Bajra
26,29,29,21.65,38.87,7.04,129.47,Loamy Soil,Rabi,Banaskantha,Low,Cumin
40,61,30,18.76,42.97,6.98,158.38,Loamy Soil,Rabi,Jamnagar,Low,Gram
37,46,37,27.89,73.04,6.45,711.87,Loamy Soil,Kharif,Rajkot,Medium,Groundnut
53,34,34,35.62,43.07,7.39,302.58,Sandy Soil,Kharif,Ahmedabad,Low,Bajra
29,47,28,24.62,42.83,6.55,191.67,Loamy Soil,Rabi,Junagadh,Low,Gram
62,40,36,21.12,58.32,6.42,139.15,Alluvial Soil,Rabi,Ahmedabad,Low,Mustard
59,37,37,17.8,53.02,6.42,185.15,Loamy Soil,Rabi,Mehsana,Low,Mustard
38,31,39,24.35,35.1,6.16,95.27,Sandy Soil,Rabi,Mehsana,Low,Cumin
83,51,42,28.59,72.07,6.06,888.89,Red Soil,Kharif,Banaskantha,High,Maize
106,57,44,32.16,71.51,6.25,729.41,Alluvial Soil,Kharif,Rajkot,High,Cotton
32,37,32,27.69,71.46,6.46,594.86,Loamy Soil,Kharif,Junagadh,Medium,Groundnut
33,53,35,19.47,39.33,5.88,153.4,Black Soil,Rabi,Rajkot,Low,Gram
61,30,32,32.54,37.93,6.41,278.2,Loamy Soil,Kharif,Mehsana,Low,Bajra
55,34,33,30.65,55.77,6.7,401.22,Sandy Soil,Kharif,Kutch,Low,Castor
89,44,41,25.71,70.62,6.11,904.96,Red Soil,Kharif,Ahmedabad,High,Maize
40,50,28,23.25,46.03,6.69,210.6,Black Soil,Rabi,Vadodara,Low,Gram
80,48,42,19.38,46.49,6.09,224.13,Black Soil,Rabi,Anand,Medium,Wheat
79,44,42,28.81,67.97,5.81,919.46,Red Soil,Kharif,Ahmedabad,High,Maize
43,29,29,29.07,54.37,6.84,473.96,Loamy Soil,Kharif,Banaskantha,Low,Castor
59,36,36,30.69,38.45,7.41,328.48,Loamy Soil,Kharif,Banaskantha,Low,Bajra
26,33,21,27.11,31.56,6.46,147.64,Alluvial Soil,Rabi,Rajkot,Low,Cumin
43,32,22,28.97,48.77,6.46,479.36,Alluvial Soil,Kharif,Mehsana,Low,Castor
30,38,24,22.99,40.42,6.04,109.87,Alluvial Soil,Rabi,Rajkot,Low,Cumin
32,38,28,20.64,38.64,6.55,134.29,Sandy Soil,Rabi,Banaskantha,Low,Cumin
30,21,26,30.86,53.85,5.43,439.06,Sandy Soil,Kharif,Kutch,Low,Sesame
75,33,27,31.99,39.08,7.26,267.24,Loamy Soil,Kharif,Jamnagar,Low,Bajra
81,52,35,17.09,46.28,6.6,253.07,Alluvial Soil,Rabi,Ahmedabad,Medium,Wheat
93,41,41,21.08,47.87,6.15,200.59,Alluvial Soil,Rabi,Rajkot,Medium,Wheat
30,24,29,23.12,32.51,6.63,98.1,Loamy Soil,Rabi,Banaskantha,Low,Cumin
85,49,50,19.06,46.87,6.15,202.97,Black Soil,Rabi,Rajkot,Medium,Wheat
40,41,31,30.67,71.73,6.68,677.07,Loamy Soil,Kharif,Rajkot,Medium,Groundnut
91,51,52,19.63,46.71,6.53,196.84,Loamy Soil,Rabi,Rajkot,Medium,Wheat
21,60,32,22.17,41.14,6.2,147.03,Black Soil,Rabi,Ahmedabad,Low,Gram
34,26,27,23.65,32.69,6.7,120.97,Alluvial Soil,Rabi,Jamnagar,Low,Cumin
68,52,42,25.5,64.77,7.27,982.09,Red Soil,Kharif,Mehsana,High,Maize
106,58,51,32.36,61.67,6.5,764.46,Black Soil,Kharif,Vadodara,Medium,Cotton
50,46,26,28.49,73.11,6.2,678.68,Loamy Soil,Kharif,Rajkot,Medium,Groundnut
66,38,36,15.28,53.06,5.98,155.04,Loamy Soil,Rabi,Mehsana,Low,Mustard
44,36,39,19.54,53.55,5.59,153.26,Sandy Soil,Rabi,Jamnagar,Low,Mustard
106,49,40,19.39,45.41,6.47,234.7,Alluvial Soil,Rabi,Mehsana,Medium,Wheat
90,43,47,28.62,69.11,8.0,982.87,Alluvial Soil,Kharif,Anand,High,Maize
50,41,35,29.91,69.06,6.33,707.11,Sandy Soil,Kharif,Amreli,Medium,Groundnut
61,44,44,18.66,56.8,5.82,155.26,Alluvial Soil,Rabi,Mehsana,Low,Mustard
27,43,42,19.3,46.52,6.62,168.85,Clay Soil,Rabi,Rajkot,Low,Gram
90,45,44,27.26,67.15,6.51,987.01,Red Soil,Kharif,Banaskantha,High,Maize
59,33,32,33.08,35.45,6.98,271.5,Loamy Soil,Kharif,Mehsana,Low,Bajra
92,47,43,27.04,68.43,6.65,951.55,Red Soil,Kharif,Banaskantha,High,Maize
60,30,48,19.05,49.46,6.56,207.35,Loamy Soil,Rabi,Jamnagar,Low,Mustard
41,55,34,21.25,39.48,6.85,130.4,Loamy Soil,Rabi,Junagadh,Low,Gram
98,47,46,20.8,47.72,6.99,220.47,Black Soil,Rabi,Banaskantha,Medium,Wheat
70,52,44,24.93,69.87,5.68,710.24,Alluvial Soil,Kharif,Anand,High,Maize
56,36,32,30.34,58.68,6.13,499.36,Alluvial Soil,Kharif,Anand,Low,Castor
46,34,27,30.4,57.56,7.32,542.13,Alluvial Soil,Kharif,Mehsana,Low,Castor
57,24,28,28.59,61.61,6.51,343.83,Alluvial Soil,Kharif,Anand,Low,Castor
88,49,47,20.36,50.97,5.94,184.23,Clay Soil,Rabi,Anand,Medium,Wheat
49,42,31,30.89,76.11,5.66,669.36,Black Soil,Kharif,Junagadh,Medium,Groundnut
100,51,39,31.44,63.86,6.1,789.25,Alluvial Soil,Kharif,Jamnagar,Medium,Cotton
97,42,54,19.68,44.46,6.37,159.88,Clay Soil,Rabi,Rajkot,Medium,Wheat
35,31,38,23.81,35.7,6.41,95.57,Loamy Soil,Rabi,Mehsana,Low,Cumin
41,46,27,21.48,41.53,5.86,124.76,Loamy Soil,Rabi,Vadodara,Low,Gram
21,55,24,21.71,41.12,6.73,179.48,Clay Soil,Rabi,Junagadh,Low,Gram
56,38,32,31.58,42.26,7.13,288.22,Sandy Soil,Kharif,Ahmedabad,Low,Bajra
42,45,28,28.81,70.61,6.45,722.35,Loamy Soil,Kharif,Jamnagar,Medium,Groundnut
52,41,26,32.6,41.65,5.99,296.74,Sandy Soil,Kharif,Jamnagar,Low,Bajra
42,35,27,24.89,43.4,6.13,125.22,Loamy Soil,Rabi,Banaskantha,Low,Cumin
81,39,43,19.47,46.9,5.56,257.39,Alluvial Soil,Rabi,Ahmedabad,Medium,Wheat
99,43,45,33.19,66.92,6.75,803.32,Alluvial Soil,Kharif,Amreli,High,Cotton
33,28,23,22.93,33.04,6.56,96.85,Alluvial Soil,Rabi,Jamnagar,Low,Cumin
75,33,34,32.9,35.73,6.72,276.17,Loamy Soil,Kharif,Kutch,Low,Bajra
79,48,46,27.79,73.36,5.7,903.86,Loamy Soil,Kharif,Anand,High,Maize
49,34,35,21.61,39.16,6.26,114.37,Alluvial Soil,Rabi,Rajkot,Low,Cumin
36,32,20,32.31,51.46,6.0,433.09,Alluvial Soil,Kharif,Bhavnagar,Low,Sesame
41,51,20,24.35,40.2,6.22,197.48,Black Soil,Rabi,Rajkot,Low,Gram
81,49,48,32.21,61.57,7.13,742.26,Black Soil,Kharif,Vadodara,Medium,Cotton
50,39,36,35.6,38.58,6.65,279.62,Sandy Soil,Kharif,Jamnagar,Low,Bajra
37,59,38,20.82,40.93,6.88,161.5,Black Soil,Rabi,Vadodara,Low,Gram
30,43,29,19.69,43.94,5.93,173.69,Black Soil,Rabi,Jamnagar,Low,Gram
55,36,20,31.0,54.84,6.29,437.9,Alluvial Soil,Kharif,Anand,Low,Castor
38,49,28,26.97,69.98,6.54,595.61,Black Soil,Kharif,Rajkot,Medium,Groundnut
58,31,39,34.01,38.66,6.79,314.14,Sandy Soil,Kharif,Jamnagar,Low,Bajra
39,38,23,24.12,39.46,6.32,145.22,Alluvial Soil,Rabi,Rajkot,Low,Cumin
32,26,25,29.2,46.97,5.59,431.03,Sandy Soil,Kharif,Rajkot,Low,Sesame
38,47,32,20.67,40.64,6.76,174.06,Clay Soil,Rabi,Junagadh,Low,Gram
39,36,28,23.74,36.73,6.32,129.05,Loamy Soil,Rabi,Mehsana,Low,Cumin
111,48,47,32.07,63.33,5.81,821.53,Alluvial Soil,Kharif,Bhavnagar,High,Cotton
26,20,25,28.86,53.24,6.29,445.27,Loamy Soil,Kharif,Amreli,Low,Sesame
29,33,25,31.32,51.28,6.05,345.29,Loamy Soil,Kharif,Rajkot,Low,Sesame
74,52,41,26.88,67.96,6.75,879.94,Red Soil,Kharif,Vadodara,High,Maize
56,30,36,35.45,39.36,6.06,281.1,Loamy Soil,Kharif,Ahmedabad,Low,Bajra
97,52,39,31.6,64.83,7.81,725.87,Alluvial Soil,Kharif,Vadodara,High,Cotton
61,33,31,31.34,46.91,7.71,242.48,Sandy Soil,Kharif,Ahmedabad,Low,Bajra
37,40,29,20.92,41.94,6.54,209.78,Loamy Soil,Rabi,Vadodara,Low,Gram
65,39,35,33.76,50.0,6.56,192.77,Loamy Soil,Kharif,Mehsana,Low,Bajra
61,31,36,21.48,53.29,6.59,156.02,Alluvial Soil,Rabi,Jamnagar,Low,Mustard
91,44,59,18.5,45.81,6.85,180.16,Alluvial Soil,Rabi,Anand,Medium,Wheat
44,40,32,28.92,67.34,7.56,635.84,Sandy Soil,Kharif,Junagadh,Medium,Groundnut
45,41,30,27.62,55.82,7.33,420.1,Alluvial Soil,Kharif,Banaskantha,Low,Castor
39,35,25,30.6,57.39,5.95,480.17,Alluvial Soil,Kharif,Rajkot,Low,Castor
72,38,34,18.61,50.56,6.26,135.56,Alluvial Soil,Rabi,Jamnagar,Low,Mustard
28,30,23,29.68,51.28,6.91,415.19,Alluvial Soil,Kharif,Bhavnagar,Low,Sesame
42,54,32,28.8,70.06,6.88,623.68,Loamy Soil,Kharif,Jamnagar,Medium,Groundnut
105,54,49,32.11,64.87,7.69,878.95,Alluvial Soil,Kharif,Surat,Medium,Cotton
43,38,29,30.64,53.04,6.88,431.46,Loamy Soil,Kharif,Banaskantha,Low,Castor
47,39,30,30.15,59.42,7.07,489.42,Sandy Soil,Kharif,Kutch,Low,Castor
50,30,25,32.29,61.94,6.66,421.67,Loamy Soil,Kharif,Anand,Low,Castor
108,54,50,29.89,65.17,6.74,848.6,Alluvial Soil,Kharif,Bhavnagar,Medium,Cotton
88,45,47,28.98,72.02,6.53,700.63,Alluvial Soil,Kharif,Ahmedabad,High,Maize
105,60,50,30.6,69.54,7.32,1000.0,Alluvial Soil,Kharif,Bhavnagar,Medium,Cotton
41,20,23,29.72,51.08,6.93,390.7,Loamy Soil,Kharif,Junagadh,Low,Sesame
95,52,42,17.97,44.66,6.07,206.75,Clay Soil,Rabi,Ahmedabad,Medium,Wheat
26,38,21,24.87,34.2,6.42,87.72,Alluvial Soil,Rabi,Kutch,Low,Cumin
34,46,30,27.07,72.31,6.67,578.18,Loamy Soil,Kharif,Bhavnagar,Medium,Groundnut
117,40,57,32.28,64.68,6.23,826.61,Alluvial Soil,Kharif,Amreli,High,Cotton
75,59,39,28.02,70.54,5.11,1019.5,Red Soil,Kharif,Ahmedabad,High,Maize
34,35,28,18.14,29.16,6.25,136.23,Alluvial Soil,Rabi,Rajkot,Low,Cumin
107,52,45,32.03,66.82,5.91,874.29,Black Soil,Kharif,Junagadh,Medium,Cotton
99,45,43,32.06,62.13,6.31,867.09,Black Soil,Kharif,Bhavnagar,High,Cotton
52,40,31,19.8,53.41,5.93,215.57,Alluvial Soil,Rabi,Ahmedabad,Low,Mustard
32,43,36,19.94,40.66,6.02,160.47,Loamy Soil,Rabi,Rajkot,Low,Gram
46,45,28,30.12,70.62,5.42,672.92,Loamy Soil,Kharif,Jamnagar,Medium,Groundnut
35,33,31,24.1,35.87,6.27,94.97,Alluvial Soil,Rabi,Rajkot,Low,Cumin
28,43,40,21.9,42.59,6.32,148.53,Clay Soil,Rabi,Jamnagar,Low,Gram
26,42,28,21.83,42.71,6.42,183.97,Clay Soil,Rabi,Ahmedabad,Low,Gram
34,46,30,17.16,41.48,6.89,205.58,Clay Soil,Rabi,Vadodara,Low,Gram
35,41,32,27.68,71.82,7.17,726.9,Sandy Soil,Kharif,Bhavnagar,Medium,Groundnut
89,53,49,27.87,70.92,6.28,855.88,Alluvial Soil,Kharif,Ahmedabad,High,Maize
111,53,53,33.47,63.12,6.09,805.21,Alluvial Soil,Kharif,Jamnagar,Medium,Cotton
94,42,42,18.91,43.75,6.52,226.12,Alluvial Soil,Rabi,Rajkot,Medium,Wheat
97,52,38,32.69,66.91,6.47,874.96,Alluvial Soil,Kharif,Junagadh,High,Cotton
46,27,25,29.02,59.56,7.08,519.87,Alluvial Soil,Kharif,Anand,Low,Castor
32,59,29,26.14,39.06,6.87,159.45,Clay Soil,Rabi,Vadodara,Low,Gram
41,38,32,28.51,72.11,6.86,654.95,Loamy Soil,Kharif,Junagadh,Medium,Groundnut
56,33,31,25.87,58.7,5.85,396.35,Sandy Soil,Kharif,Mehsana,Low,Castor
63,44,32,20.47,51.4,6.87,164.49,Alluvial Soil,Rabi,Mehsana,Low,Mustard
39,53,39,21.05,38.1,6.08,141.32,Clay Soil,Rabi,Vadodara,Low,Gram
46,34,38,33.9,37.41,6.56,272.14,Sandy Soil,Kharif,Jamnagar,Low,Bajra
44,37,35,20.05,51.06,6.22,194.2,Loamy Soil,Rabi,Ahmedabad,Low,Mustard
89,42,41,16.91,49.55,5.33,199.81,Alluvial Soil,Rabi,Mehsana,Medium,Wheat
97,52,39,31.27,65.37,5.92,825.05,Alluvial Soil,Kharif,Rajkot,Medium,Cotton
92,44,35,17.89,49.49,7.47,212.24,Loamy Soil,Rabi,Anand,Medium,Wheat
49,40,28,31.11,37.11,6.88,322.42,Sandy Soil,Kharif,Kutch,Low,Bajra
90,55,52,32.23,68.84,5.89,831.2,Alluvial Soil,Kharif,Amreli,High,Cotton
63,41,38,20.07,53.12,5.2,198.23,Sandy Soil,Rabi,Banaskantha,Low,Mustard
46,30,25,28.54,59.03,6.13,475.32,Alluvial Soil,Kharif,Mehsana,Low,Castor
93,53,37,31.27,61.36,6.57,866.3,Black Soil,Kharif,Vadodara,Medium,Cotton
108,46,50,32.67,68.53,7.88,826.16,Alluvial Soil,Kharif,Bhavnagar,High,Cotton
91,38,46,16.53,49.23,6.86,245.31,Alluvial Soil,Rabi,Banaskantha,Medium,Wheat
106,58,52,32.34,64.23,6.21,898.07,Alluvial Soil,Kharif,Jamnagar,High,Cotton
40,43,34,20.89,44.98,5.48,203.37,Clay Soil,Rabi,Ahmedabad,Low,Gram
34,55,39,23.64,42.8,6.25,184.89,Black Soil,Rabi,Ahmedabad,Low,Gram
38,28,22,30.34,50.46,6.22,371.23,Alluvial Soil,Kharif,Amreli,Low,Sesame
36,43,36,28.25,74.02,6.38,632.9,Black Soil,Kharif,Jamnagar,Medium,Groundnut
60,37,19,32.31,60.49,7.28,483.41,Sandy Soil,Kharif,Rajkot,Low,Castor
38,30,34,22.92,34.66,7.3,104.27,Loamy Soil,Rabi,Rajkot,Low,Cumin
105,46,46,21.01,46.08,6.98,187.44,Loamy Soil,Rabi,Mehsana,Medium,Wheat
89,46,43,20.08,49.55,7.0,256.2,Clay Soil,Rabi,Rajkot,Medium,Wheat
53,39,41,19.89,52.73,6.31,157.9,Alluvial Soil,Rabi,Jamnagar,Low,Mustard
68,40,34,20.33,49.93,5.87,118.96,Alluvial Soil,Rabi,Banaskantha,Low,Mustard
70,40,41,18.34,48.93,6.76,175.24,Alluvial Soil,Rabi,Jamnagar,Low,Mustard
36,32,31,25.37,32.74,6.89,101.48,Sandy Soil,Rabi,Jamnagar,Low,Cumin
39,28,28,20.69,36.47,7.41,72.54,Sandy Soil,Rabi,Mehsana,Low,Cumin
49,45,33,29.08,70.69,6.53,656.28,Sandy Soil,Kharif,Junagadh,Medium,Groundnut
108,50,30,31.5,61.54,5.68,717.5,Black Soil,Kharif,Bhavnagar,High,Cotton
52,42,32,20.16,54.71,6.42,180.44,Alluvial Soil,Rabi,Jamnagar,Low,Mustard
33,29,28,27.96,51.2,6.1,447.21,Sandy Soil,Kharif,Amreli,Low,Sesame
89,43,43,31.94,65.81,6.38,823.47,Alluvial Soil,Kharif,Rajkot,Medium,Cotton
36,49,35,27.75,69.61,6.76,599.1,Sandy Soil,Kharif,Junagadh,Medium,Groundnut
100,50,43,27.54,69.53,6.92,915.8,Loamy Soil,Kharif,Ahmedabad,High,Maize
99,46,48,20.04,44.41,6.06,189.29,Alluvial Soil,Rabi,Rajkot,Medium,Wheat
36,53,33,22.47,45.55,6.41,172.36,Clay Soil,Rabi,Ahmedabad,Low,Gram
37,35,30,24.5,37.59,7.06,118.63,Loamy Soil,Rabi,Kutch,Low,Cumin
50,46,32,20.18,50.96,7.34,164.12,Sandy Soil,Rabi,Ahmedabad,Low,Mustard
50,34,36,32.95,36.91,6.58,266.08,Sandy Soil,Kharif,Jamnagar,Low,Bajra
51,36,23,31.22,57.55,6.34,343.3,Loamy Soil,Kharif,Anand,Low,Castor
49,38,26,29.92,56.54,6.24,461.02,Sandy Soil,Kharif,Banaskantha,Low,Castor
56,29,22,33.8,38.22,5.87,309.5,Loamy Soil,Kharif,Banaskantha,Low,Bajra
62,51,31,16.73,55.44,7.43,147.0,Alluvial Soil,Rabi,Jamnagar,Low,Mustard
62,33,45,19.12,53.96,6.03,132.81,Loamy Soil,Rabi,Ahmedabad,Low,Mustard
50,39,24,26.67,53.96,6.7,498.21,Alluvial Soil,Kharif,Kutch,Low,Castor
93,55,50,33.43,61.0,5.34,857.2,Alluvial Soil,Kharif,Rajkot,High,Cotton
65,45,31,33.25,38.8,6.53,260.08,Loamy Soil,Kharif,Kutch,Low,Bajra
52,34,31,34.7,39.25,6.56,254.02,Sandy Soil,Kharif,Banaskantha,Low,Bajra
58,35,34,33.33,36.78,6.09,242.34,Sandy Soil,Kharif,Jamnagar,Low,Bajra
93,49,35,28.7,64.08,5.73,888.11,Alluvial Soil,Kharif,Ahmedabad,High,Maize
35,29,30,20.05,37.76,6.59,122.67,Alluvial Soil,Rabi,Jamnagar,Low,Cumin
96,62,48,32.66,67.22,6.71,855.93,Black Soil,Kharif,Surat,High,Cotton
60,26,39,33.45,36.3,6.16,260.96,Loamy Soil,Kharif,Kutch,Low,Bajra
76,47,42,27.41,68.34,6.89,939.36,Alluvial Soil,Kharif,Anand,High,Maize
39,31,28,19.62,42.23,6.66,137.03,Sandy Soil,Rabi,Banaskantha,Low,Cumin
41,30,30,29.02,71.52,6.27,597.93,Sandy Soil,Kharif,Jamnagar,Medium,Groundnut
36,28,26,30.28,51.16,6.75,380.49,Alluvial Soil,Kharif,Amreli,Low,Sesame
84,50,45,25.46,71.23,6.63,887.68,Red Soil,Kharif,Mehsana,High,Maize
35,19,23,30.21,57.05,5.9,395.09,Alluvial Soil,Kharif,Kutch,Low,Sesame
41,52,30,22.37,45.8,6.65,156.7,Clay Soil,Rabi,Ahmedabad,Low,Gram
97,52,53,33.7,64.63,6.31,796.27,Alluvial Soil,Kharif,Bhavnagar,High,Cotton
94,53,53,32.67,62.07,6.87,757.49,Alluvial Soil,Kharif,Amreli,Medium,Cotton
36,26,27,29.41,45.1,5.79,374.62,Sandy Soil,Kharif,Rajkot,Low,Sesame
41,53,29,21.09,38.26,7.0,204.86,Black Soil,Rabi,Ahmedabad,Low,Gram
91,51,41,26.5,77.75,7.27,933.03,Red Soil,Kharif,Banaskantha,High,Maize
29,31,23,25.45,48.69,6.44,412.93,Loamy Soil,Kharif,Bhavnagar,Low,Sesame
47,36,29,30.33,50.52,6.59,542.7,Alluvial Soil,Kharif,Rajkot,Low,Castor
30,32,27,23.52,33.21,5.75,90.73,Sandy Soil,Rabi,Kutch,Low,Cumin
31,28,26,28.42,45.23,5.8,442.63,Sandy Soil,Kharif,Kutch,Low,Sesame
56,38,33,36.22,39.03,5.37,282.78,Sandy Soil,Kharif,Banaskantha,Low,Bajra
30,37,29,21.03,43.2,6.59,193.83,Clay Soil,Rabi,Ahmedabad,Low,Gram
34,53,40,22.82,43.78,6.57,181.39,Loamy Soil,Rabi,Jamnagar,Low,Gram
37,47,31,25.77,71.32,5.96,663.36,Black Soil,Kharif,Amreli,Medium,Groundnut
103,41,49,21.38,45.67,6.06,190.8,Loamy Soil,Rabi,Anand,Medium,Wheat
31,50,33,22.13,41.5,6.85,146.65,Clay Soil,Rabi,Vadodara,Low,Gram
102,54,39,21.41,43.98,5.98,173.22,Loamy Soil,Rabi,Banaskantha,Medium,Wheat
61,26,27,34.95,42.45,6.64,196.55,Loamy Soil,Kharif,Ahmedabad,Low,Bajra
28,46,43,18.62,43.94,6.73,156.42,Loamy Soil,Rabi,Rajkot,Low,Gram
34,33,27,22.95,33.42,6.17,121.85,Loamy Soil,Rabi,Rajkot,Low,Cumin
47,34,24,28.11,59.78,6.91,482.24,Sandy Soil,Kharif,Rajkot,Low,Castor
34,58,37,21.65,44.02,6.38,173.93,Black Soil,Rabi,Jamnagar,Low,Gram
32,56,39,22.54,38.35,6.65,167.23,Loamy Soil,Rabi,Vadodara,Low,Gram
60,36,34,32.8,39.51,6.9,315.92,Sandy Soil,Kharif,Mehsana,Low,Bajra
37,26,23,31.67,45.94,5.81,358.65,Loamy Soil,Kharif,Rajkot,Low,Sesame
42,34,26,23.05,38.46,7.06,96.75,Sandy Soil,Rabi,Mehsana,Low,Cumin
74,40,48,18.48,50.51,7.67,221.88,Clay Soil,Rabi,Banaskantha,Medium,Wheat
29,19,19,32.8,48.67,5.61,413.96,Sandy Soil,Kharif,Amreli,Low,Sesame
30,22,25,33.34,51.87,7.68,394.51,Loamy Soil,Kharif,Rajkot,Low,Sesame
103,45,47,21.52,45.94,6.34,200.53,Clay Soil,Rabi,Rajkot,Medium,Wheat
68,36,33,32.26,34.33,6.46,319.45,Sandy Soil,Kharif,Kutch,Low,Bajra
55,43,26,29.14,54.95,6.71,393.56,Sandy Soil,Kharif,Kutch,Low,Castor
81,45,44,18.75,48.0,7.02,213.14,Clay Soil,Rabi,Rajkot,Medium,Wheat
110,49,55,32.26,71.92,6.16,915.73,Alluvial Soil,Kharif,Jamnagar,High,Cotton
51,40,45,32.25,41.14,6.43,359.62,Sandy Soil,Kharif,Banaskantha,Low,Bajra
36,65,43,20.44,38.0,6.53,202.08,Clay Soil,Rabi,Rajkot,Low,Gram
39,25,29,30.98,46.4,5.77,410.2,Loamy Soil,Kharif,Kutch,Low,Sesame
49,32,40,33.4,41.37,5.67,229.07,Sandy Soil,Kharif,Kutch,Low,Bajra
28,56,35,24.42,40.75,5.97,143.23,Loamy Soil,Rabi,Jamnagar,Low,Gram
35,32,25,19.95,37.6,7.5,118.02,Alluvial Soil,Rabi,Rajkot,Low,Cumin
32,32,21,32.47,55.22,5.99,430.69,Loamy Soil,Kharif,Kutch,Low,Sesame
35,30,21,31.39,48.25,7.53,349.56,Alluvial Soil,Kharif,Kutch,Low,Sesame
58,43,40,16.53,50.11,5.66,140.26,Alluvial Soil,Rabi,Ahmedabad,Low,Mustard
35,23,21,29.22,49.46,6.78,378.57,Loamy Soil,Kharif,Rajkot,Low,Sesame
63,44,43,20.23,50.29,6.4,103.7,Loamy Soil,Rabi,Kutch,Low,Mustard
72,55,42,26.83,68.0,6.1,921.15,Red Soil,Kharif,Banaskantha,High,Maize
32,38,33,23.48,33.22,5.74,123.2,Sandy Soil,Rabi,Jamnagar,Low,Cumin
78,52,41,28.55,69.62,6.07,797.61,Red Soil,Kharif,Banaskantha,High,Maize
48,44,37,27.36,73.17,6.6,647.75,Sandy Soil,Kharif,Junagadh,Medium,Groundnut
57,34,32,36.06,40.98,6.82,246.14,Sandy Soil,Kharif,Ahmedabad,Low,Bajra
45,36,24,28.63,57.97,4.89,428.51,Alluvial Soil,Kharif,Rajkot,Low,Castor
58,31,28,28.86,58.65,6.81,380.05,Loamy Soil,Kharif,Anand,Low,Castor
42,43,32,31.75,42.28,6.89,219.47,Sandy Soil,Kharif,Ahmedabad,Low,Bajra
43,48,30,28.67,71.68,6.86,658.48,Loamy Soil,Kharif,Bhavnagar,Medium,Groundnut
44,50,34,30.53,76.59,6.72,608.07,Black Soil,Kharif,Amreli,Medium,Groundnut
59,44,32,19.06,51.82,6.73,162.04,Loamy Soil,Rabi,Kutch,Low,Mustard
66,37,30,19.9,51.37,7.3,125.3,Sandy Soil,Rabi,Mehsana,Low,Mustard
33,24,25,31.66,48.8,6.63,368.83,Alluvial Soil,Kharif,Amreli,Low,Sesame
52,33,26,32.65,42.58,6.06,278.87,Sandy Soil,Kharif,Mehsana,Low,Bajra
38,32,24,32.09,47.7,6.2,468.97,Loamy Soil,Kharif,Bhavnagar,Low,Sesame
47,40,27,32.07,57.26,6.8,498.94,Sandy Soil,Kharif,Mehsana,Low,Castor
104,51,51,34.03,64.22,6.38,905.28,Black Soil,Kharif,Rajkot,High,Cotton
39,42,33,30.11,73.1,7.58,605.1,Sandy Soil,Kharif,Bhavnagar,Medium,Groundnut
83,45,48,30.81,66.71,6.52,668.77,Alluvial Soil,Kharif,Rajkot,High,Cotton
106,49,49,32.39,64.22,6.11,753.96,Alluvial Soil,Kharif,Jamnagar,High,Cotton
58,35,25,17.31,54.02,6.74,157.85,Alluvial Soil,Rabi,Mehsana,Low,Mustard
34,25,25,27.61,48.22,6.84,498.19,Alluvial Soil,Kharif,Amreli,Low,Sesame
75,40,47,18.08,51.53,7.09,244.45,Alluvial Soil,Rabi,Anand,Medium,Wheat
97,48,40,28.16,67.71,6.64,902.79,Loamy Soil,Kharif,Mehsana,High,Maize
104,53,49,32.3,69.26,6.02,754.87,Black Soil,Kharif,Rajkot,High,Cotton
83,58,38,26.03,66.05,6.81,980.21,Red Soil,Kharif,Vadodara,High,Maize
37,26,31,23.66,35.39,6.69,117.71,Sandy Soil,Rabi,Rajkot,Low,Cumin
34,27,25,32.78,52.68,6.46,344.13,Loamy Soil,Kharif,Amreli,Low,Sesame
37,26,24,21.38,36.91,6.27,124.2,Loamy Soil,Rabi,Banaskantha,Low,Cumin
72,42,37,18.7,51.54,6.37,193.31,Loamy Soil,Rabi,Mehsana,Low,Mustard
88,40,55,20.29,45.14,5.91,241.77,Alluvial Soil,Rabi,Rajkot,Medium,Wheat
101,49,48,33.43,61.58,6.57,753.33,Black Soil,Kharif,Amreli,Medium,Cotton
95,50,43,25.06,74.4,6.01,956.32,Red Soil,Kharif,Banaskantha,High,Maize
45,52,20,28.58,68.93,6.75,656.4,Black Soil,Kharif,Rajkot,Medium,Groundnut
57,40,28,18.69,56.76,6.83,199.88,Loamy Soil,Rabi,Banaskantha,Low,Mustard
47,28,34,33.16,39.52,6.17,290.42,Loamy Soil,Kharif,Mehsana,Low,Bajra
53,31,30,35.79,33.6,5.0,312.26,Sandy Soil,Kharif,Jamnagar,Low,Bajra
42,33,23,28.58,54.82,6.2,581.46,Alluvial Soil,Kharif,Kutch,Low,Castor
46,43,31,27.82,70.55,6.28,636.49,Black Soil,Kharif,Junagadh,Medium,Groundnut
57,30,32,32.38,37.06,6.12,246.88,Loamy Soil,Kharif,Kutch,Low,Bajra
111,58,52,31.39,61.4,6.19,813.08,Alluvial Soil,Kharif,Jamnagar,High,Cotton
33,57,36,19.9,43.86,6.71,172.32,Black Soil,Rabi,Jamnagar,Low,Gram
52,40,22,33.23,32.16,6.62,306.76,Loamy Soil,Kharif,Banaskantha,Low,Bajra
84,37,49,31.87,63.28,6.62,795.97,Alluvial Soil,Kharif,Junagadh,High,Cotton
27,51,40,19.72,44.57,6.61,163.64,Loamy Soil,Rabi,Junagadh,Low,Gram
93,42,37,27.46,77.81,7.12,883.46,Loamy Soil,Kharif,Anand,High,Maize
77,59,41,28.29,62.92,6.0,809.7,Red Soil,Kharif,Ahmedabad,High,Maize
84,51,38,29.81,69.45,6.54,872.88,Loamy Soil,Kharif,Vadodara,High,Maize
54,39,22,26.22,51.53,6.45,500.49,Alluvial Soil,Kharif,Anand,Low,Castor
106,47,41,20.83,46.37,6.12,128.53,Black Soil,Rabi,Anand,Medium,Wheat
99,41,44,18.02,46.97,6.84,204.49,Alluvial Soil,Rabi,Anand,Medium,Wheat
32,33,29,19.0,33.9,6.32,165.29,Loamy Soil,Rabi,Jamnagar,Low,Cumin
76,59,44,27.87,64.46,6.9,933.76,Alluvial Soil,Kharif,Mehsana,High,Maize
34,22,28,30.86,47.12,6.4,370.44,Sandy Soil,Kharif,Amreli,Low,Sesame
29,23,26,32.47,53.47,7.23,426.13,Sandy Soil,Kharif,Rajkot,Low,Sesame
99,49,30,20.46,47.57,5.84,229.34,Loamy Soil,Rabi,Ahmedabad,Medium,Wheat
60,38,27,31.74,58.87,6.17,498.15,Loamy Soil,Kharif,Mehsana,Low,Castor
35,29,33,29.22,50.66,7.26,378.41,Alluvial Soil,Kharif,Rajkot,Low,Castor
45,41,31,29.05,75.43,6.24,747.98,Sandy Soil,Kharif,Junagadh,Medium,Groundnut
93,60,46,32.38,65.87,6.43,854.05,Black Soil,Kharif,Amreli,Medium,Cotton
58,29,22,29.11,55.33,6.52,512.01,Alluvial Soil,Kharif,Mehsana,Low,Castor
41,49,26,22.41,39.73,6.0,198.99,Clay Soil,Rabi,Ahmedabad,Low,Gram
88,50,44,26.55,69.08,5.61,959.56,Loamy Soil,Kharif,Ahmedabad,High,Maize
102,55,37,31.28,64.15,6.63,879.55,Alluvial Soil,Kharif,Jamnagar,Medium,Cotton
26,37,26,20.66,34.11,7.15,104.55,Loamy Soil,Rabi,Rajkot,Low,Cumin
32,47,34,23.77,45.51,6.39,202.47,Loamy Soil,Rabi,Rajkot,Low,Gram
76,50,42,24.3,67.29,7.6,915.89,Alluvial Soil,Kharif,Ahmedabad,High,Maize
48,30,34,34.39,41.84,6.9,337.47,Loamy Soil,Kharif,Jamnagar,Low,Bajra
51,31,21,34.71,42.6,6.57,271.4,Sandy Soil,Kharif,Ahmedabad,Low,Bajra
108,49,44,32.35,63.54,6.47,939.98,Black Soil,Kharif,Jamnagar,High,Cotton
39,54,31,19.7,40.81,6.64,166.89,Clay Soil,Rabi,Vadodara,Low,Gram
45,50,27,29.45,75.11,6.03,729.93,Loamy Soil,Kharif,Jamnagar,Medium,Groundnut
107,52,40,21.2,48.48,6.17,192.94,Black Soil,Rabi,Banaskantha,Medium,Wheat
34,21,27,29.03,50.91,6.85,373.01,Loamy Soil,Kharif,Amreli,Low,Sesame
42,28,23,28.49,51.8,5.94,411.9,Loamy Soil,Kharif,Kutch,Low,Sesame
40,40,35,30.24,73.36,7.46,573.72,Sandy Soil,Kharif,Rajkot,Medium,Groundnut
37,46,32,19.49,43.27,6.41,182.82,Clay Soil,Rabi,Jamnagar,Low,Gram
31,35,27,22.71,33.15,6.01,109.59,Loamy Soil,Rabi,Banaskantha,Low,Cumin
54,31,31,30.3,72.8,6.88,654.99,Sandy Soil,Kharif,Junagadh,Medium,Groundnut
82,44,51,32.23,64.39,6.51,823.17,Alluvial Soil,Kharif,Amreli,High,Cotton
41,38,15,28.8,50.53,6.57,340.54,Sandy Soil,Kharif,Anand,Low,Castor
34,43,35,28.73,70.74,6.08,682.84,Sandy Soil,Kharif,Junagadh,Medium,Groundnut
34,46,27,27.0,74.16,7.8,673.88,Black Soil,Kharif,Jamnagar,Medium,Groundnut
49,41,22,30.38,54.07,6.39,526.97,Sandy Soil,Kharif,Rajkot,Low,Castor
46,49,35,27.16,70.73,5.85,654.19,Sandy Soil,Kharif,Jamnagar,Medium,Groundnut
26,26,24,21.85,32.42,6.4,105.32,Alluvial Soil,Rabi,Kutch,Low,Cumin
45,42,37,28.51,66.64,6.65,629.7,Sandy Soil,Kharif,Amreli,Medium,Groundnut
39,46,20,26.92,71.52,7.25,596.0,Sandy Soil,Kharif,Rajkot,Medium,Groundnut
59,38,37,19.52,53.14,7.5,172.01,Sandy Soil,Rabi,Mehsana,Low,Mustard
32,41,43,21.99,40.22,5.97,144.82,Black Soil,Rabi,Junagadh,Low,Gram
45,44,34,19.62,40.98,6.64,193.24,Clay Soil,Rabi,Jamnagar,Low,Gram
36,36,31,23.34,31.3,7.79,113.15,Loamy Soil,Rabi,Banaskantha,Low,Cumin
45,35,35,20.4,56.32,6.18,231.25,Loamy Soil,Rabi,Ahmedabad,Low,Mustard
23,47,33,17.74,42.19,6.32,164.03,Clay Soil,Rabi,Jamnagar,Low,Gram
39,47,31,21.13,42.7,6.06,185.49,Clay Soil,Rabi,Rajkot,Low,Gram
40,44,36,26.25,66.79,6.39,673.43,Loamy Soil,Kharif,Rajkot,Medium,Groundnut
62,23,36,37.95,37.93,6.13,328.6,Loamy Soil,Kharif,Banaskantha,Low,Bajra
86,50,43,25.6,69.76,5.47,909.67,Loamy Soil,Kharif,Ahmedabad,High,Maize
77,54,41,27.51,74.56,5.76,851.69,Red Soil,Kharif,Ahmedabad,High,Maize
35,35,30,26.48,73.08,6.17,705.58,Loamy Soil,Kharif,Bhavnagar,Medium,Groundnut
91,50,49,33.3,63.4,6.41,726.24,Black Soil,Kharif,Surat,High,Cotton
47,43,33,17.3,53.89,5.52,140.7,Alluvial Soil,Rabi,Banaskantha,Low,Mustard
67,38,32,18.53,51.87,6.0,212.53,Loamy Soil,Rabi,Mehsana,Low,Mustard
58,36,26,32.39,42.83,5.52,287.19,Sandy Soil,Kharif,Banaskantha,Low,Bajra
44,57,34,24.14,41.67,6.27,160.14,Loamy Soil,Rabi,Ahmedabad,Low,Gram
66,38,44,18.73,48.45,6.54,186.66,Sandy Soil,Rabi,Jamnagar,Low,Mustard
112,50,41,32.46,65.29,6.68,812.77,Alluvial Soil,Kharif,Rajkot,Medium,Cotton
45,27,30,30.41,51.11,6.47,392.57,Loamy Soil,Kharif,Amreli,Low,Sesame
39,41,32,24.89,73.57,6.44,633.19,Black Soil,Kharif,Junagadh,Medium,Groundnut
49,47,37,24.27,44.63,5.09,183.35,Black Soil,Rabi,Rajkot,Low,Gram
55,36,27,36.64,36.58,5.87,268.06,Loamy Soil,Kharif,Kutch,Low,Bajra
35,43,36,25.45,76.94,6.74,647.88,Black Soil,Kharif,Amreli,Medium,Groundnut
30,35,21,21.75,41.81,7.59,85.51,Alluvial Soil,Rabi,Kutch,Low,Cumin
27,25,25,28.03,52.83,7.19,436.12,Alluvial Soil,Kharif,Junagadh,Low,Sesame
98,52,46,19.43,50.36,6.85,274.83,Loamy Soil,Rabi,Rajkot,Medium,Wheat
46,35,27,31.09,57.57,6.92,382.79,Sandy Soil,Kharif,Kutch,Low,Castor
92,52,40,24.66,68.7,7.06,908.66,Loamy Soil,Kharif,Banaskantha,High,Maize
36,43,29,23.51,47.32,7.52,166.34,Loamy Soil,Rabi,Junagadh,Low,Gram
41,35,31,28.59,71.2,5.97,692.31,Sandy Soil,Kharif,Bhavnagar,Medium,Groundnut
70,43,27,16.77,51.01,6.54,189.84,Loamy Soil,Rabi,Banaskantha,Low,Mustard
37,31,19,30.34,47.12,7.37,418.75,Sandy Soil,Kharif,Bhavnagar,Low,Sesame
39,25,34,22.44,32.34,6.23,96.26,Sandy Soil,Rabi,Banaskantha,Low,Cumin
34,42,32,21.48,47.15,6.42,181.83,Black Soil,Rabi,Junagadh,Low,Gram
61,31,30,33.23,42.28,5.96,339.58,Sandy Soil,Kharif,Ahmedabad,Low,Bajra
33,31,23,31.22,43.33,6.64,384.64,Sandy Soil,Kharif,Amreli,Low,Sesame
51,46,35,17.61,48.87,7.24,140.71,Alluvial Soil,Rabi,Banaskantha,Low,Mustard
48,36,26,28.54,53.64,5.9,469.37,Alluvial Soil,Kharif,Rajkot,Low,Castor
38,50,33,28.95,75.08,6.69,601.49,Sandy Soil,Kharif,Amreli,Medium,Groundnut
33,34,24,21.64,37.43,7.82,126.71,Alluvial Soil,Rabi,Mehsana,Low,Cumin
32,52,40,21.77,43.38,6.21,189.66,Black Soil,Rabi,Junagadh,Low,Gram
105,58,49,28.68,63.34,7.1,746.16,Black Soil,Kharif,Amreli,High,Cotton
38,27,33,25.09,30.4,6.73,103.15,Loamy Soil,Rabi,Kutch,Low,Cumin
121,58,38,31.35,69.22,6.15,829.59,Alluvial Soil,Kharif,Rajkot,Medium,Cotton
28,34,30,24.55,33.96,7.19,94.9,Alluvial Soil,Rabi,Mehsana,Low,Cumin
38,27,34,21.8,36.16,6.68,112.97,Alluvial Soil,Rabi,Mehsana,Low,Cumin
54,35,23,32.38,45.14,5.9,344.44,Sandy Soil,Kharif,Ahmedabad,Low,Bajra
67,36,29,18.43,53.37,6.4,80.0,Sandy Soil,Rabi,Jamnagar,Low,Mustard
33,20,25,21.55,32.15,8.06,84.91,Loamy Soil,Rabi,Banaskantha,Low,Cumin
32,22,20,31.09,48.81,6.59,371.01,Loamy Soil,Kharif,Amreli,Low,Sesame
35,48,30,25.26,40.95,6.08,203.68,Clay Soil,Rabi,Ahmedabad,Low,Gram
55,41,34,19.29,48.62,6.41,100.96,Loamy Soil,Rabi,Kutch,Low,Mustard
62,33,31,29.76,61.0,5.68,453.25,Loamy Soil,Kharif,Rajkot,Low,Castor
93,53,51,29.85,66.0,6.97,772.33,Black Soil,Kharif,Bhavnagar,High,Cotton
34,26,28,30.41,58.21,6.47,450.72,Alluvial Soil,Kharif,Rajkot,Low,Sesame
48,43,28,35.74,42.3,6.35,350.42,Sandy Soil,Kharif,Banaskantha,Low,Bajra
30,34,26,21.55,34.08,6.17,129.27,Alluvial Soil,Rabi,Mehsana,Low,Cumin
50,31,36,32.01,42.07,6.65,282.63,Loamy Soil,Kharif,Banaskantha,Low,Bajra
86,49,47,27.81,67.55,7.0,886.1,Alluvial Soil,Kharif,Ahmedabad,High,Maize
53,35,33,32.95,39.36,5.91,255.09,Sandy Soil,Kharif,Banaskantha,Low,Bajra
30,19,16,30.39,45.6,6.42,464.25,Alluvial Soil,Kharif,Junagadh,Low,Sesame
41,39,28,20.87,33.97,5.59,108.63,Alluvial Soil,Rabi,Mehsana,Low,Cumin
35,44,38,28.66,69.8,5.99,620.03,Black Soil,Kharif,Amreli,Medium,Groundnut
32,32,24,30.22,51.37,7.2,402.79,Sandy Soil,Kharif,Bhavnagar,Low,Sesame
44,35,31,32.17,45.95,6.38,286.94,Loamy Soil,Kharif,Jamnagar,Low,Bajra
91,52,48,17.64,46.07,7.13,204.73,Clay Soil,Rabi,Mehsana,Medium,Wheat
52,40,36,27.89,72.18,5.73,635.76,Loamy Soil,Kharif,Junagadh,Medium,Groundnut
87,38,44,20.59,47.13,6.11,192.55,Clay Soil,Rabi,Banaskantha,Medium,Wheat
91,52,39,25.92,72.65,6.91,888.53,Alluvial Soil,Kharif,Banaskantha,High,Maize
39,54,39,19.73,43.78,5.81,224.86,Loamy Soil,Rabi,Vadodara,Low,Gram
58,30,24,28.83,54.49,6.19,441.27,Loamy Soil,Kharif,Anand,Low,Castor
106,59,58,33.12,68.88,6.21,722.91,Alluvial Soil,Kharif,Amreli,High,Cotton
106,52,42,32.1,62.74,6.99,790.2,Black Soil,Kharif,Bhavnagar,Medium,Cotton
60,51,39,18.74,47.07,6.7,221.31,Alluvial Soil,Rabi,Ahmedabad,Medium,Wheat
34,53,26,28.96,72.25,7.45,667.04,Loamy Soil,Kharif,Amreli,Medium,Groundnut
91,47,42,21.45,46.5,5.52,186.96,Black Soil,Rabi,Anand,Medium,Wheat
55,32,27,29.38,54.19,7.13,382.43,Alluvial Soil,Kharif,Mehsana,Low,Castor
76,44,44,26.84,73.12,6.29,861.25,Alluvial Soil,Kharif,Ahmedabad,High,Maize
89,49,42,26.86,65.68,6.58,861.09,Alluvial Soil,Kharif,Ahmedabad,High,Maize
38,47,34,23.47,41.17,6.04,158.96,Black Soil,Rabi,Junagadh,Low,Gram
37,29,28,27.52,53.61,6.39,376.95,Loamy Soil,Kharif,Amreli,Low,Sesame
46,54,36,30.9,70.19,6.09,590.55,Loamy Soil,Kharif,Amreli,Medium,Groundnut
57,38,24,30.39,56.0,6.43,442.35,Loamy Soil,Kharif,Banaskantha,Low,Castor
35,27,27,30.88,47.91,7.37,440.15,Sandy Soil,Kharif,Rajkot,Low,Sesame
91,44,35,28.71,66.6,6.11,1031.62,Loamy Soil,Kharif,Banaskantha,High,Maize
54,38,37,20.72,51.54,6.2,192.84,Sandy Soil,Rabi,Kutch,Low,Mustard
99,42,49,20.61,46.75,7.19,188.15,Loamy Soil,Rabi,Banaskantha,Medium,Wheat
61,30,39,19.4,51.08,6.29,122.53,Sandy Soil,Rabi,Kutch,Low,Mustard
36,42,41,27.67,74.34,6.5,557.59,Sandy Soil,Kharif,Jamnagar,Medium,Groundnut
32,53,28,25.44,37.2,5.97,231.34,Black Soil,Rabi,Vadodara,Low,Gram
66,47,46,26.27,67.61,6.29,766.0,Loamy Soil,Kharif,Ahmedabad,High,Maize
77,30,44,20.99,47.76,7.2,227.69,Black Soil,Rabi,Rajkot,Medium,Wheat
87,51,39,28.76,68.53,6.73,889.06,Loamy Soil,Kharif,Ahmedabad,High,Maize
72,41,44,20.31,50.49,6.74,176.05,Loamy Soil,Rabi,Banaskantha,Low,Mustard
76,54,50,34.75,65.53,6.91,786.97,Alluvial Soil,Kharif,Surat,High,Cotton
27,47,43,23.65,44.35,6.7,182.76,Clay Soil,Rabi,Jamnagar,Low,Gram
81,49,53,31.55,62.18,6.96,777.95,Alluvial Soil,Kharif,Rajkot,Medium,Cotton
32,23,31,19.95,29.11,6.95,90.98,Sandy Soil,Rabi,Kutch,Low,Cumin
84,45,39,26.79,71.29,5.21,901.13,Loamy Soil,Kharif,Banaskantha,High,Maize
44,37,29,36.61,41.62,7.27,280.71,Loamy Soil,Kharif,Ahmedabad,Low,Bajra
34,21,23,31.69,47.66,7.24,434.32,Alluvial Soil,Kharif,Rajkot,Low,Sesame
54,42,35,33.3,37.67,6.9,287.75,Sandy Soil,Kharif,Kutch,Low,Bajra
40,45,42,22.05,43.53,6.77,173.1,Clay Soil,Rabi,Vadodara,Low,Gram
47,43,33,27.34,69.96,5.63,597.23,Black Soil,Kharif,Jamnagar,Medium,Groundnut
48,34,28,35.33,40.57,6.94,314.71,Sandy Soil,Kharif,Jamnagar,Low,Bajra
67,37,39,16.8,45.0,6.43,147.72,Sandy Soil,Rabi,Jamnagar,Low,Mustard
88,49,46,18.18,44.2,6.42,182.53,Black Soil,Rabi,Banaskantha,Medium,Wheat
90,44,50,21.46,43.06,6.74,156.44,Loamy Soil,Rabi,Ahmedabad,Medium,Wheat
30,42,28,21.29,43.05,6.47,190.75,Black Soil,Rabi,Vadodara,Low,Gram
27,28,26,23.69,40.72,5.97,93.31,Alluvial Soil,Rabi,Kutch,Low,Cumin
74,50,41,26.17,70.48,6.88,869.43,Red Soil,Kharif,Mehsana,High,Maize
32,29,19,21.6,37.49,7.17,112.69,Loamy Soil,Rabi,Jamnagar,Low,Cumin
28,29,20,34.45,54.47,6.69,346.54,Loamy Soil,Kharif,Bhavnagar,Low,Sesame
43,41,27,31.44,55.61,6.73,381.95,Loamy Soil,Kharif,Rajkot,Low,Castor
28,21,28,29.35,52.75,6.2,399.52,Loamy Soil,Kharif,Kutch,Low,Sesame
51,35,31,25.65,48.98,7.19,443.55,Loamy Soil,Kharif,Anand,Low,Castor
30,52,43,22.0,43.02,6.35,183.8,Clay Soil,Rabi,Junagadh,Low,Gram
53,38,27,17.58,49.5,6.34,150.95,Loamy Soil,Rabi,Kutch,Low,Mustard
49,41,33,28.39,73.43,6.37,714.07,Black Soil,Kharif,Rajkot,Medium,Groundnut
51,21,23,30.77,54.96,5.62,394.04,Sandy Soil,Kharif,Banaskantha,Low,Castor
35,37,26,24.0,32.1,6.77,109.09,Sandy Soil,Rabi,Rajkot,Low,Cumin
35,21,23,29.04,49.5,6.26,373.12,Loamy Soil,Kharif,Rajkot,Low,Sesame
33,51,39,23.14,41.43,6.25,219.47,Clay Soil,Rabi,Rajkot,Low,Gram
76,44,50,22.14,47.17,6.52,273.71,Black Soil,Rabi,Ahmedabad,Medium,Wheat
113,57,47,32.32,64.02,7.18,786.64,Black Soil,Kharif,Amreli,Medium,Cotton
87,47,36,27.14,65.5,5.76,898.62,Loamy Soil,Kharif,Vadodara,High,Maize
34,33,24,23.27,31.72,7.17,107.56,Alluvial Soil,Rabi,Jamnagar,Low,Cumin
46,52,36,24.13,46.28,6.04,247.58,Clay Soil,Rabi,Rajkot,Low,Gram
101,52,43,33.08,66.77,6.93,791.79,Black Soil,Kharif,Rajkot,High,Cotton
110,49,42,32.92,63.69,7.03,841.13,Black Soil,Kharif,Bhavnagar,High,Cotton
58,42,31,16.86,50.16,6.4,178.3,Sandy Soil,Rabi,Jamnagar,Low,Mustard
30,57,41,21.51,39.34,6.11,186.28,Black Soil,Rabi,Junagadh,Low,Gram
40,40,28,23.8,33.07,6.42,122.65,Loamy Soil,Rabi,Jamnagar,Low,Cumin
103,43,43,19.26,48.19,6.21,103.53,Clay Soil,Rabi,Banaskantha,Medium,Wheat
48,34,30,34.78,39.07,6.39,245.63,Sandy Soil,Kharif,Kutch,Low,Bajra
80,44,37,28.35,71.71,6.47,933.88,Red Soil,Kharif,Ahmedabad,High,Maize
90,50,38,26.27,72.03,6.82,944.56,Loamy Soil,Kharif,Ahmedabad,High,Maize
39,30,30,23.95,34.43,7.42,124.78,Alluvial Soil,Rabi,Jamnagar,Low,Cumin
49,29,30,28.42,60.39,5.91,488.11,Loamy Soil,Kharif,Rajkot,Low,Castor
107,59,42,33.28,66.38,6.91,926.45,Black Soil,Kharif,Jamnagar,Medium,Cotton
46,48,33,27.12,72.0,6.46,677.48,Sandy Soil,Kharif,Bhavnagar,Medium,Groundnut
50,48,26,30.01,76.44,6.51,716.15,Loamy Soil,Kharif,Rajkot,Medium,Groundnut
79,47,41,18.33,48.77,5.98,151.42,Black Soil,Rabi,Banaskantha,Medium,Wheat
27,29,27,32.65,52.88,6.36,408.69,Loamy Soil,Kharif,Kutch,Low,Sesame
39,21,21,29.99,42.96,6.64,435.21,Alluvial Soil,Kharif,Junagadh,Low,Sesame
87,55,51,31.07,66.94,6.63,764.08,Alluvial Soil,Kharif,Jamnagar,Medium,Cotton
50,35,23,29.66,52.69,6.03,483.72,Alluvial Soil,Kharif,Anand,Low,Castor
55,45,25,30.45,58.71,7.07,418.88,Alluvial Soil,Kharif,Rajkot,Low,Castor
28,29,22,30.0,50.56,7.43,410.76,Sandy Soil,Kharif,Junagadh,Low,Sesame
40,48,29,27.39,73.37,6.67,675.38,Black Soil,Kharif,Jamnagar,Medium,Groundnut
93,47,43,33.49,65.04,6.41,792.67,Alluvial Soil,Kharif,Jamnagar,Medium,Cotton
43,38,22,28.5,54.97,6.99,435.09,Loamy Soil,Kharif,Anand,Low,Castor
29,51,23,19.23,40.3,6.23,184.72,Clay Soil,Rabi,Ahmedabad,Low,Gram
56,27,38,36.87,40.38,6.12,252.85,Sandy Soil,Kharif,Kutch,Low,Bajra
58,39,27,30.48,58.34,6.31,370.85,Alluvial Soil,Kharif,Rajkot,Low,Castor
47,27,25,31.29,45.75,6.01,346.76,Loamy Soil,Kharif,Amreli,Low,Sesame
45,31,25,31.96,53.91,6.35,412.91,Alluvial Soil,Kharif,Kutch,Low,Castor
53,44,38,21.45,56.13,6.53,186.34,Sandy Soil,Rabi,Ahmedabad,Low,Mustard
80,42,46,22.23,46.29,6.9,189.06,Alluvial Soil,Rabi,Anand,Medium,Wheat
31,24,21,29.38,45.13,6.8,370.52,Sandy Soil,Kharif,Bhavnagar,Low,Sesame
30,29,36,18.0,38.73,6.78,114.97,Sandy Soil,Rabi,Banaskantha,Low,Cumin
49,49,20,26.66,74.86,6.58,598.81,Sandy Soil,Kharif,Junagadh,Medium,Groundnut
56,36,29,18.83,54.05,7.06,125.5,Sandy Soil,Rabi,Banaskantha,Low,Mustard
40,33,33,33.27,52.04,6.53,457.76,Sandy Soil,Kharif,Anand,Low,Castor
97,55,45,18.27,47.97,6.97,220.7,Clay Soil,Rabi,Mehsana,Medium,Wheat
65,35,34,32.85,38.11,6.7,292.82,Loamy Soil,Kharif,Mehsana,Low,Bajra
49,31,38,28.68,56.06,6.75,477.87,Loamy Soil,Kharif,Rajkot,Low,Castor
51,32,25,29.3,55.54,5.9,506.22,Alluvial Soil,Kharif,Kutch,Low,Castor
43,50,39,21.77,44.81,6.11,173.95,Clay Soil,Rabi,Vadodara,Low,Gram
50,29,26,29.45,56.93,6.66,458.07,Alluvial Soil,Kharif,Rajkot,Low,Castor
35,55,37,21.1,42.47,6.5,163.45,Clay Soil,Rabi,Junagadh,Low,Gram
42,25,26,19.8,36.05,6.39,111.19,Loamy Soil,Rabi,Mehsana,Low,Cumin
59,38,26,30.91,63.39,6.54,498.05,Loamy Soil,Kharif,Anand,Low,Castor
36,53,31,27.88,66.96,6.4,691.82,Black Soil,Kharif,Bhavnagar,Medium,Groundnut
33,52,39,22.49,40.7,6.83,145.05,Clay Soil,Rabi,Junagadh,Low,Gram
45,53,39,21.66,44.02,5.87,150.6,Black Soil,Rabi,Jamnagar,Low,Gram
98,47,45,20.21,46.57,6.51,195.61,Black Soil,Rabi,Banaskantha,Medium,Wheat
33,27,27,28.84,46.48,6.23,482.13,Loamy Soil,Kharif,Amreli,Low,Sesame
36,45,30,22.53,41.03,7.01,172.11,Loamy Soil,Rabi,Ahmedabad,Low,Gram
65,40,35,19.36,53.14,6.82,162.3,Alluvial Soil,Rabi,Banaskantha,Low,Mustard
88,46,40,19.55,47.2,6.13,170.77,Black Soil,Rabi,Banaskantha,Medium,Wheat
43,35,26,23.47,37.09,6.29,137.41,Sandy Soil,Rabi,Banaskantha,Low,Cumin
88,48,49,17.43,51.87,5.72,162.16,Black Soil,Rabi,Rajkot,Medium,Wheat
70,41,42,18.97,45.1,6.13,199.63,Loamy Soil,Rabi,Anand,Medium,Wheat
68,46,32,20.68,49.69,6.17,171.53,Sandy Soil,Rabi,Ahmedabad,Low,Mustard
98,62,46,31.97,63.39,7.05,930.66,Black Soil,Kharif,Bhavnagar,High,Cotton
111,54,45,31.94,65.07,6.1,838.6,Black Soil,Kharif,Bhavnagar,High,Cotton
66,36,41,15.38,52.28,5.89,155.69,Sandy Soil,Rabi,Banaskantha,Low,Mustard
91,54,35,19.45,46.71,6.97,211.83,Black Soil,Rabi,Rajkot,Medium,Wheat
64,46,26,19.6,49.58,6.27,165.03,Loamy Soil,Rabi,Ahmedabad,Low,Mustard
34,27,27,33.51,43.07,6.9,376.78,Sandy Soil,Kharif,Rajkot,Low,Sesame
39,42,32,31.52,75.38,7.08,671.78,Loamy Soil,Kharif,Jamnagar,Medium,Groundnut
45,60,35,22.81,44.62,6.12,189.19,Clay Soil,Rabi,Junagadh,Low,Gram
58,33,27,29.78,56.42,5.71,459.31,Loamy Soil,Kharif,Banaskantha,Low,Castor
66,40,31,32.97,40.26,6.26,367.16,Loamy Soil,Kharif,Kutch,Low,Bajra
94,55,45,27.87,65.85,6.82,907.62,Loamy Soil,Kharif,Mehsana,High,Maize
34,47,41,18.23,40.02,6.88,135.76,Clay Soil,Rabi,Ahmedabad,Low,Gram
32,46,35,29.12,73.94,6.25,685.73,Loamy Soil,Kharif,Rajkot,Medium,Groundnut
96,51,43,19.3,47.09,6.59,198.73,Black Soil,Rabi,Rajkot,Medium,Wheat
78,46,44,26.73,71.09,5.76,893.83,Alluvial Soil,Kharif,Mehsana,High,Maize
28,53,30,19.6,43.75,5.95,154.55,Black Soil,Rabi,Vadodara,Low,Gram
92,50,36,32.28,65.0,6.09,843.95,Alluvial Soil,Kharif,Rajkot,High,Cotton
21,45,30,26.58,71.12,6.21,647.6,Loamy Soil,Kharif,Jamnagar,Medium,Groundnut
68,38,35,21.06,52.59,6.86,177.02,Sandy Soil,Rabi,Kutch,Low,Mustard
36,54,32,22.29,42.98,6.43,167.13,Black Soil,Rabi,Vadodara,Low,Gram
31,30,38,22.36,32.83,6.0,98.33,Sandy Soil,Rabi,Banaskantha,Low,Cumin
105,47,44,18.17,47.28,6.4,158.06,Clay Soil,Rabi,Rajkot,Medium,Wheat
42,28,34,22.88,33.62,6.58,89.16,Loamy Soil,Rabi,Kutch,Low,Cumin
41,49,33,24.33,41.02,6.88,175.59,Black Soil,Rabi,Ahmedabad,Low,Gram
46,48,33,25.69,70.56,5.92,549.25,Loamy Soil,Kharif,Bhavnagar,Medium,Groundnut
41,30,27,29.92,56.97,6.17,453.53,Alluvial Soil,Kharif,Banaskantha,Low,Castor
59,36,37,20.58,53.62,6.69,186.54,Alluvial Soil,Rabi,Jamnagar,Low,Mustard
112,49,33,31.45,68.04,6.77,828.55,Black Soil,Kharif,Bhavnagar,Medium,Cotton
94,52,37,31.07,63.64,6.24,810.16,Black Soil,Kharif,Junagadh,Medium,Cotton
45,44,32,33.64,43.18,5.47,332.51,Sandy Soil,Kharif,Kutch,Low,Bajra
37,39,25,23.92,42.45,6.91,118.28,Sandy Soil,Rabi,Mehsana,Low,Cumin
60,39,35,18.12,52.16,6.52,217.81,Alluvial Soil,Rabi,Jamnagar,Low,Mustard
84,46,52,30.69,64.25,6.78,735.44,Alluvial Soil,Kharif,Jamnagar,High,Cotton
95,46,46,31.59,67.6,7.16,893.05,Alluvial Soil,Kharif,Junagadh,High,Cotton
48,33,35,31.76,43.85,6.32,365.46,Sandy Soil,Kharif,Ahmedabad,Low,Bajra
34,36,20,26.14,30.43,5.93,105.26,Alluvial Soil,Rabi,Jamnagar,Low,Cumin
91,58,44,25.78,71.94,6.48,743.47,Red Soil,Kharif,Banaskantha,High,Maize
41,45,35,19.42,37.48,7.1,207.15,Loamy Soil,Rabi,Vadodara,Low,Gram
104,61,49,31.58,65.0,5.87,840.3,Alluvial Soil,Kharif,Bhavnagar,Medium,Cotton
60,49,35,17.37,49.61,6.04,200.81,Sandy Soil,Rabi,Ahmedabad,Low,Mustard
28,33,23,30.99,47.81,6.47,369.37,Alluvial Soil,Kharif,Kutch,Low,Sesame
61,30,38,37.53,39.9,6.23,342.8,Sandy Soil,Kharif,Banaskantha,Low,Bajra
99,54,48,32.95,63.55,6.76,782.7,Black Soil,Kharif,Vadodara,Medium,Cotton
97,47,60,31.77,65.41,6.78,802.91,Alluvial Soil,Kharif,Junagadh,High,Cotton
33,43,28,27.49,75.04,6.55,780.34,Sandy Soil,Kharif,Bhavnagar,Medium,Groundnut
51,29,34,33.5,42.22,6.46,239.28,Sandy Soil,Kharif,Kutch,Low,Bajra
30,42,28,28.6,69.55,6.46,691.9,Loamy Soil,Kharif,Amreli,Medium,Groundnut
103,61,52,31.79,64.94,6.0,798.77,Alluvial Soil,Kharif,Vadodara,High,Cotton
40,54,27,25.9,69.7,7.09,737.81,Loamy Soil,Kharif,Bhavnagar,Medium,Groundnut
29,33,26,22.16,30.78,6.94,104.84,Loamy Soil,Rabi,Banaskantha,Low,Cumin
83,42,39,25.95,77.13,7.33,948.73,Loamy Soil,Kharif,Vadodara,High,Maize
57,36,23,22.51,51.56,5.45,157.23,Alluvial Soil,Rabi,Ahmedabad,Low,Mustard
55,32,35,34.7,39.21,5.89,319.5,Loamy Soil,Kharif,Jamnagar,Low,Bajra
91,58,61,30.85,66.78,6.14,869.4,Black Soil,Kharif,Jamnagar,Medium,Cotton
47,44,29,29.27,75.46,5.92,589.8,Sandy Soil,Kharif,Bhavnagar,Medium,Groundnut
41,46,40,22.23,41.51,6.7,135.32,Clay Soil,Rabi,Ahmedabad,Low,Gram
49,36,31,30.44,58.34,6.52,398.29,Loamy Soil,Kharif,Banaskantha,Low,Castor
46,32,24,29.15,59.79,6.76,476.57,Sandy Soil,Kharif,Banaskantha,Low,Castor
35,41,35,22.34,39.63,5.98,152.52,Loamy Soil,Rabi,Junagadh,Low,Gram
85,41,51,18.68,48.2,6.58,164.31,Clay Soil,Rabi,Ahmedabad,Medium,Wheat
44,33,21,32.27,62.32,6.78,486.59,Alluvial Soil,Kharif,Banaskantha,Low,Castor
89,46,53,34.28,64.65,6.42,804.67,Black Soil,Kharif,Bhavnagar,Medium,Cotton
60,42,38,19.28,56.45,6.23,141.79,Loamy Soil,Rabi,Kutch,Low,Mustard
42,40,28,25.25,75.55,6.3,657.86,Sandy Soil,Kharif,Bhavnagar,Medium,Groundnut
25,38,24,22.68,34.65,7.22,98.4,Sandy Soil,Rabi,Kutch,Low,Cumin
85,49,49,18.2,49.99,6.3,240.39,Alluvial Soil,Rabi,Rajkot,Medium,Wheat
43,49,33,30.22,72.05,6.81,690.25,Black Soil,Kharif,Bhavnagar,Medium,Groundnut
34,44,29,30.08,74.48,6.76,711.8,Loamy Soil,Kharif,Bhavnagar,Medium,Groundnut
37,42,35,20.64,41.78,6.16,159.06,Loamy Soil,Rabi,Junagadh,Low,Gram
54,37,32,19.17,51.8,6.63,177.2,Alluvial Soil,Rabi,Kutch,Low,Mustard
57,38,28,33.62,45.56,6.59,286.95,Loamy Soil,Kharif,Mehsana,Low,Bajra
88,44,41,19.71,50.19,6.66,162.96,Loamy Soil,Rabi,Anand,Medium,Wheat
88,54,45,26.83,68.53,6.62,911.23,Red Soil,Kharif,Anand,High,Maize
41,37,34,29.91,58.64,5.98,460.36,Alluvial Soil,Kharif,Rajkot,Low,Castor
96,46,51,27.93,64.94,6.08,994.73,Alluvial Soil,Kharif,Anand,High,Maize
37,54,29,20.24,43.04,6.42,165.84,Loamy Soil,Rabi,Junagadh,Low,Gram
56,33,28,29.99,52.25,6.27,466.45,Sandy Soil,Kharif,Mehsana,Low,Castor
33,29,30,27.8,48.48,6.07,375.29,Loamy Soil,Kharif,Kutch,Low,Sesame
95,51,47,29.69,69.98,6.52,829.53,Black Soil,Kharif,Bhavnagar,High,Cotton
30,37,26,23.76,33.27,7.01,86.24,Loamy Soil,Rabi,Jamnagar,Low,Cumin
37,51,37,18.96,44.76,6.13,133.81,Black Soil,Rabi,Junagadh,Low,Gram
32,32,28,25.04,37.37,7.06,153.41,Sandy Soil,Rabi,Rajkot,Low,Cumin
41,35,34,29.03,72.31,7.69,615.85,Black Soil,Kharif,Rajkot,Medium,Groundnut
57,32,33,16.71,49.73,6.62,219.38,Sandy Soil,Rabi,Banaskantha,Low,Mustard
44,33,34,34.93,45.24,6.31,198.13,Loamy Soil,Kharif,Kutch,Low,Bajra
97,47,45,25.63,71.1,6.99,813.94,Red Soil,Kharif,Anand,High,Maize
47,41,28,27.59,70.08,6.78,591.91,Loamy Soil,Kharif,Bhavnagar,Medium,Groundnut
77,54,44,25.08,67.59,6.31,895.17,Loamy Soil,Kharif,Mehsana,High,Maize
102,42,41,35.67,63.98,6.87,756.62,Black Soil,Kharif,Jamnagar,High,Cotton
59,34,33,32.37,34.38,6.55,280.83,Loamy Soil,Kharif,Mehsana,Low,Bajra
56,35,29,36.39,40.45,6.39,271.52,Sandy Soil,Kharif,Kutch,Low,Bajra
112,57,47,31.44,58.25,5.96,927.43,Black Soil,Kharif,Junagadh,Medium,Cotton
45,31,28,31.51,55.66,5.4,487.99,Loamy Soil,Kharif,Anand,Low,Castor
31,31,34,24.31,33.99,6.37,97.66,Alluvial Soil,Rabi,Mehsana,Low,Cumin
65,34,32,32.25,40.42,5.92,243.74,Sandy Soil,Kharif,Mehsana,Low,Bajra
34,29,24,29.5,47.48,6.13,412.69,Sandy Soil,Kharif,Rajkot,Low,Sesame
114,48,36,33.34,62.72,6.9,668.66,Black Soil,Kharif,Bhavnagar,High,Cotton
48,41,29,30.83,74.94,5.31,621.74,Sandy Soil,Kharif,Jamnagar,Medium,Groundnut
41,40,28,29.31,49.86,6.72,441.83,Loamy Soil,Kharif,Kutch,Low,Castor
40,39,33,27.39,75.12,6.89,625.21,Sandy Soil,Kharif,Junagadh,Medium,Groundnut
50,34,31,20.3,54.02,7.13,180.81,Alluvial Soil,Rabi,Ahmedabad,Low,Mustard
27,47,27,26.72,72.5,6.45,579.4,Loamy Soil,Kharif,Jamnagar,Medium,Groundnut
58,39,40,18.19,49.32,6.01,158.4,Sandy Soil,Rabi,Ahmedabad,Low,Mustard
101,54,57,33.43,65.64,6.97,731.17,Alluvial Soil,Kharif,Rajkot,Medium,Cotton
93,55,35,31.22,64.9,6.05,737.57,Alluvial Soil,Kharif,Surat,High,Cotton
37,51,31,26.71,77.94,5.59,613.06,Sandy Soil,Kharif,Amreli,Medium,Groundnut
74,48,44,25.99,72.88,6.07,959.02,Loamy Soil,Kharif,Vadodara,High,Maize
36,40,32,27.7,74.12,6.27,735.92,Loamy Soil,Kharif,Amreli,Medium,Groundnut
50,28,35,29.67,55.83,6.96,351.86,Loamy Soil,Kharif,Kutch,Low,Castor
41,50,35,20.42,37.79,6.09,189.25,Black Soil,Rabi,Rajkot,Low,Gram
54,36,28,31.21,55.65,6.51,486.76,Alluvial Soil,Kharif,Rajkot,Low,Castor
51,34,25,27.22,54.63,6.87,403.31,Alluvial Soil,Kharif,Rajkot,Low,Castor
35,31,30,22.36,36.63,6.1,92.15,Alluvial Soil,Rabi,Rajkot,Low,Cumin
43,50,31,20.01,42.19,6.88,167.57,Black Soil,Rabi,Jamnagar,Low,Gram
24,26,29,21.43,35.87,6.52,79.29,Sandy Soil,Rabi,Mehsana,Low,Cumin
36,22,26,31.24,53.44,6.78,393.67,Sandy Soil,Kharif,Amreli,Low,Sesame
34,34,25,31.41,51.7,6.45,437.16,Sandy Soil,Kharif,Junagadh,Low,Sesame
43,48,29,28.83,75.32,6.45,750.1,Loamy Soil,Kharif,Junagadh,Medium,Groundnut
94,45,46,19.7,44.69,5.88,197.37,Alluvial Soil,Rabi,Mehsana,Medium,Wheat
36,60,32,25.86,42.49,6.66,181.52,Loamy Soil,Rabi,Rajkot,Low,Gram
98,49,35,33.0,61.42,6.62,938.27,Black Soil,Kharif,Rajkot,Medium,Cotton
112,48,46,21.55,48.25,6.25,202.67,Black Soil,Rabi,Rajkot,Medium,Wheat
53,35,33,30.55,52.12,6.56,547.98,Loamy Soil,Kharif,Kutch,Low,Castor
47,32,28,32.78,39.66,6.49,249.15,Sandy Soil,Kharif,Kutch,Low,Bajra
79,50,44,19.55,43.74,7.01,220.91,Alluvial Soil,Rabi,Banaskantha,Medium,Wheat
36,34,24,24.98,37.87,7.49,105.06,Sandy Soil,Rabi,Mehsana,Low,Cumin
64,30,32,33.41,38.27,6.84,274.78,Sandy Soil,Kharif,Mehsana,Low,Bajra
31,54,30,20.28,43.82,6.39,125.88,Loamy Soil,Rabi,Junagadh,Low,Gram
31,45,29,24.29,41.94,6.64,136.41,Clay Soil,Rabi,Ahmedabad,Low,Gram
23,46,38,22.02,45.9,6.57,197.09,Black Soil,Rabi,Junagadh,Low,Gram
93,50,48,20.82,50.21,6.64,194.71,Loamy Soil,Rabi,Mehsana,Medium,Wheat
33,54,32,21.68,38.36,6.26,176.97,Clay Soil,Rabi,Ahmedabad,Low,Gram
95,46,44,19.57,43.99,6.21,201.68,Clay Soil,Rabi,Rajkot,Medium,Wheat
88,51,39,28.61,73.31,6.11,935.47,Alluvial Soil,Kharif,Banaskantha,High,Maize
38,22,23,31.8,55.45,6.71,397.06,Sandy Soil,Kharif,Amreli,Low,Sesame
33,27,21,30.25,47.14,6.72,367.13,Alluvial Soil,Kharif,Kutch,Low,Sesame
35,29,24,32.89,52.87,5.98,405.25,Alluvial Soil,Kharif,Rajkot,Low,Sesame
35,31,26,21.69,34.61,6.39,111.71,Alluvial Soil,Rabi,Jamnagar,Low,Cumin
30,49,29,26.96,74.98,5.56,573.82,Loamy Soil,Kharif,Junagadh,Medium,Groundnut
87,42,39,30.89,71.19,7.0,885.86,Loamy Soil,Kharif,Mehsana,High,Maize
107,53,41,27.75,63.27,7.01,1071.13,Red Soil,Kharif,Mehsana,High,Maize
71,43,35,19.54,45.94,6.27,160.93,Sandy Soil,Rabi,Jamnagar,Low,Mustard
60,55,42,25.82,66.64,6.03,854.67,Loamy Soil,Kharif,Mehsana,High,Maize
42,41,33,26.77,76.29,5.71,711.61,Black Soil,Kharif,Rajkot,Medium,Groundnut
27,37,23,21.91,30.67,7.41,140.7,Sandy Soil,Rabi,Jamnagar,Low,Cumin
50,39,30,33.83,35.28,6.64,249.56,Sandy Soil,Kharif,Jamnagar,Low,Bajra
57,34,34,35.76,39.89,6.72,281.01,Loamy Soil,Kharif,Jamnagar,Low,Bajra
36,40,34,26.44,70.02,7.08,745.03,Sandy Soil,Kharif,Rajkot,Medium,Groundnut
42,41,26,26.76,70.62,6.76,707.61,Sandy Soil,Kharif,Junagadh,Medium,Groundnut
28,40,29,32.21,45.75,5.69,409.16,Sandy Soil,Kharif,Bhavnagar,Low,Sesame
39,29,25,30.61,46.65,6.79,356.31,Loamy Soil,Kharif,Bhavnagar,Low,Sesame
39,37,24,23.81,34.86,6.2,140.32,Loamy Soil,Rabi,Mehsana,Low,Cumin
38,22,20,22.09,38.07,6.37,108.4,Alluvial Soil,Rabi,Jamnagar,Low,Cumin
86,55,37,26.2,67.13,6.99,988.37,Red Soil,Kharif,Mehsana,High,Maize
58,40,26,18.66,52.32,6.08,149.86,Loamy Soil,Rabi,Jamnagar,Low,Mustard
106,65,38,33.68,68.82,6.01,867.14,Alluvial Soil,Kharif,Vadodara,Medium,Cotton
90,59,45,31.94,65.41,5.85,840.46,Alluvial Soil,Kharif,Banaskantha,High,Maize
86,56,43,24.92,68.48,7.1,921.65,Alluvial Soil,Kharif,Ahmedabad,High,Maize
37,40,36,29.23,72.92,6.84,648.12,Loamy Soil,Kharif,Rajkot,Medium,Groundnut
36,39,30,31.04,50.24,7.41,412.25,Alluvial Soil,Kharif,Kutch,Low,Castor
37,34,25,26.73,50.16,6.45,395.79,Sandy Soil,Kharif,Kutch,Low,Sesame
95,39,49,31.64,68.23,5.95,758.73,Alluvial Soil,Kharif,Amreli,High,Cotton
57,30,33,37.8,44.75,6.9,272.31,Loamy Soil,Kharif,Jamnagar,Low,Bajra
52,45,25,32.78,52.13,6.74,458.89,Sandy Soil,Kharif,Banaskantha,Low,Castor
40,42,30,26.57,71.42,5.44,613.2,Loamy Soil,Kharif,Amreli,Medium,Groundnut
57,45,22,18.7,51.59,6.5,149.58,Loamy Soil,Rabi,Ahmedabad,Low,Mustard
35,30,22,30.24,51.0,6.05,437.64,Sandy Soil,Kharif,Rajkot,Low,Sesame
31,47,26,28.8,74.07,5.67,727.49,Black Soil,Kharif,Bhavnagar,Medium,Groundnut
111,66,48,30.79,59.84,6.63,873.59,Alluvial Soil,Kharif,Surat,Medium,Cotton
34,31,20,29.02,49.36,5.81,421.23,Loamy Soil,Kharif,Rajkot,Low,Sesame
35,62,28,23.35,42.94,6.7,144.86,Clay Soil,Rabi,Junagadh,Low,Gram
42,47,29,31.05,54.9,5.35,436.73,Alluvial Soil,Kharif,Mehsana,Low,Castor
64,38,31,20.69,55.34,6.56,177.77,Loamy Soil,Rabi,Ahmedabad,Low,Mustard
83,48,49,19.4,44.1,6.7,214.07,Clay Soil,Rabi,Banaskantha,Medium,Wheat
58,34,30,30.19,54.16,6.09,392.31,Sandy Soil,Kharif,Anand,Low,Castor
75,50,39,28.49,69.29,6.34,878.65,Loamy Soil,Kharif,Mehsana,High,Maize
90,58,46,20.47,48.6,6.37,243.13,Clay Soil,Rabi,Banaskantha,Medium,Wheat
51,36,30,29.51,51.85,6.74,443.38,Loamy Soil,Kharif,Kutch,Low,Castor
42,36,27,29.67,56.91,5.94,410.99,Alluvial Soil,Kharif,Anand,Low,Castor
25,54,35,22.53,42.97,5.97,184.22,Clay Soil,Rabi,Rajkot,Low,Gram
60,42,26,33.66,38.79,6.93,175.25,Loamy Soil,Kharif,Kutch,Low,Bajra
77,56,44,25.85,70.27,6.07,1000.27,Loamy Soil,Kharif,Ahmedabad,High,Maize
81,45,41,17.19,49.71,6.73,209.46,Clay Soil,Rabi,Anand,Medium,Wheat
80,50,35,19.29,49.03,6.67,176.09,Alluvial Soil,Rabi,Mehsana,Medium,Wheat
36,47,46,20.49,39.3,6.09,173.63,Clay Soil,Rabi,Junagadh,Low,Gram
41,50,25,28.54,73.95,5.47,689.93,Loamy Soil,Kharif,Rajkot,Medium,Groundnut
71,31,33,18.27,52.48,5.89,148.55,Loamy Soil,Rabi,Mehsana,Low,Mustard
26,34,27,24.39,35.71,6.09,92.52,Sandy Soil,Rabi,Banaskantha,Low,Cumin
30,22,24,29.68,47.11,6.78,374.03,Sandy Soil,Kharif,Amreli,Low,Sesame
29,52,26,27.22,74.77,6.82,594.59,Sandy Soil,Kharif,Junagadh,Medium,Groundnut
60,35,35,34.18,44.1,6.56,334.34,Sandy Soil,Kharif,Banaskantha,Low,Bajra
37,34,34,36.36,45.86,6.83,313.9,Sandy Soil,Kharif,Mehsana,Low,Bajra
34,33,24,22.81,32.79,6.78,122.89,Alluvial Soil,Rabi,Kutch,Low,Cumin
29,47,35,27.42,68.76,6.5,649.61,Sandy Soil,Kharif,Amreli,Medium,Groundnut
94,38,40,19.14,51.85,6.89,235.91,Black Soil,Rabi,Mehsana,Medium,Wheat
60,40,29,18.63,48.01,6.43,202.4,Loamy Soil,Rabi,Ahmedabad,Low,Mustard
53,40,27,29.38,50.44,6.15,510.4,Sandy Soil,Kharif,Rajkot,Low,Castor
81,48,40,18.53,49.4,6.93,219.92,Alluvial Soil,Rabi,Ahmedabad,Medium,Wheat
37,37,28,28.6,75.18,6.63,689.99,Sandy Soil,Kharif,Jamnagar,Medium,Groundnut
20,46,32,25.76,73.27,6.74,679.48,Loamy Soil,Kharif,Amreli,Medium,Groundnut
105,52,54,33.31,60.33,6.79,786.29,Black Soil,Kharif,Jamnagar,Medium,Cotton
51,43,33,35.81,40.5,6.81,292.39,Loamy Soil,Kharif,Ahmedabad,Low,Bajra
45,28,26,26.06,56.64,6.22,429.51,Sandy Soil,Kharif,Kutch,Low,Castor
40,31,23,20.46,32.65,6.81,97.95,Alluvial Soil,Rabi,Kutch,Low,Cumin
36,52,37,25.02,43.88,6.62,235.83,Black Soil,Rabi,Junagadh,Low,Gram
121,43,35,30.0,67.99,7.06,765.83,Alluvial Soil,Kharif,Rajkot,High,Cotton
40,31,22,30.01,59.88,6.69,500.9,Alluvial Soil,Kharif,Kutch,Low,Castor
79,50,40,25.28,68.87,6.85,902.92,Red Soil,Kharif,Vadodara,High,Maize
26,31,21,26.49,47.62,6.39,467.26,Alluvial Soil,Kharif,Rajkot,Low,Sesame
93,52,47,32.64,64.1,5.58,771.15,Black Soil,Kharif,Surat,Medium,Cotton
55,30,30,30.28,48.98,6.54,384.69,Alluvial Soil,Kharif,Banaskantha,Low,Castor
112,53,36,30.51,64.38,6.65,796.23,Alluvial Soil,Kharif,Rajkot,Medium,Cotton
37,35,23,22.07,39.86,7.08,107.24,Sandy Soil,Rabi,Rajkot,Low,Cumin
59,37,33,30.9,40.38,6.55,251.0,Sandy Soil,Kharif,Jamnagar,Low,Bajra
56,40,27,16.42,51.42,6.91,170.33,Loamy Soil,Rabi,Mehsana,Low,Mustard
103,61,47,34.09,56.27,6.91,805.8,Black Soil,Kharif,Vadodara,High,Cotton
91,47,40,25.15,72.51,6.4,878.82,Red Soil,Kharif,Banaskantha,High,Maize
34,50,34,24.19,42.65,6.86,138.28,Loamy Soil,Rabi,Ahmedabad,Low,Gram
100,52,44,25.21,68.72,6.13,828.97,Alluvial Soil,Kharif,Anand,High,Maize
73,50,39,26.54,76.62,5.89,920.03,Alluvial Soil,Kharif,Anand,High,Maize
111,50,41,35.43,65.2,6.51,798.39,Black Soil,Kharif,Jamnagar,Medium,Cotton
40,32,22,27.81,50.82,5.95,428.59,Alluvial Soil,Kharif,Junagadh,Low,Sesame
79,45,44,24.36,67.44,6.64,819.72,Loamy Soil,Kharif,Anand,High,Maize
53,33,24,33.08,56.28,6.04,492.78,Alluvial Soil,Kharif,Anand,Low,Castor
45,43,31,35.39,42.41,5.26,247.63,Sandy Soil,Kharif,Kutch,Low,Bajra
70,20,40,35.87,37.51,7.44,217.86,Sandy Soil,Kharif,Jamnagar,Low,Bajra
42,46,26,37.47,42.06,6.59,262.27,Sandy Soil,Kharif,Kutch,Low,Bajra
91,59,47,31.99,63.91,6.58,855.01,Alluvial Soil,Kharif,Bhavnagar,High,Cotton
46,30,22,22.15,33.14,7.04,112.56,Sandy Soil,Rabi,Mehsana,Low,Cumin
37,36,16,23.01,28.37,6.99,136.66,Alluvial Soil,Rabi,Kutch,Low,Cumin
45,35,31,31.57,62.77,6.55,438.11,Sandy Soil,Kharif,Banaskantha,Low,Castor
88,52,48,20.94,47.62,5.8,130.68,Alluvial Soil,Rabi,Anand,Medium,Wheat
65,42,39,19.14,51.9,6.57,150.82,Sandy Soil,Rabi,Banaskantha,Low,Mustard
111,35,41,22.34,47.39,6.15,238.96,Black Soil,Rabi,Banaskantha,Medium,Wheat
43,42,32,27.26,72.87,7.27,698.42,Loamy Soil,Kharif,Bhavnagar,Medium,Groundnut
60,37,45,16.87,51.99,6.69,137.44,Sandy Soil,Rabi,Banaskantha,Low,Mustard
39,45,37,27.85,72.54,6.2,671.54,Black Soil,Kharif,Junagadh,Medium,Groundnut
41,48,35,26.76,72.98,7.23,639.63,Black Soil,Kharif,Rajkot,Medium,Groundnut
38,27,23,28.79,52.26,6.43,383.68,Loamy Soil,Kharif,Junagadh,Low,Sesame
42,32,27,30.45,47.91,6.24,407.84,Alluvial Soil,Kharif,Rajkot,Low,Sesame
86,40,43,17.0,50.86,6.36,243.04,Black Soil,Rabi,Ahmedabad,Medium,Wheat
41,48,40,23.36,44.49,7.33,178.02,Loamy Soil,Rabi,Jamnagar,Low,Gram
89,51,41,26.56,67.21,6.09,946.91,Alluvial Soil,Kharif,Ahmedabad,High,Maize
61,38,31,35.66,30.28,6.72,281.67,Sandy Soil,Kharif,Ahmedabad,Low,Bajra
93,38,44,18.41,48.39,6.67,216.04,Alluvial Soil,Rabi,Ahmedabad,Medium,Wheat
54,29,34,34.28,39.44,7.26,321.19,Loamy Soil,Kharif,Kutch,Low,Bajra
83,46,40,28.28,64.63,6.32,971.37,Loamy Soil,Kharif,Anand,High,Maize
24,28,31,23.72,35.33,6.2,119.91,Sandy Soil,Rabi,Rajkot,Low,Cumin
36,22,26,22.38,38.07,6.76,137.06,Loamy Soil,Rabi,Kutch,Low,Cumin
52,38,27,35.01,38.04,6.33,283.35,Sandy Soil,Kharif,Banaskantha,Low,Bajra
117,41,46,21.82,51.22,5.52,199.89,Clay Soil,Rabi,Mehsana,Medium,Wheat
58,37,35,33.57,41.62,6.26,192.88,Loamy Soil,Kharif,Banaskantha,Low,Bajra
87,45,51,15.98,46.22,6.31,188.79,Loamy Soil,Rabi,Anand,Medium,Wheat
41,33,32,20.29,31.75,6.65,97.14,Sandy Soil,Rabi,Mehsana,Low,Cumin
60,40,42,19.31,55.27,7.02,160.37,Loamy Soil,Rabi,Ahmedabad,Low,Mustard
61,38,32,33.29,45.08,7.58,260.87,Sandy Soil,Kharif,Banaskantha,Low,Bajra
58,35,25,28.69,54.48,6.75,431.15,Loamy Soil,Kharif,Mehsana,Low,Castor
41,28,24,28.76,53.82,6.1,407.04,Loamy Soil,Kharif,Bhavnagar,Low,Sesame
90,41,42,27.34,71.03,6.77,899.46,Loamy Soil,Kharif,Vadodara,High,Maize
38,52,40,27.81,73.37,6.01,642.64,Loamy Soil,Kharif,Rajkot,Medium,Groundnut
71,52,36,26.41,66.45,7.45,810.7,Red Soil,Kharif,Ahmedabad,High,Maize
35,51,33,22.43,40.67,6.47,175.43,Loamy Soil,Rabi,Ahmedabad,Low,Gram
87,52,42,29.93,70.22,7.02,952.46,Alluvial Soil,Kharif,Ahmedabad,High,Maize
37,21,27,27.41,47.43,7.02,432.8,Alluvial Soil,Kharif,Bhavnagar,Low,Sesame
80,49,49,23.1,48.71,6.86,184.31,Clay Soil,Rabi,Ahmedabad,Medium,Wheat
57,40,45,18.53,51.88,6.58,159.82,Loamy Soil,Rabi,Ahmedabad,Low,Mustard
49,38,29,31.47,42.02,6.18,292.73,Sandy Soil,Kharif,Mehsana,Low,Bajra
52,32,31,31.66,54.49,6.11,413.6,Alluvial Soil,Kharif,Rajkot,Low,Castor
85,45,45,16.35,49.13,6.36,264.43,Alluvial Soil,Rabi,Rajkot,Medium,Wheat
55,29,27,26.95,55.11,7.11,453.51,Sandy Soil,Kharif,Mehsana,Low,Castor
52,44,46,19.19,52.84,5.95,106.34,Alluvial Soil,Rabi,Ahmedabad,Low,Mustard
57,34,35,17.74,52.39,7.58,199.77,Alluvial Soil,Rabi,Banaskantha,Low,Mustard
96,46,41,31.5,67.15,6.96,766.9,Black Soil,Kharif,Rajkot,Medium,Cotton
93,43,42,25.42,72.59,6.33,891.04,Red Soil,Kharif,Mehsana,High,Maize
31,26,21,22.98,35.04,6.56,100.53,Loamy Soil,Rabi,Banaskantha,Low,Cumin
88,45,46,17.15,48.06,5.98,172.92,Black Soil,Rabi,Rajkot,Medium,Wheat
105,49,41,26.13,71.25,6.69,963.38,Loamy Soil,Kharif,Vadodara,High,Maize
43,40,26,29.66,56.34,5.79,410.0,Sandy Soil,Kharif,Banaskantha,Low,Castor
32,52,31,20.33,43.49,6.47,157.49,Black Soil,Rabi,Vadodara,Low,Gram
92,51,44,24.95,70.37,6.04,807.4,Red Soil,Kharif,Vadodara,High,Maize
95,44,45,20.85,49.82,5.15,190.93,Black Soil,Rabi,Banaskantha,Medium,Wheat
56,43,38,36.0,48.55,6.43,255.63,Sandy Soil,Kharif,Mehsana,Low,Bajra
84,49,37,25.63,76.37,6.01,832.78,Loamy Soil,Kharif,Ahmedabad,High,Maize
27,32,33,23.24,35.1,6.14,99.61,Loamy Soil,Rabi,Mehsana,Low,Cumin
58,43,36,18.33,49.08,6.58,115.63,Loamy Soil,Rabi,Kutch,Low,Mustard
29,43,39,19.83,44.48,6.32,219.47,Loamy Soil,Rabi,Junagadh,Low,Gram
39,34,28,30.02,57.84,5.75,399.71,Alluvial Soil,Kharif,Kutch,Low,Castor
31,33,32,25.13,38.04,6.72,129.63,Alluvial Soil,Rabi,Rajkot,Low,Cumin
53,34,29,28.09,54.53,5.55,438.12,Loamy Soil,Kharif,Banaskantha,Low,Castor
58,37,31,35.37,36.92,5.27,304.45,Loamy Soil,Kharif,Mehsana,Low,Bajra
62,37,30,34.37,37.22,7.53,270.8,Loamy Soil,Kharif,Ahmedabad,Low,Bajra
36,41,25,28.03,72.37,6.83,653.45,Sandy Soil,Kharif,Jamnagar,Medium,Groundnut
30,23,23,29.79,51.06,7.19,370.97,Sandy Soil,Kharif,Amreli,Low,Sesame
34,21,24,31.75,47.04,7.3,419.37,Alluvial Soil,Kharif,Rajkot,Low,Sesame
22,32,27,23.83,35.88,7.26,117.13,Loamy Soil,Rabi,Mehsana,Low,Cumin
40,42,32,28.16,70.11,6.3,653.87,Black Soil,Kharif,Junagadh,Medium,Groundnut
36,36,21,23.24,36.43,6.05,117.52,Sandy Soil,Rabi,Jamnagar,Low,Cumin
108,52,54,30.17,66.73,7.43,827.98,Alluvial Soil,Kharif,Bhavnagar,Medium,Cotton
72,43,50,20.62,45.84,5.71,216.98,Loamy Soil,Rabi,Mehsana,Medium,Wheat
33,54,33,22.2,43.32,6.97,206.7,Loamy Soil,Rabi,Rajkot,Low,Gram
115,49,46,31.9,63.49,6.6,749.45,Black Soil,Kharif,Vadodara,Medium,Cotton
62,34,40,37.17,33.39,5.98,181.03,Loamy Soil,Kharif,Jamnagar,Low,Bajra
33,32,22,30.47,45.82,6.63,433.92,Alluvial Soil,Kharif,Bhavnagar,Low,Sesame
37,39,27,18.0,29.8,7.04,102.24,Alluvial Soil,Rabi,Jamnagar,Low,Cumin
42,34,26,29.97,52.8,5.84,456.85,Sandy Soil,Kharif,Banaskantha,Low,Castor
101,51,56,28.47,68.64,7.12,661.77,Alluvial Soil,Kharif,Amreli,High,Cotton
46,45,32,27.66,71.98,6.8,668.36,Loamy Soil,Kharif,Rajkot,Medium,Groundnut
39,51,34,22.25,48.1,7.01,153.48,Clay Soil,Rabi,Ahmedabad,Low,Gram
44,45,21,31.48,54.13,6.73,475.41,Loamy Soil,Kharif,Mehsana,Low,Castor
48,46,36,28.01,75.14,6.7,650.67,Black Soil,Kharif,Bhavnagar,Medium,Groundnut
38,52,37,23.14,42.94,6.19,145.53,Black Soil,Rabi,Junagadh,Low,Gram
92,42,41,18.48,48.76,6.45,185.72,Black Soil,Rabi,Anand,Medium,Wheat
41,38,36,27.86,72.22,6.95,666.72,Sandy Soil,Kharif,Rajkot,Medium,Groundnut
34,31,24,30.36,44.58,7.11,341.57,Alluvial Soil,Kharif,Bhavnagar,Low,Sesame
95,45,46,19.84,44.77,7.31,229.78,Loamy Soil,Rabi,Ahmedabad,Medium,Wheat
59,42,32,30.39,53.87,7.14,410.43,Sandy Soil,Kharif,Rajkot,Low,Castor
56,50,43,15.16,53.98,6.13,183.33,Alluvial Soil,Rabi,Jamnagar,Low,Mustard
40,53,33,20.2,45.23,6.24,154.24,Loamy Soil,Rabi,Junagadh,Low,Gram
75,38,47,28.12,69.58,7.04,851.23,Red Soil,Kharif,Vadodara,High,Maize
78,51,36,29.85,63.29,6.32,837.89,Alluvial Soil,Kharif,Mehsana,High,Maize
51,32,29,32.49,36.61,6.31,248.34,Loamy Soil,Kharif,Ahmedabad,Low,Bajra
54,42,20,33.42,42.25,5.59,266.11,Loamy Soil,Kharif,Jamnagar,Low,Bajra
32,27,28,28.57,55.18,5.81,429.93,Alluvial Soil,Kharif,Kutch,Low,Sesame
40,51,33,22.65,43.61,6.47,178.84,Clay Soil,Rabi,Rajkot,Low,Gram
89,54,45,26.79,69.89,6.89,951.73,Red Soil,Kharif,Vadodara,High,Maize
85,47,46,18.74,46.81,6.28,190.72,Black Soil,Rabi,Banaskantha,Medium,Wheat
96,40,44,20.48,48.66,6.16,239.92,Alluvial Soil,Rabi,Banaskantha,Medium,Wheat
30,46,39,22.84,40.61,6.14,146.32,Clay Soil,Rabi,Jamnagar,Low,Gram
41,30,28,29.66,54.01,7.09,449.32,Alluvial Soil,Kharif,Anand,Low,Castor
96,38,43,22.42,47.38,6.67,168.47,Alluvial Soil,Rabi,Rajkot,Medium,Wheat
64,42,53,19.52,46.73,6.51,211.83,Clay Soil,Rabi,Ahmedabad,Medium,Wheat
104,47,56,30.96,63.93,6.91,717.94,Black Soil,Kharif,Junagadh,High,Cotton
83,49,59,20.03,49.65,6.85,152.6,Clay Soil,Rabi,Banaskantha,Medium,Wheat
48,38,24,26.63,46.32,6.3,456.4,Alluvial Soil,Kharif,Mehsana,Low,Castor
35,39,36,19.3,45.21,7.17,212.76,Loamy Soil,Rabi,Rajkot,Low,Gram
63,44,38,21.27,54.57,7.37,149.67,Sandy Soil,Rabi,Banaskantha,Low,Mustard
64,31,29,36.57,38.11,6.61,250.34,Loamy Soil,Kharif,Banaskantha,Low,Bajra
37,26,23,31.05,48.19,7.41,414.41,Sandy Soil,Kharif,Rajkot,Low,Sesame
85,49,39,32.93,67.39,5.63,888.93,Black Soil,Kharif,Bhavnagar,High,Cotton
38,34,29,21.33,31.86,6.23,126.14,Sandy Soil,Rabi,Jamnagar,Low,Cumin
86,40,42,19.8,48.78,5.7,199.42,Alluvial Soil,Rabi,Mehsana,Medium,Wheat
41,48,27,28.35,75.79,6.79,652.89,Black Soil,Kharif,Junagadh,Medium,Groundnut
33,38,28,27.77,72.76,6.36,532.21,Loamy Soil,Kharif,Amreli,Medium,Groundnut
33,33,25,21.21,35.85,5.61,131.62,Sandy Soil,Rabi,Banaskantha,Low,Cumin
41,35,26,21.76,35.3,6.65,110.21,Loamy Soil,Rabi,Banaskantha,Low,Cumin
74,45,46,19.99,46.79,6.64,215.7,Alluvial Soil,Rabi,Rajkot,Medium,Wheat
35,56,33,26.89,76.63,7.54,648.35,Sandy Soil,Kharif,Rajkot,Medium,Groundnut
35,46,34,26.85,72.32,6.42,622.41,Sandy Soil,Kharif,Amreli,Medium,Groundnut
49,31,28,33.14,51.99,6.81,466.05,Alluvial Soil,Kharif,Kutch,Low,Castor
53,37,30,35.17,43.27,6.83,279.3,Sandy Soil,Kharif,Kutch,Low,Bajra
33,29,23,24.26,32.99,6.3,90.98,Sandy Soil,Rabi,Mehsana,Low,Cumin
28,52,39,24.61,42.97,6.8,196.26,Clay Soil,Rabi,Junagadh,Low,Gram
92,53,43,19.32,50.53,6.45,249.8,Alluvial Soil,Rabi,Banaskantha,Medium,Wheat
82,54,42,27.65,72.21,6.11,925.66,Alluvial Soil,Kharif,Vadodara,High,Maize
32,45,35,26.47,75.26,6.31,712.88,Sandy Soil,Kharif,Junagadh,Medium,Groundnut
27,50,30,25.06,42.92,5.84,197.07,Black Soil,Rabi,Vadodara,Low,Gram
65,31,26,17.52,47.54,6.44,162.71,Loamy Soil,Rabi,Banaskantha,Low,Mustard
59,42,32,18.84,52.58,5.02,179.43,Sandy Soil,Rabi,Banaskantha,Low,Mustard
109,53,58,33.37,62.82,6.51,796.84,Black Soil,Kharif,Bhavnagar,Medium,Cotton
74,46,49,20.81,41.55,6.38,163.26,Loamy Soil,Rabi,Rajkot,Medium,Wheat
86,45,41,21.98,47.2,6.04,176.14,Loamy Soil,Rabi,Anand,Medium,Wheat
57,48,29,18.17,51.37,6.65,183.73,Alluvial Soil,Rabi,Banaskantha,Low,Mustard
41,45,35,23.81,35.0,6.47,135.69,Loamy Soil,Rabi,Vadodara,Low,Gram
36,46,34,28.94,75.45,6.7,581.22,Sandy Soil,Kharif,Jamnagar,Medium,Groundnut
51,34,28,30.92,54.02,6.13,349.68,Loamy Soil,Kharif,Banaskantha,Low,Castor
35,25,25,29.49,50.42,6.49,422.92,Sandy Soil,Kharif,Amreli,Low,Sesame
39,27,24,30.48,54.39,6.54,380.85,Loamy Soil,Kharif,Junagadh,Low,Sesame
94,53,51,35.18,67.76,7.08,766.27,Black Soil,Kharif,Vadodara,Medium,Cotton
97,54,52,30.93,69.98,6.36,798.58,Black Soil,Kharif,Bhavnagar,High,Cotton
84,42,48,25.9,73.29,6.59,813.77,Red Soil,Kharif,Anand,High,Maize
106,38,59,32.39,62.41,6.58,811.75,Black Soil,Kharif,Rajkot,High,Cotton
37,23,31,31.74,49.7,6.71,415.61,Alluvial Soil,Kharif,Junagadh,Low,Sesame
31,38,25,22.76,42.55,6.89,115.17,Sandy Soil,Rabi,Mehsana,Low,Cumin
51,29,30,30.63,40.42,6.97,373.62,Sandy Soil,Kharif,Jamnagar,Low,Bajra
52,30,24,28.68,56.64,6.47,437.93,Alluvial Soil,Kharif,Banaskantha,Low,Castor
77,46,44,28.57,68.38,6.77,1005.45,Red Soil,Kharif,Vadodara,High,Maize
28,33,31,23.09,35.59,6.92,105.38,Loamy Soil,Rabi,Kutch,Low,Cumin
28,28,25,30.4,47.33,5.91,420.45,Loamy Soil,Kharif,Bhavnagar,Low,Sesame
47,55,26,25.44,71.89,5.74,652.31,Loamy Soil,Kharif,Amreli,Medium,Groundnut
30,24,27,26.41,50.6,6.31,421.71,Sandy Soil,Kharif,Kutch,Low,Sesame
123,47,39,32.41,67.41,6.38,896.88,Black Soil,Kharif,Jamnagar,High,Cotton
100,35,43,21.57,46.22,7.27,247.16,Black Soil,Rabi,Rajkot,Medium,Wheat
38,45,27,20.18,44.99,6.9,180.38,Clay Soil,Rabi,Rajkot,Low,Gram
57,43,43,17.79,53.55,5.74,134.61,Sandy Soil,Rabi,Ahmedabad,Low,Mustard
52,40,28,19.56,53.91,6.86,178.26,Loamy Soil,Rabi,Ahmedabad,Low,Mustard
90,61,45,33.62,70.07,7.0,771.23,Alluvial Soil,Kharif,Surat,High,Cotton
69,36,42,19.93,50.81,6.53,191.78,Alluvial Soil,Rabi,Ahmedabad,Medium,Wheat
33,26,23,29.35,55.58,6.29,409.02,Loamy Soil,Kharif,Rajkot,Low,Sesame
38,38,33,22.41,35.62,6.05,79.72,Loamy Soil,Rabi,Mehsana,Low,Cumin
29,26,26,22.18,32.87,6.04,110.91,Alluvial Soil,Rabi,Banaskantha,Low,Cumin
75,57,50,19.5,45.43,6.41,202.79,Black Soil,Rabi,Mehsana,Medium,Wheat
61,44,49,23.13,52.04,6.65,135.14,Alluvial Soil,Rabi,Jamnagar,Low,Mustard
50,24,30,29.73,39.21,7.23,237.28,Sandy Soil,Kharif,Kutch,Low,Bajra
37,43,26,22.85,46.61,6.32,166.71,Black Soil,Rabi,Rajkot,Low,Gram
34,48,43,28.67,67.52,6.32,656.12,Loamy Soil,Kharif,Amreli,Medium,Groundnut
40,48,33,29.75,72.31,6.41,679.62,Black Soil,Kharif,Amreli,Medium,Groundnut
84,49,38,27.04,74.4,6.58,799.51,Red Soil,Kharif,Banaskantha,High,Maize
65,39,40,19.4,54.23,6.13,174.63,Loamy Soil,Rabi,Banaskantha,Low,Mustard
50,29,35,35.86,40.1,6.2,195.81,Sandy Soil,Kharif,Mehsana,Low,Bajra
33,41,24,26.02,43.01,6.32,194.96,Loamy Soil,Rabi,Junagadh,Low,Gram
49,45,32,30.18,68.92,5.86,569.21,Sandy Soil,Kharif,Junagadh,Medium,Groundnut
54,35,31,17.35,50.26,5.82,104.67,Loamy Soil,Rabi,Ahmedabad,Low,Mustard
33,26,29,30.83,52.34,6.31,426.15,Sandy Soil,Kharif,Amreli,Low,Sesame
64,36,30,29.01,58.25,6.67,431.05,Sandy Soil,Kharif,Banaskantha,Low,Castor
50,36,31,32.41,43.55,5.95,246.83,Sandy Soil,Kharif,Jamnagar,Low,Bajra
52,30,26,37.89,38.49,7.66,233.55,Loamy Soil,Kharif,Mehsana,Low,Bajra
30,37,31,27.79,74.63,6.88,680.26,Loamy Soil,Kharif,Rajkot,Medium,Groundnut
68,41,26,21.52,53.58,6.82,191.32,Sandy Soil,Rabi,Banaskantha,Low,Mustard
94,41,44,27.38,63.37,6.06,777.99,Loamy Soil,Kharif,Ahmedabad,High,Maize
85,51,49,26.75,72.26,5.93,879.28,Loamy Soil,Kharif,Mehsana,High,Maize
81,48,48,19.63,44.56,6.29,227.93,Alluvial Soil,Rabi,Anand,Medium,Wheat
45,52,33,27.66,68.24,6.46,691.17,Black Soil,Kharif,Rajkot,Medium,Groundnut
26,35,23,21.0,35.18,5.88,124.78,Loamy Soil,Rabi,Banaskantha,Low,Cumin
30,21,23,25.0,52.42,6.79,367.48,Loamy Soil,Kharif,Rajkot,Low,Sesame
44,32,20,31.77,45.67,6.92,448.45,Alluvial Soil,Kharif,Junagadh,Low,Sesame
48,37,35,33.33,40.2,6.21,229.37,Loamy Soil,Kharif,Mehsana,Low,Bajra
118,59,50,31.7,61.8,6.31,872.58,Alluvial Soil,Kharif,Surat,High,Cotton
84,49,42,31.01,66.39,6.14,1009.59,Alluvial Soil,Kharif,Vadodara,High,Maize
42,25,23,24.22,41.85,6.07,136.93,Alluvial Soil,Rabi,Jamnagar,Low,Cumin
37,46,38,24.37,44.32,6.02,163.88,Black Soil,Rabi,Jamnagar,Low,Gram
33,40,35,27.41,70.37,6.18,684.95,Sandy Soil,Kharif,Bhavnagar,Medium,Groundnut
101,50,41,29.31,71.0,6.57,819.98,Alluvial Soil,Kharif,Mehsana,High,Maize
59,39,33,32.5,41.27,6.86,192.83,Sandy Soil,Kharif,Banaskantha,Low,Bajra
97,45,46,19.51,49.1,5.22,152.67,Loamy Soil,Rabi,Banaskantha,Medium,Wheat
66,44,34,18.69,52.55,6.29,215.44,Alluvial Soil,Rabi,Kutch,Low,Mustard
40,47,36,29.06,72.07,6.43,767.46,Sandy Soil,Kharif,Amreli,Medium,Groundnut
98,51,47,32.1,63.56,7.14,722.03,Black Soil,Kharif,Junagadh,High,Cotton
67,36,33,18.72,53.54,7.04,217.98,Alluvial Soil,Rabi,Mehsana,Low,Mustard
61,39,33,20.68,53.86,5.63,145.29,Sandy Soil,Rabi,Jamnagar,Low,Mustard
58,40,28,30.99,51.81,6.46,467.13,Sandy Soil,Kharif,Mehsana,Low,Castor
112,47,50,22.21,45.42,5.57,221.9,Clay Soil,Rabi,Rajkot,Medium,Wheat
49,50,36,28.73,71.6,5.77,639.95,Sandy Soil,Kharif,Rajkot,Medium,Groundnut
38,40,25,21.49,35.22,6.44,171.55,Alluvial Soil,Rabi,Rajkot,Low,Cumin
72,43,44,20.61,42.32,6.52,217.12,Black Soil,Rabi,Mehsana,Medium,Wheat
46,37,36,32.1,39.21,6.59,298.77,Sandy Soil,Kharif,Jamnagar,Low,Bajra
88,44,48,17.81,51.52,6.06,136.05,Alluvial Soil,Rabi,Rajkot,Medium,Wheat
41,58,34,22.76,42.73,6.35,137.72,Loamy Soil,Rabi,Ahmedabad,Low,Gram
82,53,44,25.87,65.47,6.81,936.83,Loamy Soil,Kharif,Anand,High,Maize
39,46,32,28.0,69.78,7.05,664.76,Loamy Soil,Kharif,Bhavnagar,Medium,Groundnut
113,53,52,33.63,66.13,6.2,865.05,Alluvial Soil,Kharif,Jamnagar,High,Cotton
92,49,35,27.64,69.82,6.42,863.54,Loamy Soil,Kharif,Banaskantha,High,Maize
36,47,37,23.25,39.12,6.74,137.34,Loamy Soil,Rabi,Vadodara,Low,Gram
40,33,29,20.65,33.97,6.22,101.68,Alluvial Soil,Rabi,Kutch,Low,Cumin
48,34,26,32.13,51.53,6.12,390.43,Sandy Soil,Kharif,Banaskantha,Low,Castor
32,35,25,23.1,33.91,6.63,109.56,Sandy Soil,Rabi,Jamnagar,Low,Cumin
61,21,36,32.89,38.62,7.36,283.89,Loamy Soil,Kharif,Kutch,Low,Bajra
53,31,28,30.91,58.61,6.31,394.3,Alluvial Soil,Kharif,Anand,Low,Castor
35,26,24,29.87,55.07,6.92,384.79,Alluvial Soil,Kharif,Junagadh,Low,Sesame
78,55,42,24.9,65.59,6.09,900.14,Red Soil,Kharif,Mehsana,High,Maize
60,35,44,19.16,49.13,6.29,204.47,Sandy Soil,Rabi,Banaskantha,Low,Mustard
109,63,50,30.59,64.14,6.65,937.88,Black Soil,Kharif,Junagadh,Medium,Cotton
94,49,40,25.86,71.02,6.31,862.06,Red Soil,Kharif,Mehsana,High,Maize
96,55,41,31.97,64.42,6.61,775.36,Black Soil,Kharif,Junagadh,High,Cotton
87,50,39,25.53,68.75,7.07,990.45,Red Soil,Kharif,Vadodara,High,Maize
98,36,34,18.96,43.88,5.8,219.11,Clay Soil,Rabi,Banaskantha,Medium,Wheat
71,44,53,17.8,47.7,7.6,221.07,Alluvial Soil,Rabi,Rajkot,Medium,Wheat
53,42,32,17.59,51.91,6.32,159.71,Alluvial Soil,Rabi,Ahmedabad,Low,Mustard
62,38,34,18.82,54.07,6.04,150.65,Alluvial Soil,Rabi,Ahmedabad,Low,Mustard
73,54,44,20.62,49.64,6.27,222.42,Alluvial Soil,Rabi,Rajkot,Medium,Wheat
30,48,38,27.41,69.65,5.27,600.96,Black Soil,Kharif,Bhavnagar,Medium,Groundnut
47,33,30,28.17,52.28,5.7,451.7,Alluvial Soil,Kharif,Rajkot,Low,Castor
32,29,19,28.18,52.42,6.42,375.51,Sandy Soil,Kharif,Amreli,Low,Sesame
80,49,42,29.39,73.89,6.77,804.59,Red Soil,Kharif,Mehsana,High,Maize
62,41,29,20.3,50.16,6.22,168.55,Sandy Soil,Rabi,Mehsana,Low,Mustard
68,51,43,17.07,46.18,6.64,234.58,Loamy Soil,Rabi,Anand,Medium,Wheat
92,43,44,19.41,48.2,6.02,151.16,Loamy Soil,Rabi,Rajkot,Medium,Wheat
47,44,28,31.5,52.47,5.83,445.96,Loamy Soil,Kharif,Rajkot,Low,Castor
104,42,44,31.56,70.58,6.36,653.25,Black Soil,Kharif,Bhavnagar,High,Cotton
64,43,47,19.88,51.84,6.44,211.33,Sandy Soil,Rabi,Ahmedabad,Low,Mustard
34,38,31,26.84,74.77,6.7,646.51,Loamy Soil,Kharif,Rajkot,Medium,Groundnut
46,45,31,30.86,72.27,7.08,629.94,Sandy Soil,Kharif,Bhavnagar,Medium,Groundnut
38,51,33,20.48,42.93,6.61,184.84,Clay Soil,Rabi,Ahmedabad,Low,Gram
63,48,32,20.63,58.09,7.28,153.56,Sandy Soil,Rabi,Jamnagar,Low,Mustard
28,49,28,26.69,72.22,6.72,658.2,Loamy Soil,Kharif,Bhavnagar,Medium,Groundnut
36,32,24,29.78,45.46,6.27,389.01,Alluvial Soil,Kharif,Kutch,Low,Sesame
60,46,42,16.8,51.77,7.21,170.13,Loamy Soil,Rabi,Jamnagar,Low,Mustard
99,45,50,29.0,74.56,6.65,978.08,Red Soil,Kharif,Anand,High,Maize
60,40,35,32.6,41.04,7.05,309.51,Loamy Soil,Kharif,Jamnagar,Low,Bajra
98,58,47,32.67,63.94,5.99,791.78,Alluvial Soil,Kharif,Bhavnagar,High,Cotton
111,58,47,32.31,68.58,6.61,860.27,Alluvial Soil,Kharif,Vadodara,High,Cotton
93,48,42,19.76,48.17,7.14,225.15,Alluvial Soil,Rabi,Banaskantha,Medium,Wheat
30,39,25,23.76,32.91,7.39,110.8,Sandy Soil,Rabi,Jamnagar,Low,Cumin
57,46,40,22.04,50.53,6.45,159.43,Loamy Soil,Rabi,Ahmedabad,Low,Mustard
31,49,39,24.96,42.63,6.14,161.71,Loamy Soil,Rabi,Vadodara,Low,Gram
24,31,30,25.22,33.6,6.39,117.05,Alluvial Soil,Rabi,Kutch,Low,Cumin
29,29,31,24.92,28.58,6.23,130.12,Alluvial Soil,Rabi,Mehsana,Low,Cumin
42,30,30,23.02,34.92,6.87,74.65,Sandy Soil,Rabi,Rajkot,Low,Cumin
51,41,38,18.57,54.83,5.8,176.29,Loamy Soil,Rabi,Kutch,Low,Mustard
82,50,40,26.7,65.38,6.01,933.22,Loamy Soil,Kharif,Banaskantha,High,Maize
49,39,34,35.54,42.12,6.06,316.72,Sandy Soil,Kharif,Ahmedabad,Low,Bajra
50,45,40,19.07,52.33,6.0,213.94,Loamy Soil,Rabi,Banaskantha,Low,Mustard
52,41,29,35.22,42.54,5.96,239.86,Loamy Soil,Kharif,Mehsana,Low,Bajra
101,54,34,30.4,67.96,6.64,790.19,Black Soil,Kharif,Junagadh,Medium,Cotton
55,38,42,19.65,54.15,7.08,180.53,Loamy Soil,Rabi,Banaskantha,Low,Mustard
32,24,22,30.52,49.31,5.75,385.98,Loamy Soil,Kharif,Kutch,Low,Sesame
29,48,40,20.98,43.15,7.06,184.54,Black Soil,Rabi,Junagadh,Low,Gram
34,27,23,30.59,51.97,6.17,404.97,Sandy Soil,Kharif,Rajkot,Low,Sesame
105,62,46,32.09,65.64,7.7,660.04,Black Soil,Kharif,Vadodara,High,Cotton
45,34,30,33.18,45.8,6.24,369.62,Loamy Soil,Kharif,Kutch,Low,Sesame
43,48,33,28.7,70.5,6.35,659.6,Black Soil,Kharif,Rajkot,Medium,Groundnut
27,28,23,29.82,53.16,6.09,396.59,Alluvial Soil,Kharif,Rajkot,Low,Sesame
61,39,38,19.89,49.91,5.73,100.57,Loamy Soil,Rabi,Banaskantha,Low,Mustard
51,36,21,29.92,58.24,6.6,457.01,Loamy Soil,Kharif,Mehsana,Low,Castor
87,58,50,31.02,64.53,7.3,848.9,Black Soil,Kharif,Bhavnagar,High,Cotton
89,57,43,26.0,65.25,5.78,925.11,Loamy Soil,Kharif,Vadodara,High,Maize
64,32,38,34.09,40.79,6.47,266.78,Sandy Soil,Kharif,Jamnagar,Low,Bajra
51,43,35,33.1,47.64,5.9,241.14,Sandy Soil,Kharif,Mehsana,Low,Bajra
40,43,33,22.69,44.48,6.39,157.43,Black Soil,Rabi,Rajkot,Low,Gram
36,50,25,21.46,38.39,5.89,138.72,Black Soil,Rabi,Jamnagar,Low,Gram
26,27,33,21.91,37.7,6.79,111.11,Loamy Soil,Rabi,Kutch,Low,Cumin
102,57,39,29.65,59.91,7.13,763.21,Black Soil,Kharif,Vadodara,Medium,Cotton
36,23,26,26.81,52.71,6.42,423.14,Loamy Soil,Kharif,Junagadh,Low,Sesame
67,42,38,22.04,54.24,6.39,181.46,Alluvial Soil,Rabi,Jamnagar,Low,Mustard
48,40,26,29.57,74.33,7.13,690.04,Sandy Soil,Kharif,Junagadh,Medium,Groundnut
104,59,41,32.91,68.98,5.61,821.31,Black Soil,Kharif,Surat,Medium,Cotton
48,35,26,30.45,47.99,6.75,453.11,Alluvial Soil,Kharif,Kutch,Low,Castor
45,30,24,32.63,54.49,6.17,412.6,Alluvial Soil,Kharif,Kutch,Low,Castor
77,47,45,25.09,68.45,6.8,958.35,Red Soil,Kharif,Mehsana,High,Maize
100,48,51,32.56,66.64,6.24,656.44,Black Soil,Kharif,Rajkot,High,Cotton
35,47,33,20.46,43.57,6.46,189.97,Loamy Soil,Rabi,Junagadh,Low,Gram
95,39,50,21.48,45.3,6.41,200.55,Clay Soil,Rabi,Anand,Medium,Wheat
65,31,31,33.89,38.81,7.16,271.8,Loamy Soil,Kharif,Banaskantha,Low,Bajra
68,35,36,18.78,55.54,6.15,189.88,Sandy Soil,Rabi,Kutch,Low,Mustard
91,48,53,31.55,63.65,6.02,828.24,Alluvial Soil,Kharif,Vadodara,Medium,Cotton
48,30,28,31.54,51.51,6.86,459.99,Alluvial Soil,Kharif,Rajkot,Low,Castor
49,25,25,27.16,62.67,6.32,439.45,Loamy Soil,Kharif,Kutch,Low,Castor
31,30,28,21.49,38.5,5.76,99.53,Loamy Soil,Rabi,Kutch,Low,Cumin
96,37,43,20.57,40.17,7.17,211.79,Clay Soil,Rabi,Banaskantha,Medium,Wheat
79,49,54,19.02,49.6,7.11,233.9,Loamy Soil,Rabi,Mehsana,Medium,Wheat
33,32,21,23.53,36.27,6.25,128.14,Sandy Soil,Rabi,Banaskantha,Low,Cumin
62,35,28,20.97,54.61,6.5,177.4,Loamy Soil,Rabi,Ahmedabad,Low,Mustard
57,31,43,32.83,44.39,6.13,341.53,Sandy Soil,Kharif,Kutch,Low,Bajra
35,54,29,24.12,40.24,5.13,179.76,Clay Soil,Rabi,Junagadh,Low,Gram
50,37,32,27.08,71.72,6.7,683.47,Loamy Soil,Kharif,Junagadh,Medium,Groundnut
85,49,47,24.95,68.21,5.43,991.67,Alluvial Soil,Kharif,Mehsana,High,Maize
87,48,37,29.01,71.77,6.51,899.84,Red Soil,Kharif,Ahmedabad,High,Maize
38,27,23,30.78,50.63,6.65,397.75,Alluvial Soil,Kharif,Amreli,Low,Sesame
94,45,47,30.41,68.09,6.45,788.16,Black Soil,Kharif,Vadodara,Medium,Cotton
65,43,33,21.54,53.21,5.93,119.78,Loamy Soil,Rabi,Ahmedabad,Low,Mustard
100,53,43,31.22,65.77,5.93,823.33,Alluvial Soil,Kharif,Vadodara,Medium,Cotton
23,45,43,22.03,42.66,6.22,194.72,Clay Soil,Rabi,Ahmedabad,Low,Gram
44,44,31,28.58,70.65,6.33,656.07,Loamy Soil,Kharif,Bhavnagar,Medium,Groundnut
53,37,32,31.93,34.38,6.79,343.6,Loamy Soil,Kharif,Ahmedabad,Low,Bajra
96,48,39,27.55,66.53,5.93,1000.69,Loamy Soil,Kharif,Ahmedabad,High,Maize
50,39,25,15.96,51.23,6.44,152.98,Alluvial Soil,Rabi,Kutch,Low,Mustard
40,29,20,29.17,52.16,5.42,410.79,Sandy Soil,Kharif,Kutch,Low,Sesame
34,35,23,22.72,34.62,6.09,164.87,Sandy Soil,Rabi,Rajkot,Low,Cumin
37,38,29,27.99,72.65,7.46,654.06,Sandy Soil,Kharif,Amreli,Medium,Groundnut
44,36,31,27.83,73.68,5.14,658.31,Black Soil,Kharif,Bhavnagar,Medium,Groundnut
87,61,43,25.65,65.13,6.36,892.06,Red Soil,Kharif,Ahmedabad,High,Maize
92,51,54,32.26,63.23,6.74,726.51,Black Soil,Kharif,Junagadh,High,Cotton
57,30,30,35.94,42.55,7.05,274.04,Sandy Soil,Kharif,Kutch,Low,Bajra
69,57,36,26.14,74.46,6.38,820.17,Alluvial Soil,Kharif,Vadodara,High,Maize
77,48,39,20.74,47.54,7.17,238.05,Loamy Soil,Rabi,Anand,Medium,Wheat
45,46,35,18.73,50.45,6.18,139.76,Alluvial Soil,Rabi,Ahmedabad,Low,Mustard
32,50,33,21.42,41.28,6.73,165.47,Black Soil,Rabi,Junagadh,Low,Gram
54,38,35,18.08,54.6,7.12,133.68,Sandy Soil,Rabi,Banaskantha,Low,Mustard
54,34,40,19.01,52.35,6.05,209.61,Alluvial Soil,Rabi,Mehsana,Low,Mustard
85,53,47,19.75,52.46,5.33,172.82,Clay Soil,Rabi,Ahmedabad,Medium,Wheat
51,40,22,29.47,56.13,5.71,519.13,Sandy Soil,Kharif,Rajkot,Low,Castor
39,28,24,30.87,47.48,7.18,440.22,Sandy Soil,Kharif,Kutch,Low,Sesame
33,51,47,24.41,43.41,6.86,176.9,Loamy Soil,Rabi,Jamnagar,Low,Gram
48,35,38,35.83,39.02,6.99,260.13,Loamy Soil,Kharif,Kutch,Low,Bajra
39,43,33,28.84,70.24,6.09,682.48,Black Soil,Kharif,Rajkot,Medium,Groundnut
47,23,26,29.92,61.33,6.51,496.78,Loamy Soil,Kharif,Rajkot,Low,Castor
41,42,35,28.31,72.64,7.28,683.12,Loamy Soil,Kharif,Rajkot,Medium,Groundnut
33,39,24,23.49,33.98,6.46,143.43,Loamy Soil,Rabi,Banaskantha,Low,Cumin
53,33,28,32.3,57.61,5.92,479.33,Sandy Soil,Kharif,Anand,Low,Castor
83,52,39,27.53,74.86,6.17,930.57,Red Soil,Kharif,Anand,High,Maize
39,37,22,22.84,35.75,6.66,133.76,Sandy Soil,Rabi,Rajkot,Low,Cumin
92,40,42,19.65,45.93,5.95,240.05,Loamy Soil,Rabi,Mehsana,Medium,Wheat
45,47,33,28.88,71.13,5.79,686.15,Loamy Soil,Kharif,Rajkot,Medium,Groundnut
38,30,28,32.77,37.19,6.56,311.7,Sandy Soil,Kharif,Kutch,Low,Bajra
33,27,33,21.39,38.24,5.7,104.38,Sandy Soil,Rabi,Rajkot,Low,Cumin
32,34,23,19.9,33.66,5.61,113.55,Sandy Soil,Rabi,Banaskantha,Low,Cumin
62,29,32,17.84,50.35,6.17,149.2,Loamy Soil,Rabi,Banaskantha,Low,Mustard
32,56,48,23.86,44.03,6.26,221.43,Loamy Soil,Rabi,Jamnagar,Low,Gram
42,55,43,23.09,44.22,6.83,164.01,Black Soil,Rabi,Jamnagar,Low,Gram
67,35,27,18.85,58.06,7.05,142.32,Sandy Soil,Rabi,Mehsana,Low,Mustard
40,37,27,21.09,40.58,5.7,184.5,Black Soil,Rabi,Rajkot,Low,Gram
36,56,40,23.16,43.52,6.34,210.47,Loamy Soil,Rabi,Ahmedabad,Low,Gram
76,50,44,29.47,72.59,7.05,957.62,Loamy Soil,Kharif,Banaskantha,High,Maize
57,40,36,16.62,53.69,6.03,133.52,Sandy Soil,Rabi,Banaskantha,Low,Mustard
92,47,47,25.76,72.0,5.85,968.74,Red Soil,Kharif,Vadodara,High,Maize
48,30,37,35.32,39.57,6.92,287.53,Sandy Soil,Kharif,Jamnagar,Low,Bajra
42,28,39,23.23,35.46,6.29,106.14,Loamy Soil,Rabi,Mehsana,Low,Cumin
47,37,32,17.89,52.21,6.53,179.16,Sandy Soil,Rabi,Jamnagar,Low,Mustard
105,54,44,31.31,61.0,7.39,800.9,Alluvial Soil,Kharif,Rajkot,Medium,Cotton
115,52,41,29.22,60.09,5.81,891.9,Black Soil,Kharif,Jamnagar,Medium,Cotton
110,48,52,30.54,67.97,6.59,836.88,Black Soil,Kharif,Jamnagar,Medium,Cotton
32,56,34,23.89,38.8,5.54,151.36,Loamy Soil,Rabi,Ahmedabad,Low,Gram
87,57,38,29.79,69.25,7.26,899.65,Red Soil,Kharif,Vadodara,High,Maize
37,53,41,20.19,43.76,6.53,185.75,Loamy Soil,Rabi,Ahmedabad,Low,Gram
39,34,30,20.99,30.93,7.07,132.9,Sandy Soil,Rabi,Kutch,Low,Cumin
33,51,29,24.13,42.84,6.4,167.4,Black Soil,Rabi,Vadodara,Low,Gram
76,52,41,26.78,68.63,6.86,915.27,Red Soil,Kharif,Vadodara,High,Maize
76,45,43,28.51,75.46,5.61,901.71,Alluvial Soil,Kharif,Banaskantha,High,Maize
56,31,24,35.61,35.67,6.3,344.75,Loamy Soil,Kharif,Banaskantha,Low,Bajra
44,34,34,33.6,41.43,5.69,210.61,Sandy Soil,Kharif,Ahmedabad,Low,Bajra
80,43,42,18.29,52.08,7.59,188.21,Alluvial Soil,Rabi,Mehsana,Medium,Wheat
58,31,34,16.58,51.28,7.04,122.45,Loamy Soil,Rabi,Banaskantha,Low,Mustard
60,33,25,19.7,52.01,7.31,155.01,Loamy Soil,Rabi,Kutch,Low,Mustard
86,49,41,31.11,66.06,6.94,901.03,Red Soil,Kharif,Banaskantha,High,Maize
27,48,33,26.66,68.68,7.27,720.71,Loamy Soil,Kharif,Rajkot,Medium,Groundnut
34,50,37,24.01,39.98,6.32,191.96,Loamy Soil,Rabi,Jamnagar,Low,Gram
93,46,41,19.51,51.32,6.01,134.94,Black Soil,Rabi,Banaskantha,Medium,Wheat
107,44,43,18.9,43.6,6.83,196.48,Loamy Soil,Rabi,Rajkot,Medium,Wheat
52,40,30,31.21,59.55,6.51,452.89,Alluvial Soil,Kharif,Mehsana,Low,Castor
37,24,25,29.81,50.49,6.12,413.97,Loamy Soil,Kharif,Junagadh,Low,Sesame
40,50,39,27.09,74.5,6.88,703.67,Loamy Soil,Kharif,Jamnagar,Medium,Groundnut
34,61,38,20.32,45.14,6.53,158.08,Loamy Soil,Rabi,Junagadh,Low,Gram
36,50,26,19.28,38.78,6.4,154.16,Loamy Soil,Rabi,Jamnagar,Low,Gram
40,52,25,26.93,71.12,6.31,687.01,Loamy Soil,Kharif,Amreli,Medium,Groundnut
89,38,46,16.02,47.44,6.2,233.88,Alluvial Soil,Rabi,Ahmedabad,Medium,Wheat
22,24,21,32.65,50.77,6.4,393.2,Sandy Soil,Kharif,Junagadh,Low,Sesame
77,48,45,28.26,71.91,6.3,859.54,Red Soil,Kharif,Ahmedabad,High,Maize
89,40,43,16.86,48.28,5.07,190.35,Black Soil,Rabi,Rajkot,Medium,Wheat
124,61,51,32.1,64.29,6.02,805.17,Black Soil,Kharif,Junagadh,High,Cotton
97,57,44,31.0,64.26,5.91,921.37,Alluvial Soil,Kharif,Bhavnagar,Medium,Cotton
25,29,26,32.47,51.31,6.22,434.65,Loamy Soil,Kharif,Junagadh,Low,Sesame
80,47,38,26.34,67.15,6.99,839.92,Loamy Soil,Kharif,Mehsana,High,Maize
35,31,27,22.17,33.05,6.51,88.32,Loamy Soil,Rabi,Banaskantha,Low,Cumin
91,54,43,25.8,71.47,6.74,944.93,Alluvial Soil,Kharif,Banaskantha,High,Maize
49,41,26,36.3,39.06,7.28,255.67,Sandy Soil,Kharif,Kutch,Low,Bajra
28,29,20,28.03,46.01,6.58,339.54,Loamy Soil,Kharif,Amreli,Low,Sesame
45,28,25,34.13,38.86,6.36,259.67,Loamy Soil,Kharif,Kutch,Low,Bajra
48,40,33,31.63,37.66,6.06,333.58,Sandy Soil,Kharif,Banaskantha,Low,Bajra
67,35,37,18.71,54.53,6.19,179.01,Loamy Soil,Rabi,Kutch,Low,Mustard
90,52,49,34.79,59.96,7.08,864.87,Alluvial Soil,Kharif,Vadodara,High,Cotton
45,38,34,32.91,43.34,6.87,262.13,Loamy Soil,Kharif,Jamnagar,Low,Bajra
34,47,30,20.57,43.83,6.15,147.52,Black Soil,Rabi,Jamnagar,Low,Gram
31,31,26,33.42,48.01,7.01,461.94,Sandy Soil,Kharif,Kutch,Low,Sesame
43,46,32,29.24,70.85,6.21,649.4,Loamy Soil,Kharif,Bhavnagar,Medium,Groundnut
34,21,23,30.77,42.9,6.99,447.58,Loamy Soil,Kharif,Junagadh,Low,Sesame
89,48,44,26.82,63.16,7.15,1038.03,Loamy Soil,Kharif,Banaskantha,High,Maize
84,51,49,32.23,58.85,6.05,795.73,Black Soil,Kharif,Surat,High,Cotton
64,35,32,20.88,47.33,7.21,123.51,Sandy Soil,Rabi,Mehsana,Low,Mustard
93,47,41,34.83,69.44,7.46,718.47,Black Soil,Kharif,Rajkot,High,Cotton
74,49,51,26.16,67.75,6.59,868.77,Alluvial Soil,Kharif,Ahmedabad,High,Maize
36,49,37,21.98,44.59,6.12,193.91,Clay Soil,Rabi,Vadodara,Low,Gram
93,52,47,29.04,61.11,5.95,854.8,Black Soil,Kharif,Amreli,High,Cotton
57,35,29,20.89,49.02,6.54,213.11,Sandy Soil,Rabi,Mehsana,Low,Mustard
71,40,43,18.35,54.04,6.53,207.23,Alluvial Soil,Rabi,Ahmedabad,Low,Mustard
57,42,31,16.84,50.51,5.89,147.67,Sandy Soil,Rabi,Jamnagar,Low,Mustard
87,51,41,26.91,68.57,6.76,906.72,Red Soil,Kharif,Mehsana,High,Maize
37,47,32,20.33,39.35,6.86,182.67,Clay Soil,Rabi,Jamnagar,Low,Gram
100,45,39,28.9,71.78,6.84,959.77,Alluvial Soil,Kharif,Anand,High,Maize
38,45,25,23.56,43.91,5.99,194.96,Loamy Soil,Rabi,Jamnagar,Low,Gram
72,50,35,21.38,53.56,6.39,163.59,Sandy Soil,Rabi,Mehsana,Low,Mustard
83,52,51,20.42,52.07,7.62,194.16,Clay Soil,Rabi,Ahmedabad,Medium,Wheat
28,44,36,23.43,38.73,7.52,162.58,Clay Soil,Rabi,Rajkot,Low,Gram
47,38,39,17.49,54.33,5.75,172.24,Alluvial Soil,Rabi,Ahmedabad,Low,Mustard
64,49,41,27.81,68.26,6.11,899.48,Alluvial Soil,Kharif,Vadodara,High,Maize
33,29,18,30.34,52.75,5.46,423.51,Sandy Soil,Kharif,Amreli,Low,Sesame
54,35,40,17.21,49.57,6.6,163.68,Loamy Soil,Rabi,Ahmedabad,Low,Mustard
44,52,32,31.47,68.19,6.85,708.33,Sandy Soil,Kharif,Jamnagar,Medium,Groundnut
50,33,23,29.33,55.61,6.79,456.12,Sandy Soil,Kharif,Anand,Low,Castor
32,35,30,23.43,37.98,6.54,129.53,Alluvial Soil,Rabi,Mehsana,Low,Cumin
45,45,33,26.89,68.21,6.62,695.25,Loamy Soil,Kharif,Junagadh,Medium,Groundnut
36,42,35,28.34,69.19,6.28,693.88,Sandy Soil,Kharif,Amreli,Medium,Groundnut
52,32,32,31.32,39.54,6.68,311.25,Loamy Soil,Kharif,Jamnagar,Low,Bajra
45,27,22,31.67,55.17,5.47,353.96,Alluvial Soil,Kharif,Kutch,Low,Sesame
94,45,44,19.36,45.34,6.49,180.52,Loamy Soil,Rabi,Anand,Medium,Wheat
46,38,27,37.62,39.76,7.48,240.88,Loamy Soil,Kharif,Banaskantha,Low,Bajra
39,49,22,23.36,37.45,5.44,199.96,Black Soil,Rabi,Vadodara,Low,Gram
51,26,24,28.67,55.18,7.23,503.75,Alluvial Soil,Kharif,Banaskantha,Low,Castor
94,46,49,28.43,59.16,6.41,805.5,Alluvial Soil,Kharif,Jamnagar,Medium,Cotton
51,42,41,20.98,52.73,6.91,153.06,Sandy Soil,Rabi,Banaskantha,Low,Mustard
64,34,32,32.99,37.05,6.64,269.36,Sandy Soil,Kharif,Ahmedabad,Low,Bajra
88,56,51,30.93,67.98,6.18,816.88,Black Soil,Kharif,Vadodara,Medium,Cotton
57,26,34,32.0,41.47,7.45,267.63,Loamy Soil,Kharif,Kutch,Low,Bajra
32,45,39,23.99,42.95,6.0,178.04,Loamy Soil,Rabi,Jamnagar,Low,Gram
32,30,28,31.42,51.24,5.95,378.32,Alluvial Soil,Kharif,Rajkot,Low,Sesame
59,27,26,26.46,55.03,6.73,469.17,Loamy Soil,Kharif,Mehsana,Low,Castor
26,24,33,30.06,46.61,7.13,398.43,Sandy Soil,Kharif,Rajkot,Low,Sesame
93,43,43,21.23,45.77,6.89,250.38,Loamy Soil,Rabi,Mehsana,Medium,Wheat
28,44,39,27.81,73.26,7.19,629.8,Black Soil,Kharif,Junagadh,Medium,Groundnut
52,44,27,30.02,56.43,6.03,363.72,Alluvial Soil,Kharif,Kutch,Low,Castor
29,44,28,28.81,68.46,6.67,618.5,Loamy Soil,Kharif,Rajkot,Medium,Groundnut
54,32,25,30.47,37.51,6.77,287.04,Sandy Soil,Kharif,Ahmedabad,Low,Bajra
55,40,39,17.42,52.66,6.83,191.33,Loamy Soil,Rabi,Kutch,Low,Mustard
36,42,36,29.42,72.28,6.84,596.15,Sandy Soil,Kharif,Junagadh,Medium,Groundnut
56,40,31,33.33,34.81,7.05,312.2,Sandy Soil,Kharif,Ahmedabad,Low,Bajra
88,53,50,19.27,49.29,6.3,201.13,Loamy Soil,Rabi,Rajkot,Medium,Wheat
87,35,45,28.86,69.87,6.54,904.91,Red Soil,Kharif,Anand,High,Maize
89,51,48,32.69,67.37,5.94,697.73,Alluvial Soil,Kharif,Jamnagar,High,Cotton
92,47,41,19.69,45.46,5.43,233.28,Black Soil,Rabi,Rajkot,Medium,Wheat
41,29,26,27.72,48.67,5.75,437.86,Sandy Soil,Kharif,Anand,Low,Castor
57,43,38,18.78,53.01,6.87,180.34,Loamy Soil,Rabi,Banaskantha,Low,Mustard
40,33,15,22.76,41.17,6.54,132.81,Sandy Soil,Rabi,Mehsana,Low,Cumin
49,39,30,28.43,38.11,6.36,267.91,Sandy Soil,Kharif,Kutch,Low,Bajra
51,34,32,31.82,52.55,7.1,367.07,Alluvial Soil,Kharif,Kutch,Low,Castor
74,36,30,22.38,52.15,6.92,147.41,Loamy Soil,Rabi,Kutch,Low,Mustard
29,55,28,27.78,73.15,6.36,635.5,Black Soil,Kharif,Jamnagar,Medium,Groundnut
48,31,26,29.98,51.38,6.99,428.02,Loamy Soil,Kharif,Kutch,Low,Castor
43,32,33,32.43,38.79,6.7,278.03,Loamy Soil,Kharif,Banaskantha,Low,Bajra
56,41,36,20.91,51.45,5.93,163.09,Sandy Soil,Rabi,Ahmedabad,Low,Mustard
89,55,49,33.28,62.36,6.52,709.0,Black Soil,Kharif,Vadodara,Medium,Cotton
79,52,41,27.13,73.4,6.96,863.33,Red Soil,Kharif,Vadodara,High,Maize
85,47,50,26.61,76.5,6.26,1027.48,Red Soil,Kharif,Banaskantha,High,Maize
34,37,32,23.79,35.9,6.45,173.47,Alluvial Soil,Rabi,Jamnagar,Low,Cumin
36,30,28,29.25,50.13,6.67,434.04,Alluvial Soil,Kharif,Bhavnagar,Low,Sesame
82,38,45,18.43,45.94,6.58,148.89,Black Soil,Rabi,Banaskantha,Medium,Wheat
56,34,33,37.18,48.08,6.41,297.62,Loamy Soil,Kharif,Mehsana,Low,Bajra
82,45,51,21.08,49.77,6.34,189.08,Black Soil,Rabi,Rajkot,Medium,Wheat
100,40,42,18.4,41.45,6.57,231.16,Clay Soil,Rabi,Mehsana,Medium,Wheat
99,53,46,27.32,64.61,5.59,1038.85,Alluvial Soil,Kharif,Anand,High,Maize
40,29,27,22.46,37.17,6.8,125.99,Sandy Soil,Rabi,Rajkot,Low,Cumin
52,35,21,30.97,52.79,5.78,471.53,Alluvial Soil,Kharif,Banaskantha,Low,Castor
54,26,26,30.63,54.03,6.36,468.75,Sandy Soil,Kharif,Mehsana,Low,Castor
96,66,48,31.64,62.21,7.05,857.81,Alluvial Soil,Kharif,Jamnagar,High,Cotton
57,45,33,32.88,37.44,6.32,251.2,Loamy Soil,Kharif,Jamnagar,Low,Bajra
48,37,25,31.55,55.3,6.98,526.24,Alluvial Soil,Kharif,Rajkot,Low,Castor
48,34,27,33.95,42.58,7.36,229.67,Sandy Soil,Kharif,Mehsana,Low,Bajra
36,30,29,31.13,50.98,6.59,359.74,Sandy Soil,Kharif,Kutch,Low,Sesame
93,54,41,27.6,75.57,7.04,847.72,Loamy Soil,Kharif,Ahmedabad,High,Maize
95,45,46,19.66,45.98,6.48,209.12,Clay Soil,Rabi,Banaskantha,Medium,Wheat
28,28,24,28.71,50.82,7.13,413.47,Sandy Soil,Kharif,Kutch,Low,Sesame
55,28,25,36.4,37.31,7.27,302.25,Sandy Soil,Kharif,Jamnagar,Low,Bajra
42,35,27,21.0,34.82,6.11,58.0,Alluvial Soil,Rabi,Kutch,Low,Cumin
40,25,28,28.92,46.06,6.09,423.09,Sandy Soil,Kharif,Rajkot,Low,Sesame
58,34,19,33.39,52.83,6.6,486.37,Loamy Soil,Kharif,Mehsana,Low,Castor
33,30,24,30.87,49.55,6.14,386.78,Sandy Soil,Kharif,Bhavnagar,Low,Sesame
31,46,38,24.53,39.69,6.88,137.84,Loamy Soil,Rabi,Jamnagar,Low,Gram
48,31,16,31.12,58.36,6.87,332.33,Loamy Soil,Kharif,Mehsana,Low,Castor
39,52,29,27.21,73.7,6.21,657.63,Sandy Soil,Kharif,Amreli,Medium,Groundnut
27,28,25,27.18,52.76,6.2,364.35,Sandy Soil,Kharif,Kutch,Low,Sesame
78,40,48,20.99,47.54,7.74,227.47,Alluvial Soil,Rabi,Mehsana,Medium,Wheat
80,48,48,17.62,43.83,6.5,259.73,Clay Soil,Rabi,Rajkot,Medium,Wheat
97,44,49,19.72,50.54,5.74,188.37,Black Soil,Rabi,Banaskantha,Medium,Wheat
51,49,32,20.1,55.31,6.89,169.24,Sandy Soil,Rabi,Jamnagar,Low,Mustard
78,44,42,20.9,41.9,5.78,196.42,Loamy Soil,Rabi,Rajkot,Medium,Wheat
33,46,37,18.21,43.27,6.69,221.85,Loamy Soil,Rabi,Junagadh,Low,Gram
57,41,31,19.01,53.46,6.65,153.65,Alluvial Soil,Rabi,Mehsana,Low,Mustard
55,29,32,34.26,42.53,5.97,189.98,Loamy Soil,Kharif,Ahmedabad,Low,Bajra
32,25,26,29.76,45.93,5.85,389.47,Loamy Soil,Kharif,Rajkot,Low,Sesame
96,52,46,33.63,61.41,6.12,869.09,Alluvial Soil,Kharif,Amreli,Medium,Cotton
73,52,44,27.34,73.58,6.52,974.09,Loamy Soil,Kharif,Vadodara,High,Maize
49,38,28,27.66,59.83,6.38,384.47,Alluvial Soil,Kharif,Kutch,Low,Castor
88,48,44,26.99,72.71,6.09,782.01,Loamy Soil,Kharif,Anand,High,Maize
72,45,43,26.12,69.27,6.45,854.5,Loamy Soil,Kharif,Vadodara,High,Maize
100,47,46,30.0,69.54,6.35,767.41,Alluvial Soil,Kharif,Amreli,High,Cotton
31,34,28,23.19,30.27,6.43,115.43,Sandy Soil,Rabi,Rajkot,Low,Cumin
44,38,31,31.17,53.43,6.3,403.41,Alluvial Soil,Kharif,Kutch,Low,Castor
56,31,27,36.04,40.43,6.84,164.25,Loamy Soil,Kharif,Jamnagar,Low,Bajra
37,50,31,28.57,72.22,6.47,631.13,Sandy Soil,Kharif,Jamnagar,Medium,Groundnut
63,41,30,34.59,40.25,6.83,262.95,Sandy Soil,Kharif,Banaskantha,Low,Bajra
65,36,30,34.19,35.84,6.35,292.92,Loamy Soil,Kharif,Mehsana,Low,Bajra
87,53,53,30.33,65.62,6.97,800.83,Alluvial Soil,Kharif,Rajkot,High,Cotton
105,38,56,22.09,47.85,5.68,198.15,Alluvial Soil,Rabi,Anand,Medium,Wheat
55,23,26,37.34,41.09,6.24,204.33,Loamy Soil,Kharif,Ahmedabad,Low,Bajra
74,54,37,23.1,74.12,6.07,1017.13,Red Soil,Kharif,Banaskantha,High,Maize
53,33,34,16.86,53.27,6.11,170.4,Alluvial Soil,Rabi,Ahmedabad,Low,Mustard
52,30,33,33.0,39.26,5.87,284.04,Sandy Soil,Kharif,Ahmedabad,Low,Bajra
53,34,28,27.19,57.2,6.3,409.63,Loamy Soil,Kharif,Anand,Low,Castor
58,44,39,18.53,55.24,6.76,165.46,Alluvial Soil,Rabi,Jamnagar,Low,Mustard
96,52,39,26.78,74.13,5.75,873.87,Red Soil,Kharif,Anand,High,Maize
89,38,44,22.67,46.23,6.6,230.22,Alluvial Soil,Rabi,Mehsana,Medium,Wheat
34,23,23,22.96,30.25,5.79,136.27,Loamy Soil,Rabi,Mehsana,Low,Cumin
33,31,24,26.4,34.13,6.85,120.75,Alluvial Soil,Rabi,Kutch,Low,Cumin
130,50,50,31.13,65.98,6.38,772.63,Black Soil,Kharif,Amreli,Medium,Cotton
45,38,36,18.31,51.19,6.32,164.3,Alluvial Soil,Rabi,Banaskantha,Low,Mustard
37,28,35,23.28,29.99,6.83,115.72,Sandy Soil,Rabi,Jamnagar,Low,Cumin
90,41,38,21.21,46.54,6.58,209.51,Alluvial Soil,Rabi,Ahmedabad,Medium,Wheat
50,37,25,30.44,55.36,7.02,444.82,Alluvial Soil,Kharif,Mehsana,Low,Castor
37,58,35,21.4,41.42,6.75,203.78,Clay Soil,Rabi,Jamnagar,Low,Gram
36,21,24,30.45,50.78,6.76,394.62,Loamy Soil,Kharif,Kutch,Low,Sesame
90,40,45,26.59,69.38,5.32,999.57,Red Soil,Kharif,Ahmedabad,High,Maize
40,29,27,24.79,33.5,6.33,122.32,Sandy Soil,Rabi,Kutch,Low,Cumin
89,44,39,27.9,67.75,6.24,845.86,Alluvial Soil,Kharif,Anand,High,Maize
102,60,38,32.25,65.87,6.89,717.54,Alluvial Soil,Kharif,Surat,High,Cotton
40,37,28,30.74,73.65,6.13,670.91,Loamy Soil,Kharif,Rajkot,Medium,Groundnut
56,30,33,19.85,52.85,6.59,155.39,Loamy Soil,Rabi,Mehsana,Low,Mustard
30,19,26,29.22,49.54,6.39,447.7,Alluvial Soil,Kharif,Kutch,Low,Sesame
84,42,51,17.6,45.83,6.22,199.48,Loamy Soil,Rabi,Anand,Medium,Wheat
51,34,33,29.76,59.43,5.85,519.94,Loamy Soil,Kharif,Kutch,Low,Castor
37,40,34,29.99,74.31,6.96,623.97,Sandy Soil,Kharif,Amreli,Medium,Groundnut
101,47,36,27.56,68.39,7.09,847.52,Red Soil,Kharif,Mehsana,High,Maize
103,57,47,32.83,70.46,6.69,820.78,Black Soil,Kharif,Jamnagar,Medium,Cotton
36,38,30,27.68,73.17,6.63,608.59,Loamy Soil,Kharif,Rajkot,Medium,Groundnut
103,56,54,31.87,64.32,6.06,744.87,Alluvial Soil,Kharif,Vadodara,Medium,Cotton
44,44,29,30.72,53.28,7.01,373.78,Sandy Soil,Kharif,Banaskantha,Low,Castor
61,40,36,20.32,52.29,6.77,114.03,Loamy Soil,Rabi,Banaskantha,Low,Mustard
46,41,24,34.29,38.9,5.74,189.17,Sandy Soil,Kharif,Kutch,Low,Bajra
96,43,54,30.88,64.8,6.72,813.31,Black Soil,Kharif,Surat,Medium,Cotton
39,40,36,26.58,72.16,6.65,717.67,Black Soil,Kharif,Rajkot,Medium,Groundnut
30,36,18,23.56,29.84,6.94,109.26,Sandy Soil,Rabi,Rajkot,Low,Cumin
53,38,35,17.78,49.31,6.41,150.88,Loamy Soil,Rabi,Banaskantha,Low,Mustard
49,45,25,28.49,70.76,6.93,684.81,Black Soil,Kharif,Bhavnagar,Medium,Groundnut
46,47,29,29.78,69.1,6.45,698.35,Loamy Soil,Kharif,Rajkot,Medium,Groundnut
96,45,44,25.62,73.4,7.01,876.38,Loamy Soil,Kharif,Ahmedabad,High,Maize
30,44,38,23.54,41.87,6.2,189.22,Clay Soil,Rabi,Rajkot,Low,Gram
37,56,29,21.59,40.39,6.04,223.32,Loamy Soil,Rabi,Rajkot,Low,Gram
126,53,54,32.31,66.66,6.33,813.01,Alluvial Soil,Kharif,Surat,Medium,Cotton
66,40,33,20.37,57.28,6.22,162.51,Alluvial Soil,Rabi,Jamnagar,Low,Mustard
95,67,47,30.13,64.55,6.76,911.56,Alluvial Soil,Kharif,Bhavnagar,Medium,Cotton
58,35,39,19.24,51.81,6.43,164.4,Sandy Soil,Rabi,Ahmedabad,Low,Mustard
67,44,29,18.84,50.36,6.79,216.0,Loamy Soil,Rabi,Banaskantha,Low,Mustard
54,41,40,17.51,47.43,6.15,192.1,Loamy Soil,Rabi,Kutch,Low,Mustard
90,50,41,28.63,67.98,5.61,904.83,Alluvial Soil,Kharif,Banaskantha,High,Maize
83,45,43,28.31,72.1,5.91,909.79,Red Soil,Kharif,Vadodara,High,Maize
89,46,46,16.09,43.53,6.2,181.28,Alluvial Soil,Rabi,Ahmedabad,Medium,Wheat
55,37,24,31.35,50.72,5.39,371.88,Loamy Soil,Kharif,Mehsana,Low,Castor
86,54,44,28.59,67.17,6.25,943.57,Loamy Soil,Kharif,Vadodara,High,Maize
101,47,43,33.58,69.79,6.38,803.07,Alluvial Soil,Kharif,Rajkot,High,Cotton
59,26,36,14.67,55.1,6.53,160.86,Sandy Soil,Rabi,Mehsana,Low,Mustard
60,31,39,19.58,55.39,6.18,174.78,Alluvial Soil,Rabi,Banaskantha,Low,Mustard
42,23,30,22.86,34.79,6.3,125.87,Sandy Soil,Rabi,Mehsana,Low,Cumin
103,58,30,34.78,64.53,7.05,730.67,Black Soil,Kharif,Vadodara,Medium,Cotton
79,50,41,26.33,64.47,6.24,825.97,Alluvial Soil,Kharif,Banaskantha,High,Maize
34,57,33,23.13,40.73,5.71,183.95,Clay Soil,Rabi,Jamnagar,Low,Gram
57,35,27,30.52,53.96,6.07,452.55,Loamy Soil,Kharif,Banaskantha,Low,Castor
99,57,45,32.36,66.07,6.17,866.14,Alluvial Soil,Kharif,Jamnagar,Medium,Cotton
37,47,32,26.86,75.73,6.53,752.44,Sandy Soil,Kharif,Junagadh,Medium,Groundnut
41,26,22,29.56,47.85,7.17,388.83,Alluvial Soil,Kharif,Amreli,Low,Sesame
49,36,22,30.12,59.78,6.42,474.73,Sandy Soil,Kharif,Mehsana,Low,Castor
101,68,49,30.66,64.68,5.61,794.63,Black Soil,Kharif,Jamnagar,High,Cotton
62,37,36,19.3,51.43,5.8,135.84,Loamy Soil,Rabi,Banaskantha,Low,Mustard
39,43,32,21.38,44.97,7.35,163.63,Loamy Soil,Rabi,Ahmedabad,Low,Gram
39,32,23,31.4,46.16,6.24,454.03,Alluvial Soil,Kharif,Kutch,Low,Sesame
35,40,25,22.85,34.73,5.85,138.96,Loamy Soil,Rabi,Rajkot,Low,Cumin
35,27,26,31.05,54.62,7.11,401.44,Sandy Soil,Kharif,Junagadh,Low,Sesame
34,56,37,20.16,41.19,6.31,154.14,Loamy Soil,Rabi,Ahmedabad,Low,Gram
31,53,39,24.8,41.18,6.32,197.01,Loamy Soil,Rabi,Jamnagar,Low,Gram
33,37,30,24.11,34.43,6.2,122.46,Sandy Soil,Rabi,Jamnagar,Low,Cumin
45,47,35,27.5,70.86,7.13,625.13,Loamy Soil,Kharif,Bhavnagar,Medium,Groundnut
83,55,42,28.57,68.03,6.1,956.59,Red Soil,Kharif,Vadodara,High,Maize
28,30,30,26.24,36.3,6.3,89.44,Alluvial Soil,Rabi,Jamnagar,Low,Cumin
112,54,43,34.07,65.39,7.09,804.5,Black Soil,Kharif,Amreli,Medium,Cotton
40,34,25,22.25,30.77,5.52,135.21,Alluvial Soil,Rabi,Jamnagar,Low,Cumin
34,40,30,28.1,75.48,5.83,634.01,Sandy Soil,Kharif,Amreli,Medium,Groundnut
90,50,44,27.24,73.32,6.18,912.44,Red Soil,Kharif,Vadodara,High,Maize
41,26,26,30.27,52.23,7.42,433.41,Sandy Soil,Kharif,Amreli,Low,Sesame
34,41,33,26.58,73.55,6.92,676.72,Black Soil,Kharif,Bhavnagar,Medium,Groundnut
48,28,34,32.94,38.85,5.54,315.13,Sandy Soil,Kharif,Jamnagar,Low,Bajra
65,35,40,17.63,51.46,6.95,179.3,Sandy Soil,Rabi,Ahmedabad,Low,Mustard
95,43,45,18.62,47.53,5.92,173.65,Loamy Soil,Rabi,Rajkot,Medium,Wheat
59,35,30,31.46,41.67,6.79,260.43,Sandy Soil,Kharif,Banaskantha,Low,Bajra
54,35,31,18.87,53.6,6.68,156.77,Sandy Soil,Rabi,Mehsana,Low,Mustard
38,22,23,28.85,51.31,6.21,399.49,Loamy Soil,Kharif,Rajkot,Low,Sesame
29,45,41,20.85,44.15,6.26,193.61,Loamy Soil,Rabi,Junagadh,Low,Gram
40,29,25,22.4,35.83,6.73,94.43,Loamy Soil,Rabi,Jamnagar,Low,Cumin
51,33,37,30.82,58.09,7.09,456.51,Sandy Soil,Kharif,Kutch,Low,Castor
34,48,31,27.48,70.47,6.12,666.0,Black Soil,Kharif,Bhavnagar,Medium,Groundnut
40,46,28,27.49,71.99,7.3,545.96,Loamy Soil,Kharif,Bhavnagar,Medium,Groundnut
87,51,42,28.26,71.2,6.06,935.26,Red Soil,Kharif,Anand,High,Maize
36,43,38,26.47,43.86,5.48,164.33,Loamy Soil,Rabi,Junagadh,Low,Gram
33,33,27,28.85,49.72,6.83,410.16,Alluvial Soil,Kharif,Kutch,Low,Sesame
31,50,35,24.04,41.9,6.53,132.68,Clay Soil,Rabi,Junagadh,Low,Gram
83,51,47,28.49,68.53,6.43,960.32,Alluvial Soil,Kharif,Anand,High,Maize
86,50,44,26.18,69.29,6.91,918.49,Alluvial Soil,Kharif,Ahmedabad,High,Maize
81,43,46,20.32,45.25,6.19,144.9,Loamy Soil,Rabi,Rajkot,Medium,Wheat
92,50,41,26.09,67.78,5.7,839.2,Loamy Soil,Kharif,Anand,High,Maize
26,24,24,31.66,49.65,6.34,419.35,Sandy Soil,Kharif,Rajkot,Low,Sesame
38,31,31,30.97,54.58,6.26,489.43,Sandy Soil,Kharif,Banaskantha,Low,Castor
42,47,34,30.17,73.09,6.31,604.21,Loamy Soil,Kharif,Amreli,Medium,Groundnut
39,24,27,29.02,51.17,6.25,366.51,Sandy Soil,Kharif,Junagadh,Low,Sesame
91,56,50,31.79,61.94,6.55,695.69,Black Soil,Kharif,Surat,High,Cotton
61,38,30,19.36,48.52,5.27,120.97,Sandy Soil,Rabi,Mehsana,Low,Mustard
90,35,38,17.5,44.89,6.23,183.78,Clay Soil,Rabi,Banaskantha,Medium,Wheat
90,48,51,21.71,46.76,6.01,189.38,Alluvial Soil,Rabi,Mehsana,Medium,Wheat
52,30,34,34.99,39.75,6.39,314.54,Loamy Soil,Kharif,Ahmedabad,Low,Bajra
98,43,49,19.92,45.29,6.53,243.61,Alluvial Soil,Rabi,Banaskantha,Medium,Wheat
54,41,47,15.34,51.25,6.9,200.74,Sandy Soil,Rabi,Ahmedabad,Low,Mustard
82,45,41,17.96,48.7,6.81,193.75,Loamy Soil,Rabi,Mehsana,Medium,Wheat
55,33,35,29.27,52.72,6.45,413.6,Sandy Soil,Kharif,Banaskantha,Low,Castor
96,42,58,31.92,62.5,6.71,877.81,Alluvial Soil,Kharif,Junagadh,High,Cotton
57,35,30,37.2,42.51,6.8,325.0,Loamy Soil,Kharif,Banaskantha,Low,Bajra
62,34,35,18.09,53.76,7.19,149.57,Sandy Soil,Rabi,Jamnagar,Low,Mustard
33,25,32,27.57,48.56,6.05,417.26,Sandy Soil,Kharif,Amreli,Low,Sesame
104,47,44,32.96,63.76,7.36,773.36,Black Soil,Kharif,Surat,High,Cotton
85,40,45,19.27,45.98,5.91,198.62,Loamy Soil,Rabi,Banaskantha,Medium,Wheat
88,41,36,20.56,47.07,6.59,169.97,Alluvial Soil,Rabi,Ahmedabad,Medium,Wheat
67,30,29,35.45,39.92,6.52,276.61,Loamy Soil,Kharif,Jamnagar,Low,Bajra
94,59,36,25.41,67.06,6.97,1009.28,Alluvial Soil,Kharif,Anand,High,Maize
42,33,23,29.86,49.46,7.24,384.99,Loamy Soil,Kharif,Amreli,Low,Sesame
61,36,28,33.04,40.07,7.17,255.27,Loamy Soil,Kharif,Banaskantha,Low,Bajra
38,47,33,27.53,71.4,5.94,699.39,Sandy Soil,Kharif,Jamnagar,Medium,Groundnut
106,51,42,33.18,67.4,6.04,890.36,Alluvial Soil,Kharif,Rajkot,High,Cotton
49,42,30,31.22,50.27,6.7,399.72,Loamy Soil,Kharif,Banaskantha,Low,Castor
82,46,46,26.91,76.33,6.07,784.56,Loamy Soil,Kharif,Mehsana,High,Maize
51,33,37,28.57,54.35,6.96,409.09,Alluvial Soil,Kharif,Kutch,Low,Castor
39,43,46,19.17,41.53,6.07,176.39,Loamy Soil,Rabi,Ahmedabad,Low,Gram
87,53,43,30.65,60.53,6.72,754.57,Alluvial Soil,Kharif,Surat,Medium,Cotton
34,30,26,21.15,35.54,6.86,121.8,Alluvial Soil,Rabi,Rajkot,Low,Cumin
33,33,27,32.93,48.96,6.85,424.43,Alluvial Soil,Kharif,Bhavnagar,Low,Sesame
36,52,31,21.23,39.41,6.88,208.56,Clay Soil,Rabi,Ahmedabad,Low,Gram
37,26,25,31.9,50.38,6.19,453.53,Alluvial Soil,Kharif,Kutch,Low,Sesame
23,42,39,27.37,71.27,6.36,593.96,Loamy Soil,Kharif,Jamnagar,Medium,Groundnut
97,42,45,19.23,49.49,7.1,196.34,Loamy Soil,Rabi,Ahmedabad,Medium,Wheat
69,52,47,20.41,44.81,6.87,209.17,Clay Soil,Rabi,Banaskantha,Medium,Wheat
35,26,34,23.41,32.67,6.37,143.95,Loamy Soil,Rabi,Mehsana,Low,Cumin
86,48,34,27.41,68.97,6.47,821.17,Loamy Soil,Kharif,Banaskantha,High,Maize
108,44,49,30.91,63.78,6.75,834.76,Black Soil,Kharif,Junagadh,High,Cotton
91,49,52,32.44,63.23,6.76,806.47,Black Soil,Kharif,Bhavnagar,High,Cotton
33,50,30,26.37,44.06,6.48,177.13,Black Soil,Rabi,Jamnagar,Low,Gram
60,39,35,19.0,54.51,6.36,144.61,Loamy Soil,Rabi,Mehsana,Low,Mustard
25,39,30,28.0,72.14,6.44,670.4,Loamy Soil,Kharif,Rajkot,Medium,Groundnut
105,49,42,31.99,65.46,7.96,787.72,Alluvial Soil,Kharif,Jamnagar,Medium,Cotton
35,44,38,19.49,43.48,6.24,165.13,Clay Soil,Rabi,Junagadh,Low,Gram
31,59,39,21.85,44.09,7.3,178.55,Clay Soil,Rabi,Vadodara,Low,Gram
106,44,52,30.66,62.49,5.77,766.57,Alluvial Soil,Kharif,Jamnagar,Medium,Cotton
60,32,31,33.35,40.08,5.86,265.62,Loamy Soil,Kharif,Mehsana,Low,Bajra
113,53,42,33.28,67.21,5.99,825.43,Black Soil,Kharif,Vadodara,Medium,Cotton
69,45,35,19.61,53.73,7.19,153.3,Alluvial Soil,Rabi,Kutch,Low,Mustard
37,58,36,22.25,41.07,6.49,133.24,Loamy Soil,Rabi,Vadodara,Low,Gram
38,44,38,20.6,42.34,7.06,152.37,Loamy Soil,Rabi,Ahmedabad,Low,Gram
55,25,35,16.47,50.43,6.59,173.94,Alluvial Soil,Rabi,Ahmedabad,Low,Mustard
107,47,47,28.0,61.59,6.37,716.81,Black Soil,Kharif,Amreli,Medium,Cotton
54,23,30,31.27,51.92,6.53,404.92,Loamy Soil,Kharif,Kutch,Low,Castor
73,40,45,19.63,48.44,6.72,211.29,Loamy Soil,Rabi,Rajkot,Medium,Wheat
40,31,28,21.05,36.87,6.92,120.77,Sandy Soil,Rabi,Banaskantha,Low,Cumin
40,28,25,30.36,48.48,6.22,453.13,Loamy Soil,Kharif,Amreli,Low,Sesame
42,32,33,19.65,45.82,6.49,154.95,Sandy Soil,Rabi,Ahmedabad,Low,Mustard
97,53,45,29.94,70.31,6.55,895.41,Alluvial Soil,Kharif,Surat,Medium,Cotton
35,43,29,24.63,32.45,7.28,100.0,Loamy Soil,Rabi,Kutch,Low,Cumin
52,48,34,20.52,48.97,6.36,201.9,Loamy Soil,Rabi,Kutch,Low,Mustard
24,27,21,30.84,51.05,6.36,363.57,Alluvial Soil,Kharif,Bhavnagar,Low,Sesame
93,46,39,17.93,49.85,6.21,183.5,Loamy Soil,Rabi,Mehsana,Medium,Wheat
63,30,30,33.39,50.0,6.8,322.17,Loamy Soil,Kharif,Jamnagar,Low,Bajra
86,44,47,26.26,73.39,6.56,1008.91,Loamy Soil,Kharif,Ahmedabad,High,Maize
22,30,22,24.63,30.78,6.75,136.59,Sandy Soil,Rabi,Rajkot,Low,Cumin
94,51,43,30.5,66.03,5.86,772.36,Black Soil,Kharif,Junagadh,High,Cotton
90,60,51,31.26,68.34,6.25,747.87,Alluvial Soil,Kharif,Vadodara,High,Cotton
85,48,43,29.79,69.57,5.38,883.87,Red Soil,Kharif,Ahmedabad,High,Maize
59,45,34,33.25,42.32,5.71,276.93,Loamy Soil,Kharif,Ahmedabad,Low,Bajra
46,47,42,26.65,74.56,5.84,657.87,Black Soil,Kharif,Rajkot,Medium,Groundnut
52,35,42,34.06,37.15,5.92,327.19,Loamy Soil,Kharif,Banaskantha,Low,Bajra
59,38,29,32.05,47.62,6.26,357.08,Alluvial Soil,Kharif,Mehsana,Low,Castor
52,40,34,30.52,37.94,6.66,236.09,Sandy Soil,Kharif,Ahmedabad,Low,Bajra
65,33,37,34.2,37.96,6.11,229.29,Sandy Soil,Kharif,Kutch,Low,Bajra
32,29,23,28.93,50.54,7.14,393.69,Alluvial Soil,Kharif,Bhavnagar,Low,Sesame
46,35,26,29.04,54.06,6.52,565.94,Loamy Soil,Kharif,Kutch,Low,Castor
95,46,46,19.96,42.67,6.38,238.74,Loamy Soil,Rabi,Anand,Medium,Wheat
52,26,25,29.36,58.21,6.85,365.84,Loamy Soil,Kharif,Kutch,Low,Castor
29,34,29,29.53,54.32,6.44,397.02,Alluvial Soil,Kharif,Junagadh,Low,Sesame
35,34,26,21.29,33.78,7.18,123.12,Loamy Soil,Rabi,Jamnagar,Low,Cumin
40,24,28,30.94,46.93,7.48,384.75,Sandy Soil,Kharif,Kutch,Low,Sesame
49,51,26,30.01,73.46,6.58,730.74,Black Soil,Kharif,Rajkot,Medium,Groundnut
42,33,24,29.8,53.36,6.71,452.45,Alluvial Soil,Kharif,Anand,Low,Castor
75,54,40,26.68,64.4,5.88,929.24,Red Soil,Kharif,Banaskantha,High,Maize
77,54,42,26.61,68.41,7.0,1006.89,Red Soil,Kharif,Banaskantha,High,Maize
100,41,47,19.96,51.47,6.48,141.51,Loamy Soil,Rabi,Rajkot,Medium,Wheat
48,36,44,19.95,47.26,7.1,132.34,Alluvial Soil,Rabi,Ahmedabad,Low,Mustard
27,48,42,20.28,35.25,6.09,185.93,Black Soil,Rabi,Jamnagar,Low,Gram
64,34,47,19.93,52.36,6.37,187.33,Loamy Soil,Rabi,Jamnagar,Low,Mustard
75,38,39,18.88,44.16,5.53,162.15,Loamy Soil,Rabi,Mehsana,Medium,Wheat
50,42,31,32.31,38.83,5.95,307.69,Loamy Soil,Kharif,Jamnagar,Low,Bajra
49,38,35,33.38,40.41,6.36,362.86,Loamy Soil,Kharif,Banaskantha,Low,Bajra
59,37,21,35.81,42.67,6.32,192.74,Loamy Soil,Kharif,Jamnagar,Low,Bajra
35,29,31,21.58,36.85,7.04,124.22,Sandy Soil,Rabi,Rajkot,Low,Cumin
31,34,24,24.75,32.59,6.51,98.84,Loamy Soil,Rabi,Kutch,Low,Cumin
50,37,34,36.1,39.7,5.8,302.89,Sandy Soil,Kharif,Mehsana,Low,Bajra
36,35,31,25.35,70.32,5.74,669.21,Loamy Soil,Kharif,Amreli,Medium,Groundnut
44,39,23,31.03,51.79,7.02,492.26,Loamy Soil,Kharif,Anand,Low,Castor
57,37,32,35.98,42.95,6.6,277.77,Loamy Soil,Kharif,Ahmedabad,Low,Bajra
100,57,45,27.15,67.8,6.49,1009.29,Red Soil,Kharif,Mehsana,High,Maize
77,52,37,20.88,43.71,6.8,262.06,Black Soil,Rabi,Anand,Medium,Wheat
49,34,24,31.51,52.19,6.66,487.79,Loamy Soil,Kharif,Rajkot,Low,Castor
27,40,34,22.97,42.55,6.62,164.14,Black Soil,Rabi,Vadodara,Low,Gram
42,39,37,24.29,72.28,7.07,581.81,Black Soil,Kharif,Rajkot,Medium,Groundnut
68,35,29,31.75,43.09,6.18,290.83,Loamy Soil,Kharif,Jamnagar,Low,Bajra
85,54,45,25.74,62.71,6.41,760.21,Loamy Soil,Kharif,Mehsana,High,Maize
30,21,21,30.21,45.87,5.82,469.98,Loamy Soil,Kharif,Amreli,Low,Sesame
39,33,25,27.11,44.13,5.87,424.01,Loamy Soil,Kharif,Kutch,Low,Sesame
86,51,47,28.45,70.32,6.65,922.07,Alluvial Soil,Kharif,Anand,High,Maize
48,34,24,31.25,51.64,5.85,410.74,Sandy Soil,Kharif,Anand,Low,Castor
63,36,35,19.16,53.46,6.97,176.43,Loamy Soil,Rabi,Ahmedabad,Low,Mustard
46,37,28,29.71,54.13,7.09,428.41,Alluvial Soil,Kharif,Kutch,Low,Castor
62,43,21,20.45,55.76,6.35,174.8,Alluvial Soil,Rabi,Mehsana,Low,Mustard
43,38,29,24.32,36.17,7.04,133.67,Sandy Soil,Rabi,Banaskantha,Low,Cumin
35,27,30,20.04,36.02,6.36,105.48,Sandy Soil,Rabi,Banaskantha,Low,Cumin
87,49,40,26.55,74.6,5.34,817.4,Red Soil,Kharif,Anand,High,Maize
27,33,32,24.27,39.29,5.76,117.73,Alluvial Soil,Rabi,Jamnagar,Low,Cumin
38,29,25,30.62,47.98,6.49,404.95,Alluvial Soil,Kharif,Amreli,Low,Sesame
36,32,22,27.92,56.37,6.54,427.53,Sandy Soil,Kharif,Junagadh,Low,Sesame
93,57,36,26.41,73.45,6.4,839.31,Alluvial Soil,Kharif,Banaskantha,High,Maize
78,51,41,25.99,64.32,6.07,845.59,Red Soil,Kharif,Banaskantha,High,Maize
56,29,31,33.19,36.49,6.75,298.95,Sandy Soil,Kharif,Jamnagar,Low,Bajra
40,36,25,20.8,29.29,6.57,91.07,Alluvial Soil,Rabi,Kutch,Low,Cumin
55,36,29,32.97,39.47,6.14,258.46,Loamy Soil,Kharif,Mehsana,Low,Bajra
37,50,44,22.66,42.16,6.92,144.23,Black Soil,Rabi,Vadodara,Low,Gram
41,45,36,28.03,70.06,6.19,551.05,Black Soil,Kharif,Junagadh,Medium,Groundnut
30,32,24,21.97,34.49,6.46,81.39,Alluvial Soil,Rabi,Mehsana,Low,Cumin
42,43,30,27.63,45.09,6.2,176.98,Black Soil,Rabi,Ahmedabad,Low,Gram
42,34,21,30.54,54.82,6.58,489.41,Alluvial Soil,Kharif,Mehsana,Low,Castor
35,47,31,23.1,39.75,6.67,164.29,Black Soil,Rabi,Rajkot,Low,Gram
42,39,29,26.85,70.69,6.34,636.67,Sandy Soil,Kharif,Jamnagar,Medium,Groundnut
28,31,20,21.23,40.4,5.95,89.56,Alluvial Soil,Rabi,Banaskantha,Low,Cumin
32,25,27,33.23,47.23,5.72,402.08,Alluvial Soil,Kharif,Junagadh,Low,Sesame
33,30,26,27.74,56.51,6.69,385.88,Alluvial Soil,Kharif,Kutch,Low,Sesame
100,44,48,17.57,45.55,6.2,274.69,Alluvial Soil,Rabi,Banaskantha,Medium,Wheat
35,30,26,30.49,52.27,6.02,388.09,Alluvial Soil,Kharif,Rajkot,Low,Sesame
74,43,40,20.35,49.81,6.55,191.06,Black Soil,Rabi,Rajkot,Medium,Wheat
73,43,44,27.32,71.96,6.32,952.7,Red Soil,Kharif,Vadodara,High,Maize
35,29,32,25.86,37.19,6.35,83.65,Loamy Soil,Rabi,Banaskantha,Low,Cumin
98,46,52,32.25,63.6,5.55,896.29,Black Soil,Kharif,Bhavnagar,Medium,Cotton
58,45,32,20.2,48.04,6.39,154.03,Sandy Soil,Rabi,Mehsana,Low,Mustard
103,39,52,20.09,49.06,6.34,156.39,Black Soil,Rabi,Anand,Medium,Wheat
44,29,28,25.1,39.95,6.37,71.12,Alluvial Soil,Rabi,Kutch,Low,Cumin
88,49,40,19.16,47.0,5.88,186.0,Loamy Soil,Rabi,Mehsana,Medium,Wheat
54,24,36,35.42,43.83,7.24,224.0,Loamy Soil,Kharif,Ahmedabad,Low,Bajra
42,30,27,22.41,29.47,7.03,127.33,Sandy Soil,Rabi,Banaskantha,Low,Cumin
60,34,28,15.21,52.45,7.52,108.6,Sandy Soil,Rabi,Ahmedabad,Low,Mustard
86,46,34,29.06,74.45,6.32,944.13,Red Soil,Kharif,Vadodara,High,Maize
55,28,27,32.91,43.22,6.65,212.78,Sandy Soil,Kharif,Banaskantha,Low,Bajra
54,35,34,37.49,41.01,5.82,267.2,Loamy Soil,Kharif,Jamnagar,Low,Bajra
75,37,42,21.66,47.67,6.64,209.27,Black Soil,Rabi,Mehsana,Medium,Wheat
34,32,25,27.75,46.77,6.43,418.98,Sandy Soil,Kharif,Kutch,Low,Sesame
55,22,24,32.35,55.99,6.12,389.9,Alluvial Soil,Kharif,Mehsana,Low,Castor
38,49,40,21.14,47.04,6.71,188.01,Clay Soil,Rabi,Junagadh,Low,Gram
33,52,27,18.63,41.26,6.72,172.84,Black Soil,Rabi,Ahmedabad,Low,Gram
35,50,45,22.75,44.1,5.79,166.63,Black Soil,Rabi,Ahmedabad,Low,Gram
35,45,35,26.24,80.0,6.51,657.1,Sandy Soil,Kharif,Rajkot,Medium,Groundnut
41,45,33,28.12,75.61,6.56,577.09,Black Soil,Kharif,Bhavnagar,Medium,Groundnut
53,39,31,18.72,49.91,6.98,155.77,Alluvial Soil,Rabi,Mehsana,Low,Mustard
28,53,37,23.69,44.57,6.25,170.48,Clay Soil,Rabi,Jamnagar,Low,Gram
92,46,45,19.29,45.22,6.47,208.04,Clay Soil,Rabi,Rajkot,Medium,Wheat
62,37,29,20.98,52.06,6.05,197.27,Alluvial Soil,Rabi,Mehsana,Low,Mustard
40,50,29,29.33,70.55,6.08,690.93,Black Soil,Kharif,Jamnagar,Medium,Groundnut
55,45,37,17.52,53.12,6.68,134.84,Loamy Soil,Rabi,Ahmedabad,Low,Mustard
101,45,47,29.64,70.15,6.16,934.19,Alluvial Soil,Kharif,Banaskantha,High,Maize
43,45,33,25.49,71.57,6.16,617.05,Black Soil,Kharif,Jamnagar,Medium,Groundnut
42,34,21,28.56,51.3,6.19,458.2,Sandy Soil,Kharif,Kutch,Low,Castor
27,31,28,24.6,39.76,5.99,103.28,Sandy Soil,Rabi,Kutch,Low,Cumin
67,36,34,18.03,52.44,6.53,164.92,Alluvial Soil,Rabi,Kutch,Low,Mustard
44,41,29,25.24,72.89,6.46,706.81,Black Soil,Kharif,Jamnagar,Medium,Groundnut
53,38,29,19.01,51.64,6.27,190.04,Sandy Soil,Rabi,Ahmedabad,Low,Mustard
28,23,27,24.39,35.71,6.55,58.69,Sandy Soil,Rabi,Rajkot,Low,Cumin
57,25,29,32.25,37.53,7.11,268.8,Loamy Soil,Kharif,Banaskantha,Low,Bajra
59,25,37,33.98,44.34,5.13,173.49,Loamy Soil,Kharif,Banaskantha,Low,Bajra
68,39,31,20.55,53.33,6.94,161.6,Alluvial Soil,Rabi,Mehsana,Low,Mustard
91,46,44,29.11,65.35,5.99,899.26,Loamy Soil,Kharif,Banaskantha,High,Maize
87,48,36,28.22,70.71,6.13,824.67,Red Soil,Kharif,Anand,High,Maize
38,21,25,28.98,52.73,7.15,428.05,Loamy Soil,Kharif,Bhavnagar,Low,Sesame
87,51,43,25.78,71.83,6.7,886.0,Alluvial Soil,Kharif,Mehsana,High,Maize
103,43,43,20.49,47.17,6.54,115.99,Alluvial Soil,Rabi,Banaskantha,Medium,Wheat
54,44,24,18.86,51.72,5.5,212.95,Loamy Soil,Rabi,Mehsana,Low,Mustard
88,60,45,33.94,64.74,5.58,859.47,Black Soil,Kharif,Rajkot,Medium,Cotton
35,21,17,25.01,28.89,6.23,88.66,Alluvial Soil,Rabi,Mehsana,Low,Cumin
50,32,20,28.92,57.05,6.82,516.81,Sandy Soil,Kharif,Kutch,Low,Castor
98,39,39,18.3,51.64,6.37,118.61,Alluvial Soil,Rabi,Ahmedabad,Medium,Wheat
66,51,46,29.83,65.12,7.1,1009.63,Loamy Soil,Kharif,Mehsana,High,Maize
46,40,32,27.55,72.16,5.89,629.4,Black Soil,Kharif,Rajkot,Medium,Groundnut
63,39,34,36.91,35.64,6.16,240.8,Loamy Soil,Kharif,Ahmedabad,Low,Bajra
76,44,39,26.07,66.22,6.13,943.96,Loamy Soil,Kharif,Vadodara,High,Maize
39,23,25,28.04,50.94,5.67,443.19,Alluvial Soil,Kharif,Kutch,Low,Sesame
33,28,15,26.68,32.43,6.03,150.16,Sandy Soil,Rabi,Banaskantha,Low,Cumin
48,39,25,33.59,41.62,5.46,362.2,Loamy Soil,Kharif,Ahmedabad,Low,Bajra
43,46,27,27.48,71.57,5.61,600.95,Black Soil,Kharif,Junagadh,Medium,Groundnut
100,46,43,30.29,68.26,5.45,876.91,Alluvial Soil,Kharif,Bhavnagar,High,Cotton
84,45,42,30.49,73.33,6.78,964.18,Loamy Soil,Kharif,Vadodara,High,Maize
34,43,32,21.0,49.45,6.96,148.17,Clay Soil,Rabi,Junagadh,Low,Gram
98,47,43,30.7,64.09,7.12,746.33,Alluvial Soil,Kharif,Vadodara,High,Cotton
93,59,54,31.55,59.02,6.22,760.01,Black Soil,Kharif,Rajkot,High,Cotton
60,37,31,29.95,37.31,6.18,263.54,Loamy Soil,Kharif,Jamnagar,Low,Bajra
84,41,36,20.36,43.45,6.12,219.61,Black Soil,Rabi,Ahmedabad,Medium,Wheat
37,34,37,26.97,70.36,6.3,663.61,Black Soil,Kharif,Junagadh,Medium,Groundnut
43,55,41,21.72,39.79,5.5,123.2,Black Soil,Rabi,Ahmedabad,Low,Gram
52,44,22,31.23,52.29,7.07,453.29,Alluvial Soil,Kharif,Rajkot,Low,Castor
43,35,31,29.57,52.55,6.65,472.78,Loamy Soil,Kharif,Banaskantha,Low,Castor
49,41,34,27.85,72.04,6.11,733.28,Sandy Soil,Kharif,Bhavnagar,Medium,Groundnut
30,29,28,30.89,55.34,6.78,417.0,Sandy Soil,Kharif,Bhavnagar,Low,Sesame
74,44,33,15.17,51.35,5.84,140.56,Sandy Soil,Rabi,Ahmedabad,Low,Mustard
38,38,32,24.6,35.79,6.86,106.1,Alluvial Soil,Rabi,Banaskantha,Low,Cumin
35,28,23,31.88,50.49,6.52,409.85,Loamy Soil,Kharif,Bhavnagar,Low,Sesame
97,41,44,18.19,46.13,6.63,183.28,Black Soil,Rabi,Rajkot,Medium,Wheat
98,39,44,19.39,50.57,6.6,258.2,Loamy Soil,Rabi,Banaskantha,Medium,Wheat
95,40,41,19.84,45.76,6.72,127.97,Loamy Soil,Rabi,Mehsana,Medium,Wheat
85,46,48,24.97,68.79,6.25,941.0,Loamy Soil,Kharif,Vadodara,High,Maize
35,47,29,28.3,72.25,6.61,627.01,Black Soil,Kharif,Rajkot,Medium,Groundnut
51,41,37,18.38,49.74,6.51,178.08,Sandy Soil,Rabi,Banaskantha,Low,Mustard
32,57,26,29.27,73.58,5.91,643.78,Loamy Soil,Kharif,Jamnagar,Medium,Groundnut
24,36,32,25.03,36.9,5.97,131.19,Loamy Soil,Rabi,Rajkot,Low,Cumin
33,27,27,24.73,39.02,5.77,98.38,Alluvial Soil,Rabi,Mehsana,Low,Cumin
58,39,40,17.31,53.71,6.54,111.38,Alluvial Soil,Rabi,Ahmedabad,Low,Mustard
99,54,40,31.71,67.03,5.72,813.39,Alluvial Soil,Kharif,Jamnagar,High,Cotton
48,44,33,18.22,56.2,6.58,190.62,Sandy Soil,Rabi,Ahmedabad,Low,Mustard
32,54,30,23.71,45.82,6.68,130.26,Clay Soil,Rabi,Junagadh,Low,Gram
40,43,27,26.73,58.95,7.12,511.46,Sandy Soil,Kharif,Anand,Low,Castor
38,45,36,26.41,69.97,5.53,622.54,Loamy Soil,Kharif,Jamnagar,Medium,Groundnut
90,46,41,17.67,42.37,7.13,216.55,Black Soil,Rabi,Rajkot,Medium,Wheat
46,32,26,32.37,58.77,6.3,511.34,Loamy Soil,Kharif,Rajkot,Low,Castor
46,39,29,32.32,43.41,6.06,290.71,Loamy Soil,Kharif,Kutch,Low,Bajra
66,36,44,16.04,53.33,5.47,116.46,Sandy Soil,Rabi,Banaskantha,Low,Mustard
48,38,36,17.12,53.82,6.52,183.42,Sandy Soil,Rabi,Banaskantha,Low,Mustard
32,54,34,26.36,38.77,6.41,138.82,Loamy Soil,Rabi,Junagadh,Low,Gram
30,32,28,19.9,36.08,6.28,64.67,Alluvial Soil,Rabi,Jamnagar,Low,Cumin
44,39,25,32.88,50.22,7.01,495.19,Loamy Soil,Kharif,Rajkot,Low,Castor
46,51,33,21.53,40.49,6.65,202.04,Clay Soil,Rabi,Junagadh,Low,Gram
90,57,40,25.34,65.86,7.3,830.79,Alluvial Soil,Kharif,Mehsana,High,Maize
58,42,32,16.15,54.43,6.1,145.56,Loamy Soil,Rabi,Ahmedabad,Low,Mustard
99,51,52,32.87,59.75,7.24,892.01,Alluvial Soil,Kharif,Surat,Medium,Cotton
33,36,20,22.13,36.32,5.92,143.18,Sandy Soil,Rabi,Banaskantha,Low,Cumin
46,39,36,34.48,42.47,7.02,246.49,Sandy Soil,Kharif,Mehsana,Low,Bajra
47,33,28,32.34,53.15,6.12,484.78,Sandy Soil,Kharif,Kutch,Low,Castor
108,48,40,20.84,46.9,5.42,209.57,Loamy Soil,Rabi,Banaskantha,Medium,Wheat
59,47,31,33.32,41.44,6.1,168.99,Loamy Soil,Kharif,Jamnagar,Low,Bajra
40,32,25,30.37,50.72,6.04,370.98,Alluvial Soil,Kharif,Bhavnagar,Low,Sesame
91,39,45,31.7,67.38,5.8,698.65,Alluvial Soil,Kharif,Rajkot,Medium,Cotton
41,39,35,21.26,43.87,6.16,203.54,Clay Soil,Rabi,Vadodara,Low,Gram
56,42,48,19.64,54.03,6.37,133.28,Sandy Soil,Rabi,Mehsana,Low,Mustard
34,26,27,31.38,44.84,5.28,421.83,Loamy Soil,Kharif,Kutch,Low,Sesame
71,36,33,18.32,53.49,7.63,171.99,Loamy Soil,Rabi,Ahmedabad,Low,Mustard
65,41,41,19.08,42.86,6.7,157.56,Black Soil,Rabi,Mehsana,Medium,Wheat
34,27,17,21.44,36.26,6.82,101.89,Alluvial Soil,Rabi,Rajkot,Low,Cumin
38,47,31,21.39,39.93,5.93,154.88,Loamy Soil,Rabi,Junagadh,Low,Gram
35,32,32,22.46,34.32,6.16,105.88,Alluvial Soil,Rabi,Kutch,Low,Cumin
50,43,40,20.06,53.9,6.0,124.9,Sandy Soil,Rabi,Banaskantha,Low,Mustard
37,25,29,28.84,48.65,5.96,402.76,Alluvial Soil,Kharif,Junagadh,Low,Sesame
39,64,37,21.22,41.74,7.03,143.71,Black Soil,Rabi,Ahmedabad,Low,Gram
43,48,32,26.46,70.79,7.08,625.77,Loamy Soil,Kharif,Bhavnagar,Medium,Groundnut
33,45,29,29.1,72.85,5.94,654.06,Black Soil,Kharif,Bhavnagar,Medium,Groundnut
36,34,21,20.54,32.62,6.62,117.52,Sandy Soil,Rabi,Banaskantha,Low,Cumin
85,43,38,27.25,68.35,5.98,932.66,Red Soil,Kharif,Ahmedabad,High,Maize
47,31,27,33.91,37.14,5.74,258.92,Loamy Soil,Kharif,Mehsana,Low,Bajra
90,41,44,19.78,50.08,6.06,191.24,Clay Soil,Rabi,Mehsana,Medium,Wheat
76,44,54,21.16,46.22,6.6,199.93,Black Soil,Rabi,Ahmedabad,Medium,Wheat
94,55,55,30.52,63.78,6.42,706.95,Alluvial Soil,Kharif,Amreli,High,Cotton
40,46,32,26.14,73.78,7.46,670.46,Loamy Soil,Kharif,Junagadh,Medium,Groundnut
44,37,24,30.31,53.77,6.31,350.63,Sandy Soil,Kharif,Anand,Low,Castor
33,38,31,26.72,72.37,6.84,699.77,Sandy Soil,Kharif,Jamnagar,Medium,Groundnut
65,31,30,35.93,42.08,6.45,222.4,Loamy Soil,Kharif,Banaskantha,Low,Bajra
43,26,35,30.88,53.25,6.48,360.68,Loamy Soil,Kharif,Rajkot,Low,Castor
86,45,40,25.95,66.74,6.45,938.32,Loamy Soil,Kharif,Mehsana,High,Maize
107,57,42,33.87,60.33,6.79,946.03,Black Soil,Kharif,Rajkot,Medium,Cotton
48,56,38,26.97,70.76,6.42,739.23,Black Soil,Kharif,Jamnagar,Medium,Groundnut
42,51,31,26.15,75.14,7.22,694.91,Black Soil,Kharif,Amreli,Medium,Groundnut
92,48,48,20.66,46.58,6.26,146.86,Alluvial Soil,Rabi,Banaskantha,Medium,Wheat
48,44,30,27.11,71.9,6.28,677.68,Black Soil,Kharif,Junagadh,Medium,Groundnut
24,30,29,22.23,40.2,6.81,95.0,Loamy Soil,Rabi,Mehsana,Low,Cumin
52,40,30,37.36,34.4,6.33,307.73,Loamy Soil,Kharif,Banaskantha,Low,Bajra
35,27,27,28.98,53.63,6.65,347.57,Sandy Soil,Kharif,Junagadh,Low,Sesame
39,57,30,19.8,44.87,6.63,183.14,Black Soil,Rabi,Ahmedabad,Low,Gram
91,40,48,33.06,64.59,6.27,789.38,Black Soil,Kharif,Junagadh,High,Cotton
111,43,44,32.5,70.22,6.47,762.99,Black Soil,Kharif,Junagadh,High,Cotton
43,34,25,21.15,28.57,7.28,105.88,Sandy Soil,Rabi,Kutch,Low,Cumin
29,43,30,18.78,43.01,6.18,141.74,Black Soil,Rabi,Jamnagar,Low,Gram
94,51,52,30.98,64.12,6.68,670.56,Alluvial Soil,Kharif,Jamnagar,Medium,Cotton
39,47,42,19.62,44.79,6.22,188.86,Loamy Soil,Rabi,Junagadh,Low,Gram
65,34,42,17.53,50.92,6.55,191.62,Sandy Soil,Rabi,Kutch,Low,Mustard
34,51,34,19.94,42.65,6.57,196.78,Clay Soil,Rabi,Vadodara,Low,Gram
26,21,30,22.45,40.72,7.02,127.76,Loamy Soil,Rabi,Jamnagar,Low,Cumin
44,39,30,27.99,72.4,6.87,549.25,Black Soil,Kharif,Bhavnagar,Medium,Groundnut
66,34,35,18.15,48.69,5.86,190.79,Alluvial Soil,Rabi,Mehsana,Low,Mustard
39,33,21,32.11,49.75,7.52,417.49,Sandy Soil,Kharif,Amreli,Low,Sesame
36,39,31,27.46,77.13,5.92,655.13,Black Soil,Kharif,Bhavnagar,Medium,Groundnut
36,53,38,27.37,71.24,5.99,618.52,Loamy Soil,Kharif,Jamnagar,Medium,Groundnut
64,36,26,17.12,56.61,6.75,193.34,Loamy Soil,Rabi,Banaskantha,Low,Mustard
62,37,31,17.91,55.06,7.14,150.41,Loamy Soil,Rabi,Banaskantha,Low,Mustard
40,28,29,33.29,61.38,5.71,435.21,Loamy Soil,Kharif,Kutch,Low,Castor
32,50,31,20.69,41.14,7.13,140.57,Black Soil,Rabi,Jamnagar,Low,Gram
35,34,25,22.05,37.58,7.23,103.79,Loamy Soil,Rabi,Mehsana,Low,Cumin
84,51,47,27.39,71.6,6.32,1004.73,Loamy Soil,Kharif,Vadodara,High,Maize
86,44,49,20.18,46.46,6.43,189.36,Loamy Soil,Rabi,Mehsana,Medium,Wheat
51,31,22,30.04,55.01,6.2,411.67,Alluvial Soil,Kharif,Banaskantha,Low,Castor
83,51,41,30.53,65.6,7.2,861.22,Alluvial Soil,Kharif,Surat,High,Cotton
70,47,53,15.0,49.22,6.42,171.67,Black Soil,Rabi,Rajkot,Medium,Wheat
54,29,27,30.88,59.14,5.93,407.95,Alluvial Soil,Kharif,Kutch,Low,Castor
41,28,23,31.63,54.62,7.4,337.1,Loamy Soil,Kharif,Amreli,Low,Sesame
52,47,39,19.41,53.11,6.45,148.89,Alluvial Soil,Rabi,Ahmedabad,Low,Mustard
40,31,32,25.05,33.04,6.78,86.55,Loamy Soil,Rabi,Jamnagar,Low,Cumin
47,29,25,28.05,46.89,7.18,384.6,Alluvial Soil,Kharif,Amreli,Low,Sesame
50,29,28,35.91,40.05,7.14,296.68,Loamy Soil,Kharif,Mehsana,Low,Bajra
33,54,28,21.32,42.01,7.2,204.38,Black Soil,Rabi,Junagadh,Low,Gram
35,36,26,28.82,46.6,6.27,407.87,Alluvial Soil,Kharif,Bhavnagar,Low,Sesame
58,42,35,17.64,57.0,6.43,100.91,Loamy Soil,Rabi,Jamnagar,Low,Mustard
76,30,37,22.41,55.01,7.01,124.24,Sandy Soil,Rabi,Banaskantha,Low,Mustard
43,44,36,22.1,44.19,7.37,229.7,Black Soil,Rabi,Jamnagar,Low,Gram
63,38,36,19.86,48.17,6.62,195.86,Sandy Soil,Rabi,Jamnagar,Low,Mustard
42,24,20,31.73,46.29,7.21,327.26,Alluvial Soil,Kharif,Rajkot,Low,Sesame
111,48,46,32.02,62.38,6.82,791.94,Black Soil,Kharif,Jamnagar,Medium,Cotton
51,30,32,31.22,55.67,6.65,411.85,Loamy Soil,Kharif,Anand,Low,Castor
42,38,37,24.24,74.59,6.97,628.38,Black Soil,Kharif,Junagadh,Medium,Groundnut
89,49,55,32.02,60.88,7.13,848.73,Alluvial Soil,Kharif,Amreli,Medium,Cotton
72,38,32,32.93,37.82,6.53,236.22,Loamy Soil,Kharif,Banaskantha,Low,Bajra
30,25,27,28.0,34.66,6.29,119.7,Alluvial Soil,Rabi,Mehsana,Low,Cumin
53,54,31,27.23,74.24,6.33,592.17,Loamy Soil,Kharif,Jamnagar,Medium,Groundnut
30,27,27,31.18,55.71,6.73,396.91,Loamy Soil,Kharif,Rajkot,Low,Sesame
55,37,33,32.21,42.33,6.46,155.3,Loamy Soil,Kharif,Kutch,Low,Bajra
77,47,49,26.74,70.81,6.64,1005.84,Red Soil,Kharif,Banaskantha,High,Maize
36,28,26,27.73,45.68,6.46,323.43,Alluvial Soil,Kharif,Rajkot,Low,Sesame
82,46,44,25.08,71.39,6.78,972.25,Loamy Soil,Kharif,Banaskantha,High,Maize
32,28,21,28.76,53.12,7.31,385.77,Alluvial Soil,Kharif,Kutch,Low,Sesame
37,56,34,22.3,39.21,6.27,144.28,Clay Soil,Rabi,Jamnagar,Low,Gram
55,29,33,31.15,36.52,6.14,297.51,Loamy Soil,Kharif,Kutch,Low,Bajra
47,46,27,24.64,72.87,6.39,601.15,Sandy Soil,Kharif,Amreli,Medium,Groundnut
60,39,34,34.73,35.16,6.68,270.49,Loamy Soil,Kharif,Ahmedabad,Low,Bajra
31,34,26,22.34,35.68,6.68,88.34,Sandy Soil,Rabi,Kutch,Low,Cumin
78,39,46,27.71,69.16,7.05,828.59,Alluvial Soil,Kharif,Ahmedabad,High,Maize
53,38,20,30.32,56.72,6.97,376.55,Loamy Soil,Kharif,Rajkot,Low,Castor
30,17,25,30.06,56.38,7.43,422.66,Alluvial Soil,Kharif,Junagadh,Low,Sesame
97,53,46,19.6,45.23,6.72,222.25,Alluvial Soil,Rabi,Banaskantha,Medium,Wheat
87,37,43,19.35,45.93,6.84,230.65,Black Soil,Rabi,Banaskantha,Medium,Wheat
40,35,21,31.47,56.41,6.04,526.71,Loamy Soil,Kharif,Rajkot,Low,Castor
35,50,29,23.65,44.64,6.78,179.07,Clay Soil,Rabi,Rajkot,Low,Gram
70,43,32,38.36,42.11,6.28,312.77,Sandy Soil,Kharif,Mehsana,Low,Bajra
33,48,38,21.14,44.38,6.86,158.45,Clay Soil,Rabi,Ahmedabad,Low,Gram
53,35,34,35.61,47.52,6.56,305.66,Sandy Soil,Kharif,Mehsana,Low,Bajra
37,23,25,26.23,57.43,6.49,520.05,Alluvial Soil,Kharif,Anand,Low,Castor
57,36,31,17.41,53.67,6.34,197.37,Alluvial Soil,Rabi,Mehsana,Low,Mustard
27,29,28,23.23,36.43,6.57,139.88,Loamy Soil,Rabi,Mehsana,Low,Cumin
93,55,50,31.06,62.63,6.44,740.22,Alluvial Soil,Kharif,Bhavnagar,Medium,Cotton
75,40,43,18.5,50.73,6.59,261.63,Black Soil,Rabi,Banaskantha,Medium,Wheat
47,32,25,29.22,57.02,6.48,499.35,Loamy Soil,Kharif,Anand,Low,Castor
124,52,43,35.77,60.6,6.51,811.97,Alluvial Soil,Kharif,Amreli,Medium,Cotton
51,32,36,32.07,45.38,6.42,394.25,Loamy Soil,Kharif,Mehsana,Low,Bajra
32,33,28,30.56,48.74,6.03,382.35,Sandy Soil,Kharif,Kutch,Low,Sesame
48,31,33,29.6,55.2,6.9,375.51,Alluvial Soil,Kharif,Anand,Low,Castor
29,36,26,23.35,35.59,6.55,107.92,Alluvial Soil,Rabi,Mehsana,Low,Cumin
56,32,34,19.53,53.63,7.3,188.11,Sandy Soil,Rabi,Jamnagar,Low,Mustard
31,46,35,21.38,43.24,6.38,203.69,Clay Soil,Rabi,Rajkot,Low,Gram
32,42,24,27.13,70.08,6.81,616.33,Black Soil,Kharif,Junagadh,Medium,Groundnut
40,42,33,29.45,70.74,5.73,685.16,Black Soil,Kharif,Amreli,Medium,Groundnut
105,41,55,17.99,50.21,6.14,170.97,Alluvial Soil,Rabi,Banaskantha,Medium,Wheat
76,57,47,33.6,61.35,4.91,818.61,Black Soil,Kharif,Surat,Medium,Cotton
83,36,49,19.33,46.74,6.23,262.39,Loamy Soil,Rabi,Banaskantha,Medium,Wheat
27,34,21,30.54,44.77,6.94,436.16,Alluvial Soil,Kharif,Amreli,Low,Sesame
90,47,40,26.18,71.46,5.73,885.94,Loamy Soil,Kharif,Anand,High,Maize
56,50,32,19.63,54.25,6.48,155.55,Sandy Soil,Rabi,Banaskantha,Low,Mustard
37,53,21,20.53,38.52,6.25,159.92,Clay Soil,Rabi,Vadodara,Low,Gram
38,32,32,24.54,35.52,6.12,123.96,Sandy Soil,Rabi,Jamnagar,Low,Cumin
36,58,32,20.84,41.99,5.9,198.41,Clay Soil,Rabi,Junagadh,Low,Gram
39,23,26,23.69,40.57,5.95,124.24,Sandy Soil,Rabi,Kutch,Low,Cumin
91,64,41,30.38,68.86,6.9,841.61,Alluvial Soil,Kharif,Vadodara,Medium,Cotton
105,59,53,32.87,63.95,6.88,748.48,Black Soil,Kharif,Surat,High,Cotton
36,52,33,22.27,44.02,5.96,179.6,Loamy Soil,Rabi,Ahmedabad,Low,Gram
53,47,25,19.83,53.35,5.94,146.08,Loamy Soil,Rabi,Ahmedabad,Low,Mustard
40,46,33,29.59,73.36,6.47,702.11,Sandy Soil,Kharif,Rajkot,Medium,Groundnut
35,52,37,28.7,71.38,6.06,620.44,Black Soil,Kharif,Amreli,Medium,Groundnut
35,48,35,28.39,75.79,6.23,640.65,Loamy Soil,Kharif,Junagadh,Medium,Groundnut
57,45,35,15.67,48.99,6.71,193.63,Sandy Soil,Rabi,Kutch,Low,Mustard
65,37,37,34.77,41.26,6.88,251.39,Sandy Soil,Kharif,Jamnagar,Low,Bajra
107,52,47,19.16,47.01,6.88,258.59,Alluvial Soil,Rabi,Ahmedabad,Medium,Wheat
47,29,30,31.75,35.98,6.47,367.8,Loamy Soil,Kharif,Banaskantha,Low,Bajra
35,52,38,25.37,43.13,5.88,148.39,Black Soil,Rabi,Jamnagar,Low,Gram
118,55,39,32.65,59.84,7.04,768.59,Alluvial Soil,Kharif,Jamnagar,High,Cotton
52,32,32,28.01,54.54,6.33,461.54,Alluvial Soil,Kharif,Mehsana,Low,Castor
94,38,44,19.9,46.41,6.66,226.86,Black Soil,Rabi,Banaskantha,Medium,Wheat
114,58,39,32.83,69.43,6.69,872.73,Black Soil,Kharif,Junagadh,High,Cotton
40,46,27,25.54,70.45,7.22,666.71,Black Soil,Kharif,Rajkot,Medium,Groundnut
50,39,42,36.23,39.91,7.13,346.37,Loamy Soil,Kharif,Mehsana,Low,Bajra
104,64,41,31.52,66.39,6.47,734.51,Black Soil,Kharif,Vadodara,High,Cotton
87,37,50,20.27,49.48,7.15,172.49,Black Soil,Rabi,Rajkot,Medium,Wheat
53,42,35,20.75,52.83,5.78,150.93,Alluvial Soil,Rabi,Ahmedabad,Low,Mustard
53,37,27,18.01,53.78,6.93,143.2,Loamy Soil,Rabi,Jamnagar,Low,Mustard
42,43,33,28.59,74.58,7.14,653.9,Sandy Soil,Kharif,Amreli,Medium,Groundnut
83,48,37,25.85,68.61,6.56,862.88,Loamy Soil,Kharif,Ahmedabad,High,Maize
63,39,30,34.12,39.24,7.31,231.75,Loamy Soil,Kharif,Mehsana,Low,Bajra
53,36,36,30.01,56.28,6.45,452.44,Sandy Soil,Kharif,Anand,Low,Castor
57,33,30,27.67,52.71,6.93,493.68,Sandy Soil,Kharif,Banaskantha,Low,Castor
113,54,44,30.73,63.86,6.0,803.19,Alluvial Soil,Kharif,Amreli,High,Cotton
49,23,39,31.07,38.79,5.6,240.18,Sandy Soil,Kharif,Jamnagar,Low,Bajra
63,35,39,18.27,47.19,6.27,163.38,Loamy Soil,Rabi,Ahmedabad,Low,Mustard
98,48,40,20.48,45.41,5.69,187.76,Clay Soil,Rabi,Rajkot,Medium,Wheat
31,26,25,32.3,49.53,7.34,458.93,Loamy Soil,Kharif,Junagadh,Low,Sesame
60,39,32,17.02,56.77,6.74,129.05,Loamy Soil,Rabi,Kutch,Low,Mustard
97,52,51,32.24,60.55,6.69,840.71,Black Soil,Kharif,Surat,High,Cotton
37,48,32,20.03,44.78,6.55,217.01,Loamy Soil,Rabi,Junagadh,Low,Gram
37,43,32,28.07,72.82,6.78,641.37,Black Soil,Kharif,Rajkot,Medium,Groundnut
48,34,25,26.16,29.57,6.26,102.96,Alluvial Soil,Rabi,Mehsana,Low,Cumin
23,47,38,28.16,69.92,6.24,738.5,Black Soil,Kharif,Jamnagar,Medium,Groundnut
108,45,51,32.02,61.82,6.3,845.75,Alluvial Soil,Kharif,Junagadh,Medium,Cotton
24,58,33,22.18,39.83,6.52,209.22,Clay Soil,Rabi,Jamnagar,Low,Gram
81,50,44,26.98,67.51,6.05,914.26,Red Soil,Kharif,Anand,High,Maize
34,45,28,28.04,74.38,6.47,630.46,Black Soil,Kharif,Junagadh,Medium,Groundnut
61,40,28,30.02,52.98,6.7,439.56,Sandy Soil,Kharif,Rajkot,Low,Castor
26,26,25,29.05,50.09,5.52,356.79,Alluvial Soil,Kharif,Rajkot,Low,Sesame
88,55,40,26.65,66.21,6.5,950.67,Red Soil,Kharif,Banaskantha,High,Maize
72,37,40,36.99,37.87,6.52,256.88,Loamy Soil,Kharif,Ahmedabad,Low,Bajra
52,37,37,35.74,34.74,6.33,286.74,Loamy Soil,Kharif,Banaskantha,Low,Bajra
52,30,29,29.01,50.62,6.3,554.72,Alluvial Soil,Kharif,Banaskantha,Low,Castor
39,26,26,21.64,40.98,6.7,133.42,Sandy Soil,Rabi,Kutch,Low,Cumin
86,48,49,26.78,75.4,6.78,923.41,Loamy Soil,Kharif,Ahmedabad,High,Maize
46,48,39,27.37,69.29,6.25,660.44,Sandy Soil,Kharif,Bhavnagar,Medium,Groundnut
50,46,27,33.23,37.22,6.44,241.05,Sandy Soil,Kharif,Kutch,Low,Bajra
39,18,29,28.52,46.96,7.74,401.9,Sandy Soil,Kharif,Kutch,Low,Sesame
106,55,45,32.43,60.83,6.96,787.67,Black Soil,Kharif,Junagadh,Medium,Cotton
34,27,23,22.28,36.22,6.55,87.99,Loamy Soil,Rabi,Banaskantha,Low,Cumin
47,44,31,28.75,73.18,7.02,714.57,Black Soil,Kharif,Jamnagar,Medium,Groundnut
30,26,21,21.52,38.4,7.15,117.01,Sandy Soil,Rabi,Banaskantha,Low,Cumin
52,31,38,35.1,42.15,6.3,267.25,Loamy Soil,Kharif,Mehsana,Low,Bajra
66,39,35,20.5,57.98,6.28,140.17,Alluvial Soil,Rabi,Jamnagar,Low,Mustard
64,35,27,32.24,37.17,6.3,321.7,Loamy Soil,Kharif,Banaskantha,Low,Bajra
84,36,41,27.05,69.22,6.67,868.21,Red Soil,Kharif,Mehsana,High,Maize
78,52,43,27.28,66.53,7.06,898.75,Alluvial Soil,Kharif,Banaskantha,High,Maize
47,38,35,35.32,41.43,6.97,333.59,Loamy Soil,Kharif,Ahmedabad,Low,Bajra
35,22,26,29.61,45.46,6.65,409.3,Alluvial Soil,Kharif,Bhavnagar,Low,Sesame
54,41,34,18.92,52.33,6.86,133.89,Alluvial Soil,Rabi,Banaskantha,Low,Mustard
41,31,30,19.56,32.03,6.63,80.81,Loamy Soil,Rabi,Rajkot,Low,Cumin
50,49,36,28.49,69.71,6.48,698.52,Black Soil,Kharif,Amreli,Medium,Groundnut
98,50,41,30.44,66.55,6.22,821.09,Alluvial Soil,Kharif,Jamnagar,Medium,Cotton
56,37,25,28.9,53.64,6.39,406.4,Alluvial Soil,Kharif,Rajkot,Low,Castor
33,54,33,24.68,38.4,6.36,194.41,Loamy Soil,Rabi,Vadodara,Low,Gram
85,48,50,27.3,72.52,6.64,884.56,Red Soil,Kharif,Ahmedabad,High,Maize
92,52,43,32.88,68.42,6.8,907.92,Black Soil,Kharif,Rajkot,High,Cotton
53,27,35,34.71,43.62,6.33,322.24,Loamy Soil,Kharif,Mehsana,Low,Bajra
97,44,43,20.59,52.23,6.65,182.8,Alluvial Soil,Rabi,Anand,Medium,Wheat
56,35,32,34.8,42.32,5.95,265.97,Loamy Soil,Kharif,Ahmedabad,Low,Bajra
28,21,20,33.39,49.73,6.24,454.29,Loamy Soil,Kharif,Junagadh,Low,Sesame
81,45,38,27.42,77.68,6.77,793.74,Red Soil,Kharif,Anand,High,Maize
86,51,38,24.75,68.74,6.46,970.84,Loamy Soil,Kharif,Vadodara,High,Maize
78,40,45,25.65,70.05,7.0,991.39,Loamy Soil,Kharif,Anand,High,Maize
28,35,31,23.2,38.14,7.83,74.3,Alluvial Soil,Rabi,Kutch,Low,Cumin
45,47,34,22.27,41.44,7.21,205.23,Black Soil,Rabi,Junagadh,Low,Gram
31,33,29,22.92,36.9,6.29,123.67,Sandy Soil,Rabi,Rajkot,Low,Cumin
34,49,29,21.26,41.05,5.94,154.9,Clay Soil,Rabi,Rajkot,Low,Gram
40,46,40,21.66,39.87,7.15,157.26,Loamy Soil,Rabi,Rajkot,Low,Gram
48,36,45,20.42,49.82,6.61,136.79,Loamy Soil,Rabi,Ahmedabad,Low,Mustard
32,45,36,22.79,42.85,5.83,108.62,Black Soil,Rabi,Vadodara,Low,Gram
34,24,31,23.35,29.17,7.01,129.72,Alluvial Soil,Rabi,Mehsana,Low,Cumin
71,47,40,31.66,63.21,6.9,676.04,Black Soil,Kharif,Vadodara,High,Cotton
40,25,27,32.17,50.2,6.66,440.89,Alluvial Soil,Kharif,Junagadh,Low,Sesame
39,46,31,25.39,45.62,7.26,198.52,Black Soil,Rabi,Ahmedabad,Low,Gram
70,39,41,22.05,52.22,6.22,226.97,Alluvial Soil,Rabi,Mehsana,Low,Mustard
58,33,28,32.48,60.09,6.06,479.61,Alluvial Soil,Kharif,Banaskantha,Low,Castor
31,48,33,22.52,44.27,6.0,153.13,Black Soil,Rabi,Ahmedabad,Low,Gram
64,35,27,32.59,54.55,6.94,459.72,Alluvial Soil,Kharif,Anand,Low,Castor
32,40,30,26.99,73.06,5.53,594.1,Sandy Soil,Kharif,Jamnagar,Medium,Groundnut
32,32,22,22.75,36.35,6.16,131.05,Alluvial Soil,Rabi,Banaskantha,Low,Cumin
37,40,30,25.98,73.87,6.46,564.74,Loamy Soil,Kharif,Rajkot,Medium,Groundnut
87,54,36,29.86,66.48,6.94,949.79,Loamy Soil,Kharif,Banaskantha,High,Maize
73,44,42,28.15,72.89,7.31,874.89,Alluvial Soil,Kharif,Vadodara,High,Maize
105,52,50,30.77,65.56,5.79,792.58,Alluvial Soil,Kharif,Bhavnagar,High,Cotton
83,45,41,18.41,46.48,6.14,222.79,Loamy Soil,Rabi,Rajkot,Medium,Wheat
38,43,31,27.56,73.2,5.64,701.86,Sandy Soil,Kharif,Jamnagar,Medium,Groundnut
50,47,37,28.81,67.9,7.15,656.76,Black Soil,Kharif,Bhavnagar,Medium,Groundnut
32,27,23,23.86,37.52,6.9,120.24,Loamy Soil,Rabi,Jamnagar,Low,Cumin
33,26,27,31.42,46.41,6.41,436.88,Alluvial Soil,Kharif,Amreli,Low,Sesame
94,57,57,31.46,67.27,5.92,850.32,Alluvial Soil,Kharif,Surat,Medium,Cotton
77,39,43,24.92,69.44,6.24,886.23,Loamy Soil,Kharif,Mehsana,High,Maize
44,24,18,29.03,49.31,6.72,424.14,Loamy Soil,Kharif,Amreli,Low,Sesame
46,37,29,27.84,75.91,6.48,672.5,Black Soil,Kharif,Bhavnagar,Medium,Groundnut
41,26,28,31.42,55.11,5.81,426.52,Loamy Soil,Kharif,Mehsana,Low,Castor
36,43,27,27.35,69.67,6.44,596.35,Loamy Soil,Kharif,Bhavnagar,Medium,Groundnut
56,31,33,29.55,53.96,6.74,430.4,Alluvial Soil,Kharif,Anand,Low,Castor
34,25,24,31.81,48.73,6.99,342.31,Loamy Soil,Kharif,Rajkot,Low,Sesame
93,50,35,25.25,72.31,6.33,907.86,Red Soil,Kharif,Mehsana,High,Maize
60,46,43,18.02,48.29,7.09,184.13,Alluvial Soil,Rabi,Mehsana,Medium,Wheat
66,36,29,33.93,38.13,6.45,305.99,Sandy Soil,Kharif,Kutch,Low,Bajra
48,29,33,31.63,52.29,6.81,463.93,Alluvial Soil,Kharif,Kutch,Low,Castor
59,35,35,29.68,55.94,6.95,531.94,Alluvial Soil,Kharif,Anand,Low,Castor
50,34,26,34.03,36.04,5.67,235.54,Loamy Soil,Kharif,Mehsana,Low,Bajra
45,34,30,32.05,36.45,6.58,312.63,Sandy Soil,Kharif,Mehsana,Low,Bajra
46,49,38,23.19,37.43,6.72,144.06,Loamy Soil,Rabi,Junagadh,Low,Gram
45,39,30,31.96,48.27,6.65,437.12,Loamy Soil,Kharif,Banaskantha,Low,Castor
48,26,23,29.22,53.72,6.19,452.39,Alluvial Soil,Kharif,Kutch,Low,Castor
43,48,34,19.21,39.1,6.17,197.14,Loamy Soil,Rabi,Jamnagar,Low,Gram
33,39,30,27.96,70.86,7.02,667.37,Black Soil,Kharif,Bhavnagar,Medium,Groundnut
42,44,33,18.06,42.83,6.4,144.0,Black Soil,Rabi,Rajkot,Low,Gram
58,32,27,31.49,58.28,5.26,494.48,Alluvial Soil,Kharif,Mehsana,Low,Castor
37,32,26,30.08,50.6,6.12,418.85,Sandy Soil,Kharif,Kutch,Low,Castor
52,48,33,19.98,52.95,6.55,180.78,Loamy Soil,Rabi,Jamnagar,Low,Mustard
92,49,44,19.1,51.66,6.77,248.38,Clay Soil,Rabi,Anand,Medium,Wheat
36,33,28,24.63,36.82,6.69,102.14,Loamy Soil,Rabi,Jamnagar,Low,Cumin
35,26,23,31.45,48.29,6.23,413.71,Sandy Soil,Kharif,Amreli,Low,Sesame
86,49,41,24.39,66.37,6.47,974.29,Alluvial Soil,Kharif,Anand,High,Maize
48,44,33,28.63,75.43,5.67,679.23,Black Soil,Kharif,Bhavnagar,Medium,Groundnut
90,51,43,27.9,67.76,6.14,995.03,Loamy Soil,Kharif,Banaskantha,High,Maize
63,30,29,36.41,39.84,6.22,254.19,Sandy Soil,Kharif,Jamnagar,Low,Bajra
91,56,49,28.28,78.4,6.21,844.36,Loamy Soil,Kharif,Anand,High,Maize
101,48,44,18.87,46.53,6.55,164.39,Black Soil,Rabi,Rajkot,Medium,Wheat
41,42,29,26.54,79.42,6.37,553.72,Black Soil,Kharif,Junagadh,Medium,Groundnut
38,44,25,29.15,65.58,7.86,725.09,Sandy Soil,Kharif,Rajkot,Medium,Groundnut
27,30,26,22.62,35.99,5.83,137.22,Sandy Soil,Rabi,Banaskantha,Low,Cumin
33,30,31,24.22,37.66,5.24,105.29,Loamy Soil,Rabi,Banaskantha,Low,Cumin
60,29,29,31.98,48.98,6.82,250.18,Loamy Soil,Kharif,Ahmedabad,Low,Bajra
33,38,30,29.99,57.72,6.8,415.17,Sandy Soil,Kharif,Mehsana,Low,Castor
50,47,30,32.57,42.36,6.6,240.9,Loamy Soil,Kharif,Jamnagar,Low,Bajra
48,34,31,29.22,53.3,5.99,404.52,Loamy Soil,Kharif,Kutch,Low,Castor
29,28,22,30.11,45.67,6.05,469.95,Sandy Soil,Kharif,Amreli,Low,Sesame
85,56,41,25.37,69.97,6.55,894.53,Red Soil,Kharif,Banaskantha,High,Maize
56,37,35,18.18,49.53,6.06,156.68,Sandy Soil,Rabi,Kutch,Low,Mustard
43,40,32,27.95,71.18,5.99,635.72,Black Soil,Kharif,Rajkot,Medium,Groundnut
47,30,27,32.68,37.01,6.06,172.32,Sandy Soil,Kharif,Jamnagar,Low,Bajra
20,25,24,21.48,37.53,6.65,156.9,Sandy Soil,Rabi,Jamnagar,Low,Cumin
85,52,45,27.7,67.5,7.39,916.41,Alluvial Soil,Kharif,Vadodara,High,Maize
29,43,28,21.11,43.12,6.16,139.09,Clay Soil,Rabi,Junagadh,Low,Gram
78,44,39,24.79,68.68,6.14,925.04,Red Soil,Kharif,Ahmedabad,High,Maize
43,54,31,24.46,43.87,6.73,168.33,Clay Soil,Rabi,Vadodara,Low,Gram
40,50,34,27.42,68.98,6.64,575.39,Loamy Soil,Kharif,Rajkot,Medium,Groundnut
100,56,45,32.43,64.57,6.55,839.68,Black Soil,Kharif,Jamnagar,Medium,Cotton
36,28,22,31.04,46.34,6.9,429.49,Loamy Soil,Kharif,Kutch,Low,Sesame
86,59,48,33.12,64.66,6.08,850.06,Alluvial Soil,Kharif,Junagadh,Medium,Cotton
29,34,25,22.03,37.35,7.33,113.1,Sandy Soil,Rabi,Banaskantha,Low,Cumin
52,22,34,38.27,38.75,5.76,303.23,Loamy Soil,Kharif,Ahmedabad,Low,Bajra
42,26,31,29.27,55.23,6.83,414.03,Sandy Soil,Kharif,Kutch,Low,Castor
53,39,31,34.63,41.14,6.91,206.89,Sandy Soil,Kharif,Banaskantha,Low,Bajra
61,29,31,32.5,45.29,6.46,262.06,Sandy Soil,Kharif,Ahmedabad,Low,Bajra
69,44,42,27.86,70.61,6.78,828.04,Red Soil,Kharif,Ahmedabad,High,Maize
37,39,32,20.9,34.53,6.73,96.58,Sandy Soil,Rabi,Kutch,Low,Cumin
57,40,29,30.2,53.3,5.8,465.28,Sandy Soil,Kharif,Anand,Low,Castor
36,29,19,26.86,36.78,6.95,103.39,Alluvial Soil,Rabi,Rajkot,Low,Cumin
64,37,26,29.73,53.4,6.17,455.89,Loamy Soil,Kharif,Banaskantha,Low,Castor
28,41,39,24.12,41.09,6.56,206.05,Clay Soil,Rabi,Rajkot,Low,Gram
50,36,25,29.0,53.77,6.78,432.65,Loamy Soil,Kharif,Mehsana,Low,Castor
85,56,39,29.88,65.71,6.89,806.32,Loamy Soil,Kharif,Anand,High,Maize
35,33,26,23.67,36.59,6.74,107.93,Sandy Soil,Rabi,Kutch,Low,Cumin
37,39,29,23.29,35.63,6.55,119.41,Alluvial Soil,Rabi,Kutch,Low,Cumin
35,25,29,22.02,35.2,6.62,141.34,Sandy Soil,Rabi,Mehsana,Low,Cumin
35,48,44,21.28,39.73,6.16,193.14,Loamy Soil,Rabi,Junagadh,Low,Gram
33,22,23,28.43,56.97,6.33,423.92,Loamy Soil,Kharif,Bhavnagar,Low,Sesame
36,23,25,30.91,52.05,6.28,460.13,Sandy Soil,Kharif,Bhavnagar,Low,Sesame
83,51,46,32.84,65.15,6.81,846.9,Alluvial Soil,Kharif,Jamnagar,High,Cotton
88,38,37,19.57,50.35,7.06,203.7,Clay Soil,Rabi,Rajkot,Medium,Wheat
82,49,42,28.02,70.59,7.12,916.07,Loamy Soil,Kharif,Ahmedabad,High,Maize
85,56,37,27.87,71.43,6.03,930.71,Loamy Soil,Kharif,Anand,High,Maize
42,25,26,30.83,45.86,6.96,445.13,Loamy Soil,Kharif,Rajkot,Low,Sesame
81,53,44,28.89,65.03,6.61,995.06,Alluvial Soil,Kharif,Anand,High,Maize
70,53,44,34.12,65.06,5.91,796.67,Black Soil,Kharif,Jamnagar,High,Cotton
29,48,35,20.79,39.5,6.22,183.51,Loamy Soil,Rabi,Jamnagar,Low,Gram
51,31,27,32.8,39.06,6.67,273.47,Sandy Soil,Kharif,Ahmedabad,Low,Bajra
33,48,25,23.36,38.73,5.78,167.41,Loamy Soil,Rabi,Rajkot,Low,Gram
46,49,35,29.49,72.27,5.57,646.39,Sandy Soil,Kharif,Junagadh,Medium,Groundnut
42,34,28,28.23,72.84,6.39,668.45,Loamy Soil,Kharif,Rajkot,Medium,Groundnut
39,32,30,21.63,33.89,6.49,101.32,Alluvial Soil,Rabi,Rajkot,Low,Cumin
40,21,27,32.3,47.27,6.97,500.0,Sandy Soil,Kharif,Bhavnagar,Low,Sesame
85,49,41,26.11,73.95,6.53,900.88,Loamy Soil,Kharif,Ahmedabad,High,Maize
29,61,33,21.48,44.24,7.16,145.56,Black Soil,Rabi,Rajkot,Low,Gram
51,33,41,34.91,41.05,6.76,292.93,Sandy Soil,Kharif,Banaskantha,Low,Bajra
45,33,36,34.51,35.99,7.58,302.06,Loamy Soil,Kharif,Mehsana,Low,Bajra
35,38,36,20.6,35.16,7.04,142.76,Loamy Soil,Rabi,Jamnagar,Low,Gram
57,39,26,32.38,44.96,7.35,333.96,Sandy Soil,Kharif,Mehsana,Low,Bajra
65,41,33,19.01,55.74,6.41,202.09,Sandy Soil,Rabi,Mehsana,Low,Mustard
49,32,28,32.52,44.17,7.4,223.03,Sandy Soil,Kharif,Jamnagar,Low,Bajra
93,54,46,29.02,57.93,6.2,830.51,Black Soil,Kharif,Rajkot,High,Cotton
95,43,46,33.61,59.91,5.97,808.42,Black Soil,Kharif,Junagadh,High,Cotton
65,38,35,19.98,53.22,6.57,141.65,Alluvial Soil,Rabi,Mehsana,Low,Mustard
46,46,31,30.03,56.23,5.32,511.59,Alluvial Soil,Kharif,Rajkot,Low,Castor
46,49,27,27.38,74.56,6.52,596.32,Black Soil,Kharif,Amreli,Medium,Groundnut
94,50,44,18.81,47.89,6.53,208.1,Alluvial Soil,Rabi,Banaskantha,Medium,Wheat
40,52,29,22.99,42.39,6.19,144.01,Clay Soil,Rabi,Junagadh,Low,Gram
85,48,41,25.36,65.31,7.5,901.81,Alluvial Soil,Kharif,Ahmedabad,High,Maize
61,43,32,31.09,42.76,7.03,269.2,Loamy Soil,Kharif,Banaskantha,Low,Bajra
33,28,27,23.75,34.1,6.11,112.92,Alluvial Soil,Rabi,Rajkot,Low,Cumin
40,39,33,25.71,75.12,6.52,623.96,Sandy Soil,Kharif,Amreli,Medium,Groundnut
39,36,19,21.8,35.19,6.58,159.31,Loamy Soil,Rabi,Jamnagar,Low,Cumin
102,52,38,33.81,62.96,6.75,695.8,Black Soil,Kharif,Vadodara,High,Cotton
37,41,35,25.95,73.91,6.84,606.02,Black Soil,Kharif,Jamnagar,Medium,Groundnut
80,48,49,26.51,69.57,6.44,810.3,Alluvial Soil,Kharif,Vadodara,High,Maize
65,45,32,15.12,55.05,6.68,170.18,Loamy Soil,Rabi,Kutch,Low,Mustard
33,42,33,20.91,41.15,5.97,145.03,Black Soil,Rabi,Jamnagar,Low,Gram
118,51,45,31.97,63.99,6.9,692.25,Black Soil,Kharif,Bhavnagar,Medium,Cotton
38,26,23,29.47,47.07,5.81,471.52,Loamy Soil,Kharif,Bhavnagar,Low,Sesame
40,43,22,28.03,73.25,6.24,592.27,Black Soil,Kharif,Rajkot,Medium,Groundnut
84,40,53,19.48,47.41,6.78,218.98,Alluvial Soil,Rabi,Rajkot,Medium,Wheat
47,28,25,29.08,54.95,5.77,479.01,Sandy Soil,Kharif,Mehsana,Low,Castor
101,50,48,30.2,61.76,7.1,756.21,Alluvial Soil,Kharif,Rajkot,Medium,Cotton
86,55,56,35.03,63.65,6.75,837.98,Alluvial Soil,Kharif,Junagadh,High,Cotton
64,33,33,19.51,47.67,7.15,195.11,Alluvial Soil,Rabi,Mehsana,Low,Mustard
34,41,42,21.05,40.12,6.63,210.68,Black Soil,Rabi,Junagadh,Low,Gram
113,45,52,33.19,71.1,6.3,847.49,Black Soil,Kharif,Vadodara,Medium,Cotton
31,26,22,30.72,49.14,7.01,401.74,Loamy Soil,Kharif,Kutch,Low,Sesame
34,50,43,24.85,40.63,6.52,145.91,Clay Soil,Rabi,Rajkot,Low,Gram
67,41,32,16.84,53.72,6.11,158.17,Alluvial Soil,Rabi,Jamnagar,Low,Mustard
42,50,30,29.43,75.28,7.04,616.99,Sandy Soil,Kharif,Amreli,Medium,Groundnut
30,30,26,21.24,33.71,5.77,127.81,Loamy Soil,Rabi,Mehsana,Low,Cumin
64,31,33,19.75,53.13,6.26,151.44,Sandy Soil,Rabi,Banaskantha,Low,Mustard
35,46,32,20.01,39.46,8.24,154.3,Black Soil,Rabi,Rajkot,Low,Gram
42,38,26,29.34,52.72,6.41,418.71,Sandy Soil,Kharif,Banaskantha,Low,Castor
43,38,31,28.43,59.91,6.09,533.67,Loamy Soil,Kharif,Anand,Low,Castor
57,28,37,33.42,35.33,5.45,234.22,Sandy Soil,Kharif,Kutch,Low,Bajra
85,52,52,29.74,67.73,6.91,863.61,Black Soil,Kharif,Rajkot,Medium,Cotton
94,45,48,21.31,46.78,6.06,227.59,Loamy Soil,Rabi,Rajkot,Medium,Wheat
104,43,50,31.48,62.46,6.12,773.76,Alluvial Soil,Kharif,Surat,High,Cotton
54,35,32,30.68,58.36,6.07,473.06,Loamy Soil,Kharif,Rajkot,Low,Castor
39,51,29,30.49,70.82,6.54,635.94,Sandy Soil,Kharif,Bhavnagar,Medium,Groundnut
43,44,33,27.7,74.17,5.73,631.83,Loamy Soil,Kharif,Junagadh,Medium,Groundnut
99,49,39,27.04,75.85,6.25,821.27,Alluvial Soil,Kharif,Mehsana,High,Maize
34,45,37,20.05,44.26,6.69,210.06,Loamy Soil,Rabi,Jamnagar,Low,Gram
28,26,30,24.2,34.46,6.18,144.94,Sandy Soil,Rabi,Jamnagar,Low,Cumin
48,41,22,31.88,53.04,6.07,448.4,Sandy Soil,Kharif,Mehsana,Low,Castor
93,50,38,23.91,72.02,7.73,832.32,Loamy Soil,Kharif,Banaskantha,High,Maize
105,52,49,18.73,45.97,6.09,231.64,Black Soil,Rabi,Banaskantha,Medium,Wheat
97,52,50,20.25,50.22,5.64,182.61,Clay Soil,Rabi,Mehsana,Medium,Wheat
42,44,35,34.45,44.16,6.62,241.72,Sandy Soil,Kharif,Mehsana,Low,Bajra
36,52,36,22.43,42.85,7.25,196.1,Clay Soil,Rabi,Vadodara,Low,Gram
48,37,28,24.95,70.54,6.88,629.31,Black Soil,Kharif,Rajkot,Medium,Groundnut
54,31,40,29.14,55.35,6.3,425.56,Alluvial Soil,Kharif,Rajkot,Low,Castor
62,32,36,33.65,35.72,4.73,263.8,Loamy Soil,Kharif,Kutch,Low,Bajra
57,39,40,19.91,54.37,6.8,154.43,Sandy Soil,Rabi,Ahmedabad,Low,Mustard
66,42,30,29.29,39.31,5.99,254.42,Loamy Soil,Kharif,Mehsana,Low,Bajra
89,43,47,20.41,43.35,6.54,281.2,Black Soil,Rabi,Ahmedabad,Medium,Wheat
59,33,28,33.95,39.03,7.66,293.14,Sandy Soil,Kharif,Jamnagar,Low,Bajra
92,44,38,20.81,49.36,6.16,223.58,Loamy Soil,Rabi,Banaskantha,Medium,Wheat
46,29,30,29.97,57.43,6.06,482.43,Alluvial Soil,Kharif,Rajkot,Low,Castor
92,49,41,32.16,70.42,6.66,783.18,Black Soil,Kharif,Jamnagar,Medium,Cotton
93,45,46,18.47,46.73,6.21,230.05,Loamy Soil,Rabi,Rajkot,Medium,Wheat
35,41,36,30.33,43.1,7.03,298.41,Sandy Soil,Kharif,Jamnagar,Low,Bajra
75,40,36,21.41,52.13,6.62,96.4,Loamy Soil,Rabi,Ahmedabad,Low,Mustard
45,30,27,21.86,31.81,7.15,119.25,Loamy Soil,Rabi,Kutch,Low,Cumin
24,41,29,20.48,39.65,5.98,90.99,Loamy Soil,Rabi,Banaskantha,Low,Cumin
33,53,34,24.25,42.25,6.43,184.27,Clay Soil,Rabi,Rajkot,Low,Gram
91,49,50,34.23,66.32,5.9,829.64,Alluvial Soil,Kharif,Surat,Medium,Cotton
92,50,52,17.62,44.87,6.11,149.92,Clay Soil,Rabi,Anand,Medium,Wheat
42,45,34,22.04,40.58,7.27,204.1,Loamy Soil,Rabi,Junagadh,Low,Gram
102,53,40,20.91,43.69,6.71,197.62,Black Soil,Rabi,Rajkot,Medium,Wheat
33,36,32,22.24,34.92,6.38,131.52,Alluvial Soil,Rabi,Banaskantha,Low,Cumin
51,39,39,17.82,48.67,7.35,187.65,Alluvial Soil,Rabi,Jamnagar,Low,Mustard
48,41,35,28.22,68.41,6.04,642.51,Sandy Soil,Kharif,Rajkot,Medium,Groundnut
54,28,30,35.83,42.43,7.06,317.08,Sandy Soil,Kharif,Mehsana,Low,Bajra
104,46,39,29.97,68.71,6.19,902.25,Black Soil,Kharif,Jamnagar,High,Cotton
56,27,36,31.48,42.57,6.56,256.04,Sandy Soil,Kharif,Ahmedabad,Low,Bajra
63,48,24,15.94,56.82,6.18,168.17,Sandy Soil,Rabi,Kutch,Low,Mustard
35,35,27,20.36,33.1,5.54,109.58,Alluvial Soil,Rabi,Mehsana,Low,Cumin
43,47,33,22.05,41.5,6.41,200.71,Loamy Soil,Rabi,Jamnagar,Low,Gram
29,48,31,28.74,77.16,5.43,615.02,Sandy Soil,Kharif,Rajkot,Medium,Groundnut
32,29,28,20.67,35.79,5.8,84.67,Alluvial Soil,Rabi,Kutch,Low,Cumin
56,39,34,20.32,52.07,6.45,125.46,Alluvial Soil,Rabi,Mehsana,Low,Mustard
86,49,42,27.1,70.43,6.53,826.41,Red Soil,Kharif,Ahmedabad,High,Maize
37,45,33,28.95,59.14,7.2,353.98,Sandy Soil,Kharif,Banaskantha,Low,Castor
79,44,42,21.08,46.19,6.48,216.89,Loamy Soil,Rabi,Mehsana,Medium,Wheat
105,40,40,19.01,47.23,7.23,208.98,Clay Soil,Rabi,Anand,Medium,Wheat
33,36,22,20.93,29.61,6.68,119.7,Sandy Soil,Rabi,Jamnagar,Low,Cumin
93,44,42,23.91,65.65,6.9,879.38,Red Soil,Kharif,Anand,High,Maize
44,42,28,27.36,72.39,7.17,553.3,Sandy Soil,Kharif,Bhavnagar,Medium,Groundnut
30,42,23,21.09,43.07,6.91,141.61,Black Soil,Rabi,Jamnagar,Low,Gram
84,48,46,20.22,47.58,6.69,196.02,Alluvial Soil,Rabi,Banaskantha,Medium,Wheat
61,28,27,27.3,52.22,6.85,428.47,Loamy Soil,Kharif,Mehsana,Low,Castor
30,51,33,27.73,73.58,6.62,688.35,Loamy Soil,Kharif,Amreli,Medium,Groundnut
90,47,47,31.05,67.27,7.24,761.33,Alluvial Soil,Kharif,Rajkot,High,Cotton
44,38,25,28.81,61.67,5.82,327.36,Sandy Soil,Kharif,Rajkot,Low,Castor
50,40,35,31.52,34.18,5.94,242.64,Loamy Soil,Kharif,Banaskantha,Low,Bajra
33,43,20,28.54,70.89,7.06,669.51,Loamy Soil,Kharif,Junagadh,Medium,Groundnut
64,40,27,16.21,51.1,6.82,164.83,Sandy Soil,Rabi,Banaskantha,Low,Mustard
53,35,27,33.08,43.38,6.56,327.93,Loamy Soil,Kharif,Jamnagar,Low,Bajra
97,45,50,30.89,72.28,6.79,761.29,Black Soil,Kharif,Vadodara,Medium,Cotton
35,45,30,26.59,69.56,7.28,694.45,Sandy Soil,Kharif,Amreli,Medium,Groundnut
51,27,36,33.48,40.29,6.13,206.23,Loamy Soil,Kharif,Banaskantha,Low,Bajra
89,47,44,18.99,47.31,6.51,189.83,Alluvial Soil,Rabi,Rajkot,Medium,Wheat
39,27,29,22.52,37.01,6.9,136.16,Sandy Soil,Rabi,Kutch,Low,Cumin
52,29,39,32.86,42.62,6.84,272.56,Sandy Soil,Kharif,Banaskantha,Low,Bajra
94,32,50,17.24,48.08,6.11,271.42,Black Soil,Rabi,Rajkot,Medium,Wheat
36,47,39,30.19,67.69,6.79,641.1,Sandy Soil,Kharif,Jamnagar,Medium,Groundnut
92,51,46,27.91,71.32,6.99,934.47,Red Soil,Kharif,Banaskantha,High,Maize
95,48,46,27.12,64.9,6.5,858.74,Alluvial Soil,Kharif,Mehsana,High,Maize
46,32,24,28.73,48.33,6.39,352.22,Alluvial Soil,Kharif,Kutch,Low,Castor
37,35,29,24.64,34.04,7.2,122.73,Sandy Soil,Rabi,Mehsana,Low,Cumin
102,52,41,31.94,60.89,7.2,709.6,Black Soil,Kharif,Amreli,High,Cotton
58,34,36,20.47,50.98,6.77,148.04,Loamy Soil,Rabi,Mehsana,Low,Mustard
76,40,51,19.2,50.47,6.43,167.74,Black Soil,Rabi,Mehsana,Medium,Wheat
55,40,27,30.18,53.57,7.81,444.56,Loamy Soil,Kharif,Anand,Low,Castor
89,41,45,32.02,70.59,6.66,785.39,Black Soil,Kharif,Junagadh,High,Cotton
49,48,29,26.76,74.18,6.38,553.7,Loamy Soil,Kharif,Amreli,Medium,Groundnut
37,31,25,29.63,47.66,6.32,406.91,Alluvial Soil,Kharif,Junagadh,Low,Sesame
37,42,33,28.05,70.69,5.41,600.36,Black Soil,Kharif,Rajkot,Medium,Groundnut
101,45,45,32.04,65.9,5.94,879.79,Black Soil,Kharif,Bhavnagar,High,Cotton
81,45,35,29.34,68.36,6.44,891.05,Red Soil,Kharif,Banaskantha,High,Maize
40,48,32,23.03,40.46,6.06,184.55,Loamy Soil,Rabi,Ahmedabad,Low,Gram
60,39,35,32.98,35.44,6.79,224.41,Sandy Soil,Kharif,Ahmedabad,Low,Bajra
49,41,27,29.99,61.32,5.82,410.55,Loamy Soil,Kharif,Rajkot,Low,Castor
39,43,32,26.0,35.0,6.16,145.41,Black Soil,Rabi,Vadodara,Low,Gram
46,45,37,28.3,68.79,7.23,602.62,Black Soil,Kharif,Jamnagar,Medium,Groundnut
56,36,31,34.06,42.93,6.27,263.39,Loamy Soil,Kharif,Jamnagar,Low,Bajra
31,26,25,30.55,55.46,6.81,404.93,Sandy Soil,Kharif,Junagadh,Low,Sesame
98,53,47,28.62,72.78,6.33,909.39,Loamy Soil,Kharif,Mehsana,High,Maize
75,57,39,27.56,65.76,6.44,892.59,Loamy Soil,Kharif,Banaskantha,High,Maize
34,36,33,24.14,38.37,6.39,117.72,Sandy Soil,Rabi,Mehsana,Low,Cumin
64,33,33,18.06,55.34,6.8,141.65,Sandy Soil,Rabi,Mehsana,Low,Mustard
41,36,25,32.1,52.02,7.61,492.73,Alluvial Soil,Kharif,Banaskantha,Low,Castor
86,49,47,31.35,67.78,6.45,876.62,Alluvial Soil,Kharif,Ahmedabad,High,Maize
94,36,42,18.95,45.57,6.33,234.42,Clay Soil,Rabi,Banaskantha,Medium,Wheat
106,58,47,31.2,59.8,6.91,828.26,Alluvial Soil,Kharif,Surat,High,Cotton
45,35,19,29.96,60.66,6.53,411.27,Sandy Soil,Kharif,Banaskantha,Low,Castor
86,43,45,22.1,43.3,6.64,269.58,Alluvial Soil,Rabi,Mehsana,Medium,Wheat
56,35,27,33.61,36.02,6.74,257.09,Sandy Soil,Kharif,Ahmedabad,Low,Bajra
32,26,21,28.56,54.81,5.81,359.09,Sandy Soil,Kharif,Junagadh,Low,Sesame
36,44,37,26.23,44.88,6.83,187.01,Loamy Soil,Rabi,Ahmedabad,Low,Gram
38,33,30,20.15,41.11,6.63,75.84,Alluvial Soil,Rabi,Rajkot,Low,Cumin
39,43,34,34.15,38.59,6.7,293.81,Sandy Soil,Kharif,Kutch,Low,Bajra
61,37,39,19.98,51.39,7.08,152.97,Sandy Soil,Rabi,Mehsana,Low,Mustard
38,32,27,21.28,29.61,6.49,91.83,Alluvial Soil,Rabi,Kutch,Low,Cumin
36,45,33,26.68,74.31,6.54,564.21,Black Soil,Kharif,Rajkot,Medium,Groundnut
32,31,29,21.67,36.12,5.81,158.46,Alluvial Soil,Rabi,Rajkot,Low,Cumin
98,57,43,20.7,45.64,6.44,200.99,Alluvial Soil,Rabi,Anand,Medium,Wheat
105,42,47,19.35,44.28,6.87,163.51,Clay Soil,Rabi,Rajkot,Medium,Wheat
45,29,24,32.55,56.11,6.04,488.77,Loamy Soil,Kharif,Mehsana,Low,Castor
36,30,30,30.67,47.57,6.81,394.97,Sandy Soil,Kharif,Rajkot,Low,Sesame
39,30,22,30.4,49.29,6.56,424.99,Alluvial Soil,Kharif,Kutch,Low,Sesame
53,38,32,33.23,45.22,6.45,300.95,Sandy Soil,Kharif,Banaskantha,Low,Bajra
39,48,30,27.44,69.22,6.62,666.26,Black Soil,Kharif,Amreli,Medium,Groundnut
100,52,43,31.12,60.32,7.37,717.08,Alluvial Soil,Kharif,Vadodara,High,Cotton
34,38,30,22.55,34.4,6.47,96.67,Loamy Soil,Rabi,Mehsana,Low,Cumin
105,56,45,21.0,47.61,5.98,249.22,Black Soil,Rabi,Ahmedabad,Medium,Wheat
47,34,33,35.06,35.08,6.27,150.0,Loamy Soil,Kharif,Banaskantha,Low,Bajra
52,33,28,31.89,41.06,6.1,249.74,Sandy Soil,Kharif,Jamnagar,Low,Bajra
44,37,25,22.37,30.14,7.11,120.35,Loamy Soil,Rabi,Mehsana,Low,Cumin
50,39,25,18.5,52.7,5.62,136.46,Alluvial Soil,Rabi,Banaskantha,Low,Mustard
66,33,29,35.76,36.9,6.7,267.93,Sandy Soil,Kharif,Banaskantha,Low,Bajra
102,40,49,21.79,51.33,6.99,232.25,Alluvial Soil,Rabi,Banaskantha,Medium,Wheat
36,47,33,26.04,73.65,5.95,696.96,Sandy Soil,Kharif,Rajkot,Medium,Groundnut
36,53,30,25.04,42.98,5.7,205.38,Clay Soil,Rabi,Jamnagar,Low,Gram
46,38,25,29.3,61.21,6.55,538.18,Sandy Soil,Kharif,Anand,Low,Castor
33,29,25,32.93,46.73,6.78,421.16,Loamy Soil,Kharif,Junagadh,Low,Sesame
28,30,21,32.86,49.15,6.29,429.74,Alluvial Soil,Kharif,Bhavnagar,Low,Sesame
69,39,32,38.8,42.7,6.49,370.06,Loamy Soil,Kharif,Jamnagar,Low,Bajra
38,30,24,22.45,35.03,6.67,124.64,Loamy Soil,Rabi,Jamnagar,Low,Cumin
33,24,31,29.14,43.89,5.9,332.42,Loamy Soil,Kharif,Bhavnagar,Low,Sesame
87,49,49,30.4,60.02,5.44,848.07,Black Soil,Kharif,Rajkot,High,Cotton
52,29,33,16.08,54.27,6.63,158.57,Alluvial Soil,Rabi,Mehsana,Low,Mustard
77,48,45,27.53,69.25,6.18,921.07,Loamy Soil,Kharif,Mehsana,High,Maize
30,27,20,32.44,51.39,6.79,470.08,Loamy Soil,Kharif,Kutch,Low,Sesame
32,38,23,19.18,37.81,6.32,97.5,Alluvial Soil,Rabi,Banaskantha,Low,Cumin
78,48,45,25.83,72.17,6.78,881.94,Red Soil,Kharif,Mehsana,High,Maize
92,51,41,31.26,61.01,7.48,802.35,Alluvial Soil,Kharif,Surat,High,Cotton
97,49,47,19.23,44.33,5.92,167.69,Loamy Soil,Rabi,Banaskantha,Medium,Wheat
62,40,31,29.59,53.41,6.61,496.0,Sandy Soil,Kharif,Anand,Low,Castor
37,46,40,21.9,42.1,6.8,175.48,Clay Soil,Rabi,Rajkot,Low,Gram
86,56,43,34.29,71.64,6.12,763.36,Black Soil,Kharif,Surat,Medium,Cotton
37,55,35,22.64,41.98,6.28,155.76,Loamy Soil,Rabi,Jamnagar,Low,Gram
52,32,25,34.47,39.69,6.28,233.26,Loamy Soil,Kharif,Banaskantha,Low,Bajra
42,46,27,21.63,43.9,6.83,184.86,Clay Soil,Rabi,Rajkot,Low,Gram
90,49,41,25.74,67.42,7.83,886.92,Alluvial Soil,Kharif,Vadodara,High,Maize
60,37,33,16.89,53.01,6.81,209.38,Sandy Soil,Rabi,Jamnagar,Low,Mustard
85,52,48,24.43,73.25,6.57,869.96,Alluvial Soil,Kharif,Vadodara,High,Maize
54,34,25,33.93,42.11,5.58,252.69,Loamy Soil,Kharif,Ahmedabad,Low,Bajra
36,45,33,17.26,47.55,6.51,199.82,Loamy Soil,Rabi,Ahmedabad,Low,Gram
57,33,38,34.27,39.98,6.13,211.18,Sandy Soil,Kharif,Mehsana,Low,Bajra
111,58,50,32.48,70.87,6.5,721.21,Black Soil,Kharif,Rajkot,Medium,Cotton
84,52,36,26.75,67.25,7.01,863.35,Alluvial Soil,Kharif,Banaskantha,High,Maize
35,47,43,21.65,47.31,6.29,177.73,Black Soil,Rabi,Vadodara,Low,Gram
72,49,35,26.38,76.88,6.83,886.01,Loamy Soil,Kharif,Ahmedabad,High,Maize
101,44,55,18.83,52.49,6.01,217.25,Alluvial Soil,Rabi,Banaskantha,Medium,Wheat
87,47,39,33.78,70.16,6.66,881.42,Alluvial Soil,Kharif,Jamnagar,Medium,Cotton
41,28,25,31.85,46.76,7.2,387.22,Sandy Soil,Kharif,Kutch,Low,Sesame
29,54,41,21.72,44.96,7.26,178.28,Loamy Soil,Rabi,Jamnagar,Low,Gram
49,31,37,34.88,36.81,5.52,236.9,Sandy Soil,Kharif,Kutch,Low,Bajra
55,41,37,18.67,53.51,6.93,169.91,Sandy Soil,Rabi,Kutch,Low,Mustard
84,46,34,25.32,72.36,6.91,885.95,Alluvial Soil,Kharif,Ahmedabad,High,Maize
64,41,29,32.71,40.15,6.54,234.9,Sandy Soil,Kharif,Mehsana,Low,Bajra
32,27,25,31.52,50.04,7.21,386.61,Loamy Soil,Kharif,Rajkot,Low,Sesame
55,32,26,27.86,56.86,6.37,528.94,Alluvial Soil,Kharif,Mehsana,Low,Castor
64,31,31,31.14,61.6,6.85,480.07,Loamy Soil,Kharif,Banaskantha,Low,Castor
37,45,34,20.65,42.15,7.11,170.59,Loamy Soil,Rabi,Jamnagar,Low,Gram
34,50,30,26.02,67.38,7.13,680.83,Sandy Soil,Kharif,Rajkot,Medium,Groundnut
93,51,38,16.9,48.46,6.65,142.29,Clay Soil,Rabi,Rajkot,Medium,Wheat
53,37,31,18.68,49.88,5.76,152.51,Sandy Soil,Rabi,Kutch,Low,Mustard
38,44,40,24.78,43.68,6.42,200.62,Clay Soil,Rabi,Jamnagar,Low,Gram
25,39,21,26.15,32.2,6.08,106.39,Alluvial Soil,Rabi,Kutch,Low,Cumin
58,39,38,36.21,36.64,6.24,280.06,Loamy Soil,Kharif,Ahmedabad,Low,Bajra
57,39,25,37.69,43.86,6.76,313.5,Sandy Soil,Kharif,Kutch,Low,Bajra
36,30,24,23.49,34.64,6.26,80.0,Loamy Soil,Rabi,Kutch,Low,Cumin
34,38,23,19.34,36.32,7.36,125.59,Alluvial Soil,Rabi,Mehsana,Low,Cumin
30,31,33,22.4,36.22,5.88,77.85,Sandy Soil,Rabi,Mehsana,Low,Cumin
99,51,42,31.23,67.52,6.75,734.83,Alluvial Soil,Kharif,Vadodara,Medium,Cotton
46,42,31,28.0,40.67,6.78,257.44,Loamy Soil,Kharif,Ahmedabad,Low,Bajra
56,37,42,35.68,38.95,6.46,231.08,Sandy Soil,Kharif,Ahmedabad,Low,Bajra
63,33,27,19.7,52.36,6.33,188.98,Sandy Soil,Rabi,Mehsana,Low,Mustard
34,27,25,29.02,50.24,6.51,395.96,Loamy Soil,Kharif,Amreli,Low,Sesame
39,41,28,28.44,69.17,6.38,666.66,Loamy Soil,Kharif,Bhavnagar,Medium,Groundnut
35,20,19,33.01,50.52,7.21,381.11,Sandy Soil,Kharif,Bhavnagar,Low,Sesame
37,37,29,20.71,34.7,6.48,50.0,Sandy Soil,Rabi,Rajkot,Low,Cumin
56,37,31,28.89,59.59,7.14,469.02,Sandy Soil,Kharif,Mehsana,Low,Castor
55,27,19,28.41,53.64,7.1,435.98,Alluvial Soil,Kharif,Rajkot,Low,Castor
115,49,45,31.62,60.52,6.04,733.06,Black Soil,Kharif,Junagadh,Medium,Cotton
95,43,54,20.61,50.61,6.21,235.27,Black Soil,Rabi,Mehsana,Medium,Wheat
30,30,22,30.05,46.93,6.8,401.58,Alluvial Soil,Kharif,Kutch,Low,Sesame
90,42,48,19.73,44.99,6.02,133.38,Alluvial Soil,Rabi,Mehsana,Medium,Wheat
99,45,42,19.23,43.14,6.41,222.95,Black Soil,Rabi,Rajkot,Medium,Wheat
83,46,50,20.18,46.7,6.76,188.0,Clay Soil,Rabi,Mehsana,Medium,Wheat
33,44,39,21.99,40.97,6.0,198.06,Black Soil,Rabi,Rajkot,Low,Gram
78,47,45,24.31,65.51,6.51,963.39,Loamy Soil,Kharif,Vadodara,High,Maize
49,51,35,28.85,76.74,6.67,682.31,Black Soil,Kharif,Bhavnagar,Medium,Groundnut
30,25,22,30.54,49.33,7.13,375.89,Loamy Soil,Kharif,Bhavnagar,Low,Sesame
58,35,29,21.28,45.9,6.75,173.03,Loamy Soil,Rabi,Ahmedabad,Low,Mustard
98,43,39,18.75,48.86,6.5,237.28,Loamy Soil,Rabi,Anand,Medium,Wheat
85,47,47,29.77,74.21,7.22,876.09,Alluvial Soil,Kharif,Ahmedabad,High,Maize
110,42,44,17.83,49.87,6.11,183.62,Black Soil,Rabi,Rajkot,Medium,Wheat
57,35,26,31.4,35.67,7.41,337.2,Loamy Soil,Kharif,Banaskantha,Low,Bajra
78,47,48,26.77,65.57,5.74,1047.12,Red Soil,Kharif,Vadodara,High,Maize
56,31,26,31.8,42.53,6.35,345.92,Sandy Soil,Kharif,Jamnagar,Low,Bajra
93,44,49,20.75,48.98,5.24,204.27,Loamy Soil,Rabi,Mehsana,Medium,Wheat
40,46,31,22.6,40.72,7.2,223.94,Black Soil,Rabi,Rajkot,Low,Gram
116,50,46,31.22,61.62,6.18,718.4,Black Soil,Kharif,Amreli,Medium,Cotton
42,47,37,30.48,72.81,7.05,632.42,Loamy Soil,Kharif,Bhavnagar,Medium,Groundnut
39,21,25,32.13,50.87,7.18,349.73,Loamy Soil,Kharif,Kutch,Low,Sesame
88,51,45,26.36,65.66,6.98,977.45,Red Soil,Kharif,Vadodara,High,Maize
46,41,34,27.32,72.96,6.95,588.65,Loamy Soil,Kharif,Amreli,Medium,Groundnut
42,44,32,29.08,76.68,6.63,682.75,Sandy Soil,Kharif,Bhavnagar,Medium,Groundnut
82,37,40,28.19,69.93,5.86,964.31,Alluvial Soil,Kharif,Vadodara,High,Maize
86,46,36,24.85,68.76,7.46,861.02,Alluvial Soil,Kharif,Vadodara,High,Maize
100,54,54,17.28,44.73,6.0,168.54,Clay Soil,Rabi,Banaskantha,Medium,Wheat
114,56,47,32.37,61.25,7.72,808.61,Alluvial Soil,Kharif,Amreli,Medium,Cotton
75,56,44,19.88,45.77,6.74,232.0,Alluvial Soil,Rabi,Mehsana,Medium,Wheat
25,51,36,20.32,43.36,6.25,154.49,Loamy Soil,Rabi,Rajkot,Low,Gram
108,52,39,31.93,70.68,7.12,795.87,Black Soil,Kharif,Surat,Medium,Cotton
34,30,24,30.14,53.17,5.36,369.45,Sandy Soil,Kharif,Junagadh,Low,Sesame
51,35,26,33.15,40.29,7.1,261.98,Loamy Soil,Kharif,Ahmedabad,Low,Bajra
53,43,28,19.67,49.4,7.38,154.4,Sandy Soil,Rabi,Mehsana,Low,Mustard
62,38,35,16.61,56.01,6.13,171.66,Loamy Soil,Rabi,Ahmedabad,Low,Mustard
94,41,39,19.56,50.4,7.3,226.51,Black Soil,Rabi,Anand,Medium,Wheat
84,47,42,17.79,47.01,6.35,180.26,Loamy Soil,Rabi,Anand,Medium,Wheat
101,44,44,21.14,51.66,7.15,164.45,Black Soil,Rabi,Mehsana,Medium,Wheat
26,45,32,27.89,74.98,6.87,664.89,Sandy Soil,Kharif,Jamnagar,Medium,Groundnut
37,24,24,30.09,47.24,7.23,373.5,Loamy Soil,Kharif,Bhavnagar,Low,Sesame
35,44,37,29.16,73.07,6.06,601.96,Sandy Soil,Kharif,Jamnagar,Medium,Groundnut
114,42,48,22.41,49.47,6.35,197.76,Black Soil,Rabi,Banaskantha,Medium,Wheat
60,33,38,30.3,42.19,6.74,246.89,Loamy Soil,Kharif,Banaskantha,Low,Bajra
37,23,29,32.35,52.65,7.25,421.28,Loamy Soil,Kharif,Junagadh,Low,Sesame
38,45,33,28.75,73.09,5.89,603.08,Black Soil,Kharif,Jamnagar,Medium,Groundnut
61,50,34,21.88,47.23,5.92,146.07,Alluvial Soil,Rabi,Mehsana,Low,Mustard
49,40,35,34.29,34.28,6.49,347.08,Loamy Soil,Kharif,Ahmedabad,Low,Bajra
42,34,32,31.21,56.55,6.99,403.77,Sandy Soil,Kharif,Rajkot,Low,Castor
39,52,33,29.52,70.22,6.4,724.22,Loamy Soil,Kharif,Junagadh,Medium,Groundnut
32,46,26,28.05,68.94,6.73,603.78,Sandy Soil,Kharif,Bhavnagar,Medium,Groundnut
42,32,27,28.5,55.73,5.93,463.43,Loamy Soil,Kharif,Banaskantha,Low,Castor
48,40,24,36.65,41.83,6.19,311.02,Sandy Soil,Kharif,Mehsana,Low,Bajra
61,35,35,16.09,51.56,7.17,194.05,Alluvial Soil,Rabi,Kutch,Low,Mustard
31,26,23,28.37,55.98,6.46,430.9,Sandy Soil,Kharif,Rajkot,Low,Sesame
41,49,27,29.7,68.6,7.56,629.44,Black Soil,Kharif,Bhavnagar,Medium,Groundnut
38,48,26,26.78,41.01,7.84,163.25,Clay Soil,Rabi,Junagadh,Low,Gram
32,31,24,30.61,50.37,5.99,444.97,Alluvial Soil,Kharif,Bhavnagar,Low,Sesame
35,52,28,24.71,36.95,5.84,168.26,Black Soil,Rabi,Vadodara,Low,Gram
30,49,29,23.95,41.14,5.64,177.84,Black Soil,Rabi,Rajkot,Low,Gram
60,33,43,35.93,39.57,6.79,187.93,Sandy Soil,Kharif,Mehsana,Low,Bajra
101,46,42,32.13,68.68,6.37,784.27,Black Soil,Kharif,Rajkot,High,Cotton
66,35,29,29.64,57.82,5.85,362.72,Alluvial Soil,Kharif,Anand,Low,Castor
34,43,28,21.43,41.87,7.11,156.19,Black Soil,Rabi,Ahmedabad,Low,Gram
37,35,25,22.72,31.21,5.75,90.15,Alluvial Soil,Rabi,Jamnagar,Low,Cumin
99,58,48,32.2,63.79,6.47,820.52,Black Soil,Kharif,Amreli,High,Cotton
91,59,46,29.04,60.33,6.38,722.46,Black Soil,Kharif,Bhavnagar,Medium,Cotton
39,47,42,22.22,44.19,6.29,151.54,Black Soil,Rabi,Ahmedabad,Low,Gram
103,54,39,25.52,73.22,5.47,894.81,Alluvial Soil,Kharif,Anand,High,Maize
34,31,26,30.48,50.07,6.12,370.78,Alluvial Soil,Kharif,Bhavnagar,Low,Sesame
32,37,28,23.76,36.52,6.29,100.99,Sandy Soil,Rabi,Banaskantha,Low,Cumin
55,39,34,35.1,38.89,7.01,260.16,Sandy Soil,Kharif,Ahmedabad,Low,Bajra
78,50,47,17.09,47.41,6.69,180.33,Loamy Soil,Rabi,Banaskantha,Medium,Wheat
56,44,33,19.04,52.3,6.05,160.15,Alluvial Soil,Rabi,Kutch,Low,Mustard
35,29,33,25.71,36.58,6.62,115.4,Alluvial Soil,Rabi,Kutch,Low,Cumin
91,41,42,22.89,50.57,5.76,121.1,Clay Soil,Rabi,Anand,Medium,Wheat
62,32,35,33.93,43.97,5.86,228.98,Sandy Soil,Kharif,Jamnagar,Low,Bajra
34,29,26,22.14,33.53,6.23,104.17,Sandy Soil,Rabi,Banaskantha,Low,Cumin
31,32,22,29.07,49.42,6.97,347.21,Loamy Soil,Kharif,Rajkot,Low,Sesame
26,55,29,20.22,36.68,6.09,151.04,Loamy Soil,Rabi,Junagadh,Low,Gram
58,34,33,32.51,42.31,6.23,342.02,Sandy Soil,Kharif,Mehsana,Low,Bajra
28,41,25,29.55,72.44,5.39,668.79,Black Soil,Kharif,Jamnagar,Medium,Groundnut
53,40,34,20.93,56.05,6.89,194.66,Sandy Soil,Rabi,Ahmedabad,Low,Mustard
106,48,40,19.55,53.69,5.88,217.61,Clay Soil,Rabi,Anand,Medium,Wheat
30,38,22,21.02,35.46,6.53,127.56,Sandy Soil,Rabi,Kutch,Low,Cumin
59,45,32,34.04,39.12,6.28,232.89,Sandy Soil,Kharif,Ahmedabad,Low,Bajra
44,33,29,30.81,55.67,6.4,443.2,Alluvial Soil,Kharif,Rajkot,Low,Castor
71,42,38,18.32,49.34,6.63,216.63,Sandy Soil,Rabi,Kutch,Low,Mustard
42,42,31,24.5,46.09,5.8,214.06,Clay Soil,Rabi,Jamnagar,Low,Gram
61,34,33,35.24,39.76,6.09,272.37,Loamy Soil,Kharif,Banaskantha,Low,Bajra
94,54,52,31.7,68.55,7.23,738.91,Black Soil,Kharif,Bhavnagar,Medium,Cotton
38,52,37,26.52,69.58,7.14,593.22,Loamy Soil,Kharif,Junagadh,Medium,Groundnut
88,58,55,31.16,64.07,5.98,786.44,Alluvial Soil,Kharif,Bhavnagar,High,Cotton
40,31,34,31.15,59.26,6.02,352.61,Alluvial Soil,Kharif,Mehsana,Low,Castor
76,44,38,27.22,75.14,7.3,746.0,Red Soil,Kharif,Anand,High,Maize
31,54,29,20.23,44.27,6.12,146.82,Clay Soil,Rabi,Rajkot,Low,Gram
38,50,31,31.13,72.83,7.03,690.26,Sandy Soil,Kharif,Jamnagar,Medium,Groundnut
37,51,34,21.59,44.26,6.85,160.33,Loamy Soil,Rabi,Ahmedabad,Low,Gram
40,33,26,23.52,32.62,6.35,113.8,Loamy Soil,Rabi,Rajkot,Low,Cumin
55,43,37,32.78,35.66,6.56,250.72,Loamy Soil,Kharif,Kutch,Low,Bajra
65,26,28,35.35,40.9,6.63,302.81,Loamy Soil,Kharif,Kutch,Low,Bajra
34,46,45,28.93,79.34,6.78,618.51,Black Soil,Kharif,Jamnagar,Medium,Groundnut
37,28,20,22.04,35.61,5.87,95.75,Alluvial Soil,Rabi,Mehsana,Low,Cumin
37,28,22,23.03,35.35,6.65,147.06,Loamy Soil,Rabi,Kutch,Low,Cumin
62,39,32,30.77,55.24,6.7,461.29,Loamy Soil,Kharif,Rajkot,Low,Castor
39,50,26,20.4,38.35,6.41,141.8,Loamy Soil,Rabi,Rajkot,Low,Gram
37,33,30,22.78,39.45,7.0,114.73,Loamy Soil,Rabi,Rajkot,Low,Cumin
84,39,52,16.82,44.98,6.38,147.99,Black Soil,Rabi,Ahmedabad,Medium,Wheat
38,36,25,26.84,36.12,6.46,139.05,Alluvial Soil,Rabi,Banaskantha,Low,Cumin
42,36,25,28.41,56.62,6.92,437.72,Loamy Soil,Kharif,Anand,Low,Castor
33,36,20,28.32,50.54,5.87,376.4,Sandy Soil,Kharif,Junagadh,Low,Sesame
30,43,31,30.12,73.5,6.58,691.85,Loamy Soil,Kharif,Junagadh,Medium,Groundnut
55,40,26,34.25,38.06,7.32,251.26,Sandy Soil,Kharif,Jamnagar,Low,Bajra
54,32,26,28.53,59.41,6.59,416.62,Sandy Soil,Kharif,Mehsana,Low,Castor
79,41,30,25.54,74.59,7.13,852.09,Red Soil,Kharif,Anand,High,Maize
40,42,29,26.59,70.71,7.06,616.95,Sandy Soil,Kharif,Amreli,Medium,Groundnut
91,48,45,25.35,67.89,6.97,999.03,Loamy Soil,Kharif,Ahmedabad,High,Maize
30,29,27,25.65,34.84,6.69,133.92,Loamy Soil,Rabi,Mehsana,Low,Cumin
100,63,47,31.06,59.95,5.6,694.39,Black Soil,Kharif,Amreli,Medium,Cotton
30,39,32,24.64,34.36,7.33,120.58,Alluvial Soil,Rabi,Rajkot,Low,Cumin
38,48,37,22.58,42.14,7.1,143.12,Black Soil,Rabi,Junagadh,Low,Gram
32,29,19,24.08,34.11,6.31,118.95,Sandy Soil,Rabi,Jamnagar,Low,Cumin
42,31,30,31.33,59.53,6.74,467.47,Sandy Soil,Kharif,Rajkot,Low,Castor
81,35,56,18.84,50.34,6.13,251.28,Black Soil,Rabi,Mehsana,Medium,Wheat
39,27,25,19.31,35.33,6.1,162.45,Alluvial Soil,Rabi,Kutch,Low,Cumin
75,46,57,31.22,61.09,6.4,937.86,Alluvial Soil,Kharif,Amreli,Medium,Cotton
49,44,26,26.2,53.64,6.73,469.34,Alluvial Soil,Kharif,Rajkot,Low,Castor
38,41,39,19.64,44.9,5.8,185.6,Black Soil,Rabi,Rajkot,Low,Gram
34,53,34,28.14,71.88,6.65,664.01,Black Soil,Kharif,Jamnagar,Medium,Groundnut
26,48,31,25.58,40.47,6.3,165.69,Loamy Soil,Rabi,Jamnagar,Low,Gram
52,26,31,32.91,54.79,6.57,523.96,Loamy Soil,Kharif,Anand,Low,Castor
94,46,45,15.52,44.01,6.55,220.53,Loamy Soil,Rabi,Rajkot,Medium,Wheat
59,27,35,33.02,41.37,5.89,324.38,Sandy Soil,Kharif,Kutch,Low,Bajra
93,51,43,29.06,67.99,7.14,843.43,Black Soil,Kharif,Surat,Medium,Cotton
42,46,36,21.22,42.8,7.38,178.5,Loamy Soil,Rabi,Jamnagar,Low,Gram
84,43,40,28.84,70.33,6.95,997.98,Alluvial Soil,Kharif,Vadodara,High,Maize
102,41,45,18.33,46.72,6.48,173.9,Black Soil,Rabi,Rajkot,Medium,Wheat
93,48,48,27.61,61.98,6.94,815.18,Alluvial Soil,Kharif,Banaskantha,High,Maize
26,50,43,21.14,44.12,6.54,189.47,Black Soil,Rabi,Junagadh,Low,Gram
21,27,34,23.86,28.5,6.09,73.29,Loamy Soil,Rabi,Mehsana,Low,Cumin
51,41,39,31.47,36.65,6.43,184.54,Loamy Soil,Kharif,Ahmedabad,Low,Bajra
67,42,41,17.14,49.86,7.53,197.5,Sandy Soil,Rabi,Banaskantha,Low,Mustard
32,54,40,28.0,41.74,6.36,166.76,Clay Soil,Rabi,Jamnagar,Low,Gram
80,44,55,31.63,62.76,5.87,763.0,Black Soil,Kharif,Jamnagar,High,Cotton
40,37,45,22.0,45.44,5.89,193.09,Black Soil,Rabi,Vadodara,Low,Gram
102,48,38,27.64,65.91,7.36,993.57,Red Soil,Kharif,Anand,High,Maize
26,42,36,29.05,74.79,6.01,730.79,Loamy Soil,Kharif,Jamnagar,Medium,Groundnut
105,48,46,31.4,62.37,6.5,785.63,Black Soil,Kharif,Surat,Medium,Cotton
89,52,48,30.56,64.42,6.7,824.03,Black Soil,Kharif,Amreli,High,Cotton
35,33,27,22.35,33.41,6.31,141.39,Sandy Soil,Rabi,Rajkot,Low,Cumin
68,36,33,32.09,36.41,6.65,335.76,Sandy Soil,Kharif,Ahmedabad,Low,Bajra
79,47,44,17.49,43.71,6.02,260.7,Alluvial Soil,Rabi,Mehsana,Medium,Wheat
31,49,29,26.03,44.14,6.49,210.41,Clay Soil,Rabi,Junagadh,Low,Gram
70,49,41,28.0,65.25,6.51,922.87,Loamy Soil,Kharif,Banaskantha,High,Maize
91,49,39,20.05,49.43,6.29,158.03,Loamy Soil,Rabi,Mehsana,Medium,Wheat
54,35,34,18.18,50.17,7.4,177.98,Loamy Soil,Rabi,Ahmedabad,Low,Mustard
37,37,22,20.71,39.14,6.46,119.66,Alluvial Soil,Rabi,Kutch,Low,Cumin
38,30,31,18.93,32.39,7.08,110.63,Alluvial Soil,Rabi,Mehsana,Low,Cumin
26,24,21,30.33,55.41,6.62,452.86,Alluvial Soil,Kharif,Kutch,Low,Sesame
59,40,41,15.65,57.3,6.32,162.79,Loamy Soil,Rabi,Ahmedabad,Low,Mustard
57,33,27,30.53,54.41,5.81,460.71,Sandy Soil,Kharif,Rajkot,Low,Castor
43,26,26,32.86,46.88,5.98,358.52,Alluvial Soil,Kharif,Kutch,Low,Sesame
91,30,42,21.61,49.96,6.25,185.55,Loamy Soil,Rabi,Banaskantha,Medium,Wheat
125,55,48,33.58,72.81,6.94,863.25,Alluvial Soil,Kharif,Rajkot,High,Cotton
67,45,51,20.02,49.06,7.29,210.96,Black Soil,Rabi,Ahmedabad,Medium,Wheat
53,41,30,18.99,52.3,6.68,170.23,Alluvial Soil,Rabi,Ahmedabad,Low,Mustard
86,47,50,31.02,64.0,5.69,812.47,Alluvial Soil,Kharif,Jamnagar,Medium,Cotton
49,32,28,31.04,53.6,6.92,485.72,Loamy Soil,Kharif,Anand,Low,Castor
102,54,45,31.35,63.56,6.7,771.93,Black Soil,Kharif,Surat,Medium,Cotton
56,31,29,32.82,39.76,6.89,274.98,Loamy Soil,Kharif,Kutch,Low,Bajra
69,44,33,19.33,53.82,6.13,91.07,Sandy Soil,Rabi,Kutch,Low,Mustard
37,30,28,31.1,48.64,5.59,433.02,Sandy Soil,Kharif,Bhavnagar,Low,Sesame
47,20,27,30.18,48.03,6.29,368.68,Alluvial Soil,Kharif,Amreli,Low,Sesame
96,49,40,23.97,72.32,7.33,857.52,Loamy Soil,Kharif,Ahmedabad,High,Maize
78,47,43,27.39,68.61,6.37,803.09,Loamy Soil,Kharif,Ahmedabad,High,Maize
54,44,32,16.17,47.25,6.49,209.22,Loamy Soil,Rabi,Jamnagar,Low,Mustard
45,40,33,18.39,43.29,6.54,147.7,Loamy Soil,Rabi,Junagadh,Low,Gram
86,40,51,21.47,45.29,6.42,195.22,Alluvial Soil,Rabi,Rajkot,Medium,Wheat
68,42,39,17.38,53.39,6.17,169.22,Alluvial Soil,Rabi,Kutch,Low,Mustard
87,44,42,20.85,45.7,6.22,176.34,Black Soil,Rabi,Mehsana,Medium,Wheat
102,51,43,33.4,70.52,6.26,759.19,Black Soil,Kharif,Rajkot,Medium,Cotton
50,43,33,34.13,44.49,6.69,294.9,Loamy Soil,Kharif,Jamnagar,Low,Bajra
54,35,38,32.44,43.56,5.93,218.97,Sandy Soil,Kharif,Banaskantha,Low,Bajra
28,29,30,30.59,50.57,6.19,368.99,Loamy Soil,Kharif,Amreli,Low,Sesame
55,35,40,14.54,50.83,5.8,195.06,Sandy Soil,Rabi,Jamnagar,Low,Mustard
101,58,46,26.02,72.26,6.63,916.09,Alluvial Soil,Kharif,Ahmedabad,High,Maize
27,41,32,28.34,69.21,6.43,614.12,Sandy Soil,Kharif,Rajkot,Medium,Groundnut
103,37,50,20.49,46.08,6.04,130.66,Black Soil,Rabi,Banaskantha,Medium,Wheat
105,54,65,33.49,64.57,6.02,692.9,Alluvial Soil,Kharif,Amreli,Medium,Cotton
50,52,35,27.66,65.0,6.65,649.91,Loamy Soil,Kharif,Jamnagar,Medium,Groundnut
91,50,49,31.25,62.26,6.62,816.33,Black Soil,Kharif,Jamnagar,High,Cotton
40,43,24,28.63,77.43,6.73,680.46,Sandy Soil,Kharif,Bhavnagar,Medium,Groundnut
44,40,40,33.42,39.84,6.95,287.06,Loamy Soil,Kharif,Jamnagar,Low,Bajra
101,57,40,29.96,70.26,6.19,875.73,Black Soil,Kharif,Junagadh,Medium,Cotton
88,57,45,18.61,44.64,5.59,212.12,Black Soil,Rabi,Rajkot,Medium,Wheat
31,27,28,21.88,40.69,6.77,108.81,Sandy Soil,Rabi,Jamnagar,Low,Cumin
86,43,48,20.6,49.49,6.35,220.48,Clay Soil,Rabi,Rajkot,Medium,Wheat
57,28,32,33.73,37.35,6.47,196.16,Loamy Soil,Kharif,Ahmedabad,Low,Bajra
43,43,30,30.63,74.85,6.12,678.55,Sandy Soil,Kharif,Junagadh,Medium,Groundnut
27,32,25,23.89,37.32,6.33,121.11,Loamy Soil,Rabi,Banaskantha,Low,Cumin
46,34,31,30.07,56.77,6.74,434.04,Loamy Soil,Kharif,Banaskantha,Low,Castor
71,50,31,16.52,48.82,6.76,178.75,Clay Soil,Rabi,Rajkot,Medium,Wheat
57,49,41,20.74,50.69,7.02,174.65,Alluvial Soil,Rabi,Mehsana,Low,Mustard
97,43,52,31.9,64.4,8.1,819.92,Black Soil,Kharif,Amreli,High,Cotton
45,44,32,26.52,71.75,6.12,669.17,Black Soil,Kharif,Junagadh,Medium,Groundnut
105,54,43,31.72,63.36,6.21,856.64,Black Soil,Kharif,Surat,High,Cotton
99,48,43,30.87,63.2,6.88,785.21,Alluvial Soil,Kharif,Amreli,High,Cotton
34,38,36,20.02,37.69,6.57,178.55,Black Soil,Rabi,Ahmedabad,Low,Gram
37,52,35,24.53,46.57,5.92,118.12,Clay Soil,Rabi,Junagadh,Low,Gram
47,47,27,27.81,77.54,6.56,633.63,Sandy Soil,Kharif,Amreli,Medium,Groundnut
79,54,44,25.63,68.84,6.33,981.83,Loamy Soil,Kharif,Banaskantha,High,Maize
101,46,48,33.95,66.5,6.98,784.2,Black Soil,Kharif,Surat,High,Cotton
31,31,25,29.55,51.82,6.36,375.5,Sandy Soil,Kharif,Amreli,Low,Sesame
54,43,19,25.93,60.43,6.53,455.48,Alluvial Soil,Kharif,Anand,Low,Castor
35,51,35,23.77,45.73,6.09,157.45,Clay Soil,Rabi,Junagadh,Low,Gram
48,41,21,22.65,35.26,7.17,113.18,Loamy Soil,Rabi,Banaskantha,Low,Cumin
37,53,29,27.58,71.15,6.46,620.84,Sandy Soil,Kharif,Rajkot,Medium,Groundnut
30,23,29,25.55,51.61,5.73,400.85,Loamy Soil,Kharif,Bhavnagar,Low,Sesame
45,34,28,27.83,56.09,6.52,533.37,Alluvial Soil,Kharif,Rajkot,Low,Castor
106,58,37,30.42,58.2,6.37,847.84,Black Soil,Kharif,Jamnagar,Medium,Cotton
48,36,20,30.31,52.7,6.58,495.25,Sandy Soil,Kharif,Rajkot,Low,Castor
79,47,39,30.37,70.01,6.58,948.08,Loamy Soil,Kharif,Anand,High,Maize
57,43,31,17.35,52.37,7.7,157.75,Sandy Soil,Rabi,Jamnagar,Low,Mustard
118,57,50,32.49,66.31,5.54,781.41,Black Soil,Kharif,Amreli,High,Cotton
99,56,41,31.48,67.32,6.92,780.4,Alluvial Soil,Kharif,Rajkot,Medium,Cotton
80,45,38,18.51,50.56,6.53,137.35,Black Soil,Rabi,Anand,Medium,Wheat
46,28,23,32.15,49.7,6.73,452.08,Sandy Soil,Kharif,Bhavnagar,Low,Sesame
115,47,41,29.13,62.87,5.84,909.47,Black Soil,Kharif,Vadodara,High,Cotton
41,40,34,29.95,39.37,7.48,269.76,Sandy Soil,Kharif,Kutch,Low,Bajra
104,47,51,20.7,47.95,5.75,191.26,Alluvial Soil,Rabi,Mehsana,Medium,Wheat
40,45,36,22.01,44.4,6.52,164.15,Clay Soil,Rabi,Ahmedabad,Low,Gram
32,30,26,19.41,38.74,6.59,97.42,Loamy Soil,Rabi,Rajkot,Low,Cumin
59,35,25,29.99,57.75,6.4,479.88,Alluvial Soil,Kharif,Rajkot,Low,Castor
39,27,37,22.35,35.96,6.4,116.76,Alluvial Soil,Rabi,Mehsana,Low,Cumin
40,45,28,28.1,75.99,6.72,651.55,Sandy Soil,Kharif,Junagadh,Medium,Groundnut
39,50,33,23.4,43.07,7.0,213.56,Loamy Soil,Rabi,Junagadh,Low,Gram
33,43,32,27.53,74.76,6.61,695.39,Sandy Soil,Kharif,Amreli,Medium,Groundnut
100,58,44,26.77,71.01,6.66,897.34,Loamy Soil,Kharif,Mehsana,High,Maize
125,45,51,31.45,67.61,5.76,715.82,Alluvial Soil,Kharif,Surat,Medium,Cotton
54,38,31,20.44,53.78,6.62,194.85,Sandy Soil,Rabi,Kutch,Low,Mustard
100,48,57,33.39,62.53,5.83,774.29,Alluvial Soil,Kharif,Surat,High,Cotton
71,60,39,26.56,68.57,5.96,1028.34,Alluvial Soil,Kharif,Banaskantha,High,Maize
34,40,34,21.17,43.01,6.22,207.17,Loamy Soil,Rabi,Jamnagar,Low,Gram
31,36,23,32.53,50.73,5.77,429.35,Loamy Soil,Kharif,Amreli,Low,Sesame
38,33,15,30.36,42.16,6.48,443.3,Sandy Soil,Kharif,Kutch,Low,Sesame
32,54,38,20.78,42.49,6.56,187.17,Loamy Soil,Rabi,Rajkot,Low,Gram
33,31,22,30.16,47.15,6.29,349.52,Sandy Soil,Kharif,Bhavnagar,Low,Sesame
34,53,37,22.84,39.19,6.88,190.22,Loamy Soil,Rabi,Rajkot,Low,Gram
42,46,28,26.44,73.2,6.41,757.86,Loamy Soil,Kharif,Bhavnagar,Medium,Groundnut
87,48,44,20.58,44.8,6.63,230.01,Loamy Soil,Rabi,Rajkot,Medium,Wheat
50,33,30,28.06,53.96,6.02,486.08,Sandy Soil,Kharif,Banaskantha,Low,Castor
82,53,36,25.6,67.54,6.53,877.0,Loamy Soil,Kharif,Vadodara,High,Maize
32,28,23,25.65,28.92,6.75,97.12,Sandy Soil,Rabi,Rajkot,Low,Cumin
42,28,27,26.54,57.16,6.56,468.36,Loamy Soil,Kharif,Anand,Low,Castor
38,28,21,27.8,51.16,6.57,357.22,Sandy Soil,Kharif,Rajkot,Low,Sesame
37,27,16,23.25,39.89,5.87,92.25,Sandy Soil,Rabi,Jamnagar,Low,Cumin
48,32,20,26.85,56.22,6.39,431.82,Sandy Soil,Kharif,Kutch,Low,Castor
60,41,30,30.76,56.29,5.6,397.44,Loamy Soil,Kharif,Banaskantha,Low,Castor
41,26,20,26.51,53.65,7.49,401.45,Sandy Soil,Kharif,Bhavnagar,Low,Sesame
79,42,45,18.23,50.93,5.3,174.04,Loamy Soil,Rabi,Banaskantha,Medium,Wheat
94,69,41,30.77,63.12,6.62,768.65,Alluvial Soil,Kharif,Junagadh,High,Cotton
40,48,33,21.57,45.48,7.31,131.69,Clay Soil,Rabi,Vadodara,Low,Gram
35,31,29,25.0,49.33,5.45,438.72,Sandy Soil,Kharif,Junagadh,Low,Sesame
81,50,48,32.6,63.3,6.52,634.11,Black Soil,Kharif,Vadodara,Medium,Cotton
83,47,47,26.12,72.96,7.05,937.79,Red Soil,Kharif,Ahmedabad,High,Maize
56,44,39,19.23,54.96,6.84,153.19,Sandy Soil,Rabi,Jamnagar,Low,Mustard
31,59,30,22.88,40.15,5.8,154.61,Loamy Soil,Rabi,Rajkot,Low,Gram
30,28,27,30.23,53.65,5.85,394.75,Alluvial Soil,Kharif,Bhavnagar,Low,Sesame
60,42,36,20.05,49.2,7.14,151.29,Sandy Soil,Rabi,Jamnagar,Low,Mustard
36,47,35,30.92,74.89,6.47,605.48,Sandy Soil,Kharif,Rajkot,Medium,Groundnut
64,44,39,18.62,52.71,6.79,142.48,Alluvial Soil,Rabi,Banaskantha,Low,Mustard
56,35,29,30.09,51.48,6.56,506.36,Alluvial Soil,Kharif,Mehsana,Low,Castor
86,54,38,28.73,73.56,6.64,846.21,Alluvial Soil,Kharif,Vadodara,High,Maize
84,45,36,26.51,66.87,6.15,1033.74,Loamy Soil,Kharif,Ahmedabad,High,Maize
89,58,45,29.68,69.25,6.2,907.7,Red Soil,Kharif,Ahmedabad,High,Maize
101,41,46,16.67,49.26,7.48,158.52,Alluvial Soil,Rabi,Anand,Medium,Wheat
80,51,33,27.14,70.53,5.91,918.04,Red Soil,Kharif,Vadodara,High,Maize
93,55,41,32.08,66.49,6.33,811.36,Alluvial Soil,Kharif,Vadodara,High,Cotton
77,53,51,26.28,77.59,6.91,807.13,Alluvial Soil,Kharif,Anand,High,Maize
29,32,31,20.28,38.55,7.35,142.82,Loamy Soil,Rabi,Jamnagar,Low,Cumin
33,29,23,30.29,53.69,6.8,396.59,Loamy Soil,Kharif,Bhavnagar,Low,Sesame
94,47,48,30.7,66.36,5.65,868.61,Alluvial Soil,Kharif,Jamnagar,Medium,Cotton
78,57,54,26.4,64.26,6.56,886.3,Loamy Soil,Kharif,Anand,High,Maize
55,51,32,29.16,68.41,7.76,620.49,Sandy Soil,Kharif,Bhavnagar,Medium,Groundnut
42,42,30,26.69,65.0,7.25,599.99,Black Soil,Kharif,Jamnagar,Medium,Groundnut
52,41,41,38.23,38.75,6.36,232.12,Loamy Soil,Kharif,Mehsana,Low,Bajra
45,45,35,22.21,37.03,6.08,141.2,Black Soil,Rabi,Vadodara,Low,Gram
36,25,32,29.77,48.41,6.37,375.89,Alluvial Soil,Kharif,Amreli,Low,Sesame
51,32,34,18.95,54.27,7.24,187.1,Alluvial Soil,Rabi,Banaskantha,Low,Mustard
41,34,29,26.86,71.13,6.78,644.63,Sandy Soil,Kharif,Jamnagar,Medium,Groundnut
110,55,52,31.27,62.27,6.5,788.65,Alluvial Soil,Kharif,Rajkot,High,Cotton
66,38,25,31.98,58.11,6.75,426.15,Alluvial Soil,Kharif,Banaskantha,Low,Castor
36,31,21,30.88,52.67,5.96,397.54,Loamy Soil,Kharif,Kutch,Low,Sesame
63,43,38,19.46,52.64,6.96,184.64,Sandy Soil,Rabi,Ahmedabad,Low,Mustard
52,34,22,36.78,35.87,6.41,297.24,Loamy Soil,Kharif,Mehsana,Low,Bajra
35,45,33,28.42,74.65,5.87,554.44,Loamy Soil,Kharif,Rajkot,Medium,Groundnut
31,27,24,31.83,49.23,6.92,350.93,Loamy Soil,Kharif,Amreli,Low,Sesame
31,40,38,20.87,40.92,6.56,175.1,Black Soil,Rabi,Jamnagar,Low,Gram
90,48,54,33.46,67.03,5.95,778.91,Alluvial Soil,Kharif,Rajkot,Medium,Cotton
54,40,23,33.72,33.05,6.58,265.16,Loamy Soil,Kharif,Banaskantha,Low,Bajra
37,46,26,21.82,42.08,7.31,182.4,Black Soil,Rabi,Junagadh,Low,Gram
88,47,34,20.09,48.27,6.53,195.02,Black Soil,Rabi,Anand,Medium,Wheat
48,33,29,32.65,50.35,5.78,463.31,Alluvial Soil,Kharif,Kutch,Low,Castor
34,59,29,23.04,39.93,6.96,156.17,Clay Soil,Rabi,Junagadh,Low,Gram
50,33,27,30.36,52.51,5.81,516.93,Sandy Soil,Kharif,Mehsana,Low,Castor
83,49,37,26.55,70.81,7.05,858.65,Alluvial Soil,Kharif,Ahmedabad,High,Maize
35,46,37,23.47,44.31,6.97,160.79,Clay Soil,Rabi,Vadodara,Low,Gram
34,38,20,22.35,37.81,6.66,140.72,Sandy Soil,Rabi,Mehsana,Low,Cumin
102,47,48,24.74,72.71,7.22,772.85,Loamy Soil,Kharif,Ahmedabad,High,Maize
99,61,47,30.85,70.08,6.77,730.85,Alluvial Soil,Kharif,Junagadh,High,Cotton
106,57,41,32.56,62.15,6.55,715.7,Black Soil,Kharif,Bhavnagar,Medium,Cotton
28,42,29,27.89,70.91,6.87,635.59,Black Soil,Kharif,Jamnagar,Medium,Groundnut
97,53,45,24.32,69.05,5.97,887.8,Alluvial Soil,Kharif,Banaskantha,High,Maize
36,28,29,29.39,53.77,6.07,384.83,Sandy Soil,Kharif,Kutch,Low,Sesame
31,28,21,29.39,51.5,6.25,392.4,Loamy Soil,Kharif,Amreli,Low,Sesame
43,21,31,29.23,47.53,6.23,401.06,Alluvial Soil,Kharif,Bhavnagar,Low,Sesame
64,44,37,15.34,52.53,6.41,193.09,Loamy Soil,Rabi,Kutch,Low,Mustard
37,41,40,18.59,40.62,6.6,174.26,Black Soil,Rabi,Junagadh,Low,Gram
61,43,31,37.65,42.92,5.88,222.45,Loamy Soil,Kharif,Ahmedabad,Low,Bajra
52,43,36,36.69,40.08,6.91,278.82,Loamy Soil,Kharif,Kutch,Low,Bajra
38,51,34,22.26,42.13,7.1,197.9,Black Soil,Rabi,Jamnagar,Low,Gram
109,49,47,31.98,67.28,6.8,785.33,Alluvial Soil,Kharif,Bhavnagar,High,Cotton
33,37,38,23.29,39.84,5.93,208.78,Clay Soil,Rabi,Vadodara,Low,Gram
86,43,56,31.72,62.77,7.02,759.63,Alluvial Soil,Kharif,Bhavnagar,High,Cotton
37,25,27,30.63,48.83,5.99,449.21,Alluvial Soil,Kharif,Bhavnagar,Low,Sesame
46,40,29,32.9,42.11,6.15,203.96,Loamy Soil,Kharif,Banaskantha,Low,Bajra
33,30,19,31.49,48.99,6.09,402.78,Loamy Soil,Kharif,Junagadh,Low,Sesame
97,39,50,19.98,45.55,6.85,180.32,Loamy Soil,Rabi,Ahmedabad,Medium,Wheat
95,53,39,24.92,65.22,7.05,891.01,Red Soil,Kharif,Mehsana,High,Maize
36,25,27,31.52,53.51,6.55,406.6,Loamy Soil,Kharif,Rajkot,Low,Sesame
37,53,31,23.93,43.68,7.62,195.15,Loamy Soil,Rabi,Jamnagar,Low,Gram
37,31,22,30.81,47.57,6.04,458.42,Loamy Soil,Kharif,Kutch,Low,Sesame
66,38,28,21.57,51.3,6.35,223.55,Loamy Soil,Rabi,Mehsana,Low,Mustard
53,40,25,32.21,44.29,6.28,185.59,Loamy Soil,Kharif,Kutch,Low,Bajra
60,36,31,29.12,58.66,6.29,462.01,Loamy Soil,Kharif,Banaskantha,Low,Castor
94,43,44,29.39,71.7,6.74,868.56,Alluvial Soil,Kharif,Banaskantha,High,Maize
91,46,45,20.02,52.98,7.78,178.69,Loamy Soil,Rabi,Anand,Medium,Wheat
37,42,40,22.42,45.31,6.35,187.11,Loamy Soil,Rabi,Junagadh,Low,Gram
66,39,39,14.87,51.18,6.09,100.27,Alluvial Soil,Rabi,Jamnagar,Low,Mustard
88,54,43,26.14,68.55,6.61,903.25,Alluvial Soil,Kharif,Vadodara,High,Maize
37,27,19,25.47,33.54,6.99,100.78,Alluvial Soil,Rabi,Kutch,Low,Cumin
69,41,23,32.39,49.17,7.2,322.19,Alluvial Soil,Kharif,Kutch,Low,Castor
84,53,47,24.75,66.27,6.34,1100.0,Red Soil,Kharif,Mehsana,High,Maize
79,47,41,20.95,46.94,5.97,192.07,Clay Soil,Rabi,Mehsana,Medium,Wheat
67,34,36,33.88,41.64,5.34,258.96,Sandy Soil,Kharif,Kutch,Low,Bajra
34,57,37,22.04,38.72,6.68,187.48,Clay Soil,Rabi,Junagadh,Low,Gram
87,58,41,26.4,68.64,6.34,856.0,Alluvial Soil,Kharif,Mehsana,High,Maize
55,36,34,33.66,40.54,6.14,201.05,Loamy Soil,Kharif,Jamnagar,Low,Bajra
118,61,44,30.51,65.47,5.62,821.54,Black Soil,Kharif,Junagadh,Medium,Cotton
47,33,36,18.12,51.68,6.23,142.81,Loamy Soil,Rabi,Banaskantha,Low,Mustard
34,29,26,30.96,51.18,6.33,400.37,Sandy Soil,Kharif,Junagadh,Low,Sesame
50,44,27,28.05,52.31,7.01,393.31,Alluvial Soil,Kharif,Anand,Low,Castor
90,43,45,18.51,44.96,6.44,166.3,Alluvial Soil,Rabi,Rajkot,Medium,Wheat
90,41,38,20.8,49.0,7.03,167.73,Clay Soil,Rabi,Mehsana,Medium,Wheat
49,40,32,27.4,69.58,6.34,705.39,Loamy Soil,Kharif,Junagadh,Medium,Groundnut
109,49,51,31.75,66.08,5.93,805.68,Black Soil,Kharif,Bhavnagar,High,Cotton
56,42,29,18.1,52.2,6.87,152.88,Alluvial Soil,Rabi,Ahmedabad,Low,Mustard
93,38,40,21.21,48.27,6.22,171.38,Black Soil,Rabi,Ahmedabad,Medium,Wheat
30,50,40,19.8,41.27,5.81,195.88,Black Soil,Rabi,Vadodara,Low,Gram
57,32,31,17.32,53.95,6.64,148.04,Loamy Soil,Rabi,Ahmedabad,Low,Mustard
101,51,45,25.06,72.3,7.04,916.9,Red Soil,Kharif,Mehsana,High,Maize
62,34,33,32.4,34.3,7.39,178.23,Loamy Soil,Kharif,Banaskantha,Low,Bajra
45,44,25,31.99,76.86,6.86,612.34,Loamy Soil,Kharif,Junagadh,Medium,Groundnut
95,48,39,31.89,59.98,6.88,805.5,Black Soil,Kharif,Bhavnagar,High,Cotton
107,50,40,31.4,69.19,6.23,823.9,Alluvial Soil,Kharif,Jamnagar,High,Cotton
40,16,27,29.03,51.71,6.47,492.87,Loamy Soil,Kharif,Amreli,Low,Sesame
76,42,37,30.63,63.41,6.72,849.89,Red Soil,Kharif,Ahmedabad,High,Maize
85,40,40,27.52,71.71,6.79,926.49,Red Soil,Kharif,Banaskantha,High,Maize
101,48,45,29.99,64.26,6.4,836.02,Alluvial Soil,Kharif,Rajkot,Medium,Cotton
34,45,35,29.6,68.78,6.38,672.34,Black Soil,Kharif,Jamnagar,Medium,Groundnut
94,57,48,30.69,64.98,6.89,787.45,Alluvial Soil,Kharif,Rajkot,Medium,Cotton
28,41,32,27.8,75.02,5.97,663.04,Loamy Soil,Kharif,Jamnagar,Medium,Groundnut
95,46,40,21.32,49.5,6.96,242.14,Loamy Soil,Rabi,Rajkot,Medium,Wheat
50,31,20,30.32,53.81,6.03,515.24,Loamy Soil,Kharif,Mehsana,Low,Castor
50,39,24,29.34,50.84,6.68,496.67,Loamy Soil,Kharif,Anand,Low,Castor
44,39,28,29.39,55.32,7.03,469.59,Sandy Soil,Kharif,Banaskantha,Low,Castor
89,51,48,26.14,72.44,7.04,981.02,Red Soil,Kharif,Ahmedabad,High,Maize
109,56,48,19.6,45.13,6.95,207.01,Clay Soil,Rabi,Rajkot,Medium,Wheat
87,38,48,20.22,49.24,6.12,133.88,Loamy Soil,Rabi,Ahmedabad,Medium,Wheat
104,60,51,30.0,68.51,6.0,774.4,Alluvial Soil,Kharif,Bhavnagar,High,Cotton
60,45,23,37.95,39.13,6.98,323.38,Sandy Soil,Kharif,Kutch,Low,Bajra
56,28,25,32.08,55.77,6.52,450.53,Sandy Soil,Kharif,Rajkot,Low,Castor
62,36,32,28.0,37.28,5.74,301.13,Loamy Soil,Kharif,Ahmedabad,Low,Bajra
95,50,51,18.88,45.14,6.47,170.91,Clay Soil,Rabi,Anand,Medium,Wheat
35,57,27,26.49,46.3,6.7,190.45,Loamy Soil,Rabi,Vadodara,Low,Gram
33,31,26,32.57,52.3,6.25,414.13,Loamy Soil,Kharif,Kutch,Low,Sesame
24,26,22,32.13,51.36,6.25,447.38,Loamy Soil,Kharif,Amreli,Low,Sesame
50,31,24,27.78,58.72,6.16,418.79,Alluvial Soil,Kharif,Kutch,Low,Castor
61,35,30,37.2,39.77,6.32,312.88,Sandy Soil,Kharif,Mehsana,Low,Bajra
41,47,38,27.48,76.2,6.17,716.43,Sandy Soil,Kharif,Jamnagar,Medium,Groundnut
78,53,36,26.1,65.56,6.72,943.26,Alluvial Soil,Kharif,Ahmedabad,High,Maize
82,52,43,20.25,52.75,6.15,202.29,Alluvial Soil,Rabi,Anand,Medium,Wheat
85,51,37,29.21,73.35,5.81,991.06,Loamy Soil,Kharif,Ahmedabad,High,Maize
62,32,31,20.37,52.17,5.77,176.18,Sandy Soil,Rabi,Banaskantha,Low,Mustard
56,31,30,32.02,57.06,6.65,504.92,Sandy Soil,Kharif,Banaskantha,Low,Castor
26,32,23,22.9,31.35,6.52,108.57,Loamy Soil,Rabi,Mehsana,Low,Cumin
85,48,37,28.01,66.93,6.76,1028.52,Red Soil,Kharif,Anand,High,Maize
98,44,46,18.85,49.44,6.44,207.41,Loamy Soil,Rabi,Banaskantha,Medium,Wheat
42,45,25,21.79,43.39,7.16,181.12,Black Soil,Rabi,Ahmedabad,Low,Gram
45,40,33,27.93,74.06,6.39,634.64,Black Soil,Kharif,Jamnagar,Medium,Groundnut
55,29,27,34.74,43.16,6.4,343.71,Loamy Soil,Kharif,Banaskantha,Low,Bajra
45,42,29,29.36,69.28,6.35,666.43,Sandy Soil,Kharif,Jamnagar,Medium,Groundnut
30,45,33,29.18,76.95,5.82,647.38,Sandy Soil,Kharif,Rajkot,Medium,Groundnut
39,30,28,30.36,47.57,6.9,387.29,Sandy Soil,Kharif,Kutch,Low,Sesame
78,53,49,23.31,69.74,6.01,800.64,Loamy Soil,Kharif,Banaskantha,High,Maize
86,63,54,31.37,59.29,7.18,792.36,Black Soil,Kharif,Jamnagar,Medium,Cotton
53,29,28,35.08,38.35,5.76,188.01,Sandy Soil,Kharif,Mehsana,Low,Bajra
31,52,30,24.93,44.02,5.91,191.39,Black Soil,Rabi,Rajkot,Low,Gram
44,30,29,29.02,51.51,7.36,401.68,Alluvial Soil,Kharif,Kutch,Low,Castor
44,45,33,27.06,76.85,7.92,636.07,Black Soil,Kharif,Amreli,Medium,Groundnut
53,31,24,27.02,56.37,6.23,504.17,Sandy Soil,Kharif,Kutch,Low,Castor
25,58,36,21.09,41.27,6.57,201.03,Clay Soil,Rabi,Rajkot,Low,Gram
62,38,28,18.99,57.02,6.61,196.54,Alluvial Soil,Rabi,Jamnagar,Low,Mustard
93,41,48,19.9,46.65,6.14,193.84,Alluvial Soil,Rabi,Rajkot,Medium,Wheat
51,38,34,29.97,74.4,6.92,679.38,Sandy Soil,Kharif,Rajkot,Medium,Groundnut
38,43,29,23.57,46.45,6.42,163.76,Loamy Soil,Rabi,Vadodara,Low,Gram
68,37,31,38.8,42.77,6.27,278.51,Loamy Soil,Kharif,Ahmedabad,Low,Bajra
43,34,28,29.41,49.53,5.91,472.91,Sandy Soil,Kharif,Banaskantha,Low,Castor
43,54,41,20.29,47.0,6.47,155.28,Black Soil,Rabi,Jamnagar,Low,Gram
102,49,46,32.49,68.47,5.52,775.4,Black Soil,Kharif,Vadodara,Medium,Cotton
33,25,25,29.02,49.71,5.77,428.52,Sandy Soil,Kharif,Amreli,Low,Sesame
31,51,29,25.61,73.09,6.37,594.52,Black Soil,Kharif,Junagadh,Medium,Groundnut
98,54,53,33.16,61.19,6.91,795.69,Black Soil,Kharif,Vadodara,Medium,Cotton
35,33,31,25.39,35.43,6.18,133.78,Sandy Soil,Rabi,Mehsana,Low,Cumin
47,35,29,31.92,44.51,5.88,303.3,Sandy Soil,Kharif,Kutch,Low,Bajra
49,26,27,29.04,49.49,7.71,465.57,Loamy Soil,Kharif,Mehsana,Low,Castor
65,38,29,22.47,52.62,6.81,186.65,Sandy Soil,Rabi,Mehsana,Low,Mustard
33,35,28,23.0,32.82,5.78,108.23,Sandy Soil,Rabi,Jamnagar,Low,Cumin
79,59,45,32.57,68.99,5.81,752.7,Black Soil,Kharif,Vadodara,High,Cotton
98,35,48,18.54,45.66,7.0,238.73,Clay Soil,Rabi,Rajkot,Medium,Wheat
96,50,54,32.74,61.3,6.62,833.21,Black Soil,Kharif,Vadodara,Medium,Cotton
38,34,33,28.47,72.83,5.01,586.72,Sandy Soil,Kharif,Bhavnagar,Medium,Groundnut
96,59,42,18.41,47.14,7.19,187.8,Alluvial Soil,Rabi,Rajkot,Medium,Wheat
44,36,26,33.58,49.97,7.62,519.03,Sandy Soil,Kharif,Kutch,Low,Castor
28,27,22,27.26,53.53,7.04,375.84,Loamy Soil,Kharif,Amreli,Low,Sesame
91,57,44,31.84,62.88,7.37,778.58,Black Soil,Kharif,Amreli,High,Cotton
83,52,44,25.58,68.73,6.88,866.95,Alluvial Soil,Kharif,Banaskantha,High,Maize
98,51,50,30.82,65.44,6.31,711.97,Black Soil,Kharif,Bhavnagar,Medium,Cotton
77,43,44,27.68,73.82,6.48,1048.02,Red Soil,Kharif,Banaskantha,High,Maize
30,31,32,24.82,38.04,6.89,119.51,Sandy Soil,Rabi,Rajkot,Low,Cumin
68,51,42,27.36,69.71,6.72,861.69,Loamy Soil,Kharif,Anand,High,Maize
36,51,28,24.47,44.75,6.26,205.77,Loamy Soil,Rabi,Junagadh,Low,Gram
54,34,26,29.88,55.36,7.13,503.63,Alluvial Soil,Kharif,Anand,Low,Castor
44,37,15,30.3,53.64,7.55,355.4,Sandy Soil,Kharif,Mehsana,Low,Castor
44,39,27,30.35,57.37,6.06,502.75,Loamy Soil,Kharif,Mehsana,Low,Castor
97,40,51,30.35,65.2,6.64,890.71,Alluvial Soil,Kharif,Surat,Medium,Cotton
52,35,24,26.02,59.08,6.47,519.41,Alluvial Soil,Kharif,Banaskantha,Low,Castor
32,45,43,19.59,44.71,6.4,144.62,Black Soil,Rabi,Jamnagar,Low,Gram
86,49,59,19.66,45.92,6.59,208.22,Black Soil,Rabi,Rajkot,Medium,Wheat
40,49,31,19.9,46.89,6.48,140.8,Loamy Soil,Rabi,Vadodara,Low,Gram
115,55,55,30.21,60.45,6.43,833.52,Alluvial Soil,Kharif,Amreli,Medium,Cotton
32,52,34,23.5,41.52,7.04,221.89,Loamy Soil,Rabi,Ahmedabad,Low,Gram
40,32,25,30.39,46.93,5.16,406.81,Alluvial Soil,Kharif,Junagadh,Low,Sesame
65,41,38,17.27,49.82,6.43,154.26,Alluvial Soil,Rabi,Banaskantha,Low,Mustard
80,50,45,28.68,66.51,6.02,878.45,Loamy Soil,Kharif,Vadodara,High,Maize
33,27,23,28.05,56.54,6.25,408.85,Loamy Soil,Kharif,Junagadh,Low,Sesame
88,54,35,31.88,65.05,6.9,864.91,Black Soil,Kharif,Amreli,High,Cotton
103,55,45,28.08,73.28,6.0,912.97,Red Soil,Kharif,Ahmedabad,High,Maize
29,45,32,20.72,40.86,6.02,175.15,Black Soil,Rabi,Jamnagar,Low,Gram
63,36,28,18.19,53.86,6.18,225.34,Alluvial Soil,Rabi,Kutch,Low,Mustard
45,37,31,28.46,51.55,5.96,389.35,Loamy Soil,Kharif,Rajkot,Low,Castor
43,24,25,31.23,59.97,6.6,518.66,Sandy Soil,Kharif,Rajkot,Low,Castor
46,39,27,30.09,56.65,6.35,533.87,Loamy Soil,Kharif,Rajkot,Low,Castor
66,35,29,22.99,50.75,6.69,211.22,Sandy Soil,Rabi,Ahmedabad,Low,Mustard
50,32,28,31.14,58.07,6.84,470.7,Sandy Soil,Kharif,Banaskantha,Low,Castor
63,37,32,33.63,43.91,7.06,302.07,Loamy Soil,Kharif,Jamnagar,Low,Bajra
97,49,37,26.21,65.73,6.07,840.95,Loamy Soil,Kharif,Anand,High,Maize
31,32,36,25.37,36.79,6.4,123.22,Alluvial Soil,Rabi,Banaskantha,Low,Cumin
40,38,27,25.05,74.54,6.91,692.18,Sandy Soil,Kharif,Amreli,Medium,Groundnut
38,49,35,26.69,69.97,6.37,686.84,Loamy Soil,Kharif,Junagadh,Medium,Groundnut
108,49,45,17.39,46.25,6.86,160.97,Loamy Soil,Rabi,Anand,Medium,Wheat
62,34,36,14.82,50.82,6.55,214.74,Loamy Soil,Rabi,Banaskantha,Low,Mustard
34,30,24,31.19,49.75,6.93,438.36,Loamy Soil,Kharif,Bhavnagar,Low,Sesame
54,32,27,31.71,37.54,6.42,300.15,Sandy Soil,Kharif,Kutch,Low,Bajra
62,30,32,30.99,48.4,6.31,471.83,Alluvial Soil,Kharif,Mehsana,Low,Castor
98,51,46,33.29,66.4,6.61,715.27,Alluvial Soil,Kharif,Amreli,Medium,Cotton
45,53,37,20.5,41.27,6.18,152.89,Loamy Soil,Rabi,Vadodara,Low,Gram
25,32,24,21.4,32.48,6.79,82.42,Sandy Soil,Rabi,Banaskantha,Low,Cumin
47,50,37,26.67,69.44,5.95,716.73,Loamy Soil,Kharif,Jamnagar,Medium,Groundnut
55,39,28,30.72,56.04,6.34,495.03,Sandy Soil,Kharif,Mehsana,Low,Castor
102,48,39,31.14,61.39,7.34,858.78,Black Soil,Kharif,Surat,High,Cotton
31,33,26,29.79,46.77,6.64,406.17,Loamy Soil,Kharif,Amreli,Low,Sesame
89,48,44,18.7,50.32,6.57,211.43,Loamy Soil,Rabi,Ahmedabad,Medium,Wheat
45,48,31,21.69,45.19,6.86,171.86,Loamy Soil,Rabi,Rajkot,Low,Gram
33,46,35,25.5,73.81,6.23,640.36,Loamy Soil,Kharif,Bhavnagar,Medium,Groundnut
50,41,38,19.57,55.25,6.18,188.58,Loamy Soil,Rabi,Ahmedabad,Low,Mustard
43,41,33,23.12,44.47,6.9,193.1,Loamy Soil,Rabi,Jamnagar,Low,Gram
24,48,36,25.89,72.94,6.73,646.34,Sandy Soil,Kharif,Amreli,Medium,Groundnut
83,50,50,29.61,72.07,7.22,888.12,Loamy Soil,Kharif,Anand,High,Maize
51,43,21,19.9,53.28,6.75,110.36,Sandy Soil,Rabi,Ahmedabad,Low,Mustard
62,35,33,35.53,44.21,6.49,324.02,Loamy Soil,Kharif,Banaskantha,Low,Bajra
45,25,17,28.23,52.0,7.17,405.44,Sandy Soil,Kharif,Bhavnagar,Low,Sesame
98,49,46,20.12,44.77,6.12,229.85,Black Soil,Rabi,Rajkot,Medium,Wheat
29,31,34,22.43,38.5,6.49,108.29,Alluvial Soil,Rabi,Jamnagar,Low,Cumin
40,49,29,26.88,70.81,6.21,690.77,Black Soil,Kharif,Junagadh,Medium,Groundnut
50,28,26,27.58,53.34,6.2,417.27,Alluvial Soil,Kharif,Kutch,Low,Castor
49,29,22,28.81,58.82,7.28,448.37,Sandy Soil,Kharif,Mehsana,Low,Castor
86,43,39,29.59,70.18,6.97,915.47,Alluvial Soil,Kharif,Anand,High,Maize
106,54,45,30.88,62.04,6.77,881.93,Alluvial Soil,Kharif,Surat,Medium,Cotton
49,29,29,33.91,36.15,6.58,266.9,Sandy Soil,Kharif,Kutch,Low,Bajra
68,40,33,19.35,49.59,6.61,213.05,Alluvial Soil,Rabi,Jamnagar,Low,Mustard
52,35,25,31.09,54.32,6.65,492.09,Loamy Soil,Kharif,Banaskantha,Low,Castor
64,27,22,30.07,55.15,6.23,480.8,Loamy Soil,Kharif,Kutch,Low,Castor
85,49,34,26.18,72.98,5.75,827.34,Loamy Soil,Kharif,Banaskantha,High,Maize
94,44,41,21.16,47.85,6.72,142.5,Loamy Soil,Rabi,Banaskantha,Medium,Wheat
117,56,46,30.63,69.1,6.02,908.56,Black Soil,Kharif,Vadodara,Medium,Cotton
28,49,36,29.11,73.43,6.61,701.62,Loamy Soil,Kharif,Junagadh,Medium,Groundnut
59,35,24,32.69,36.83,6.16,349.74,Sandy Soil,Kharif,Mehsana,Low,Bajra
38,23,21,28.18,50.27,6.15,428.63,Alluvial Soil,Kharif,Amreli,Low,Sesame
44,46,29,27.16,68.9,6.07,748.1,Black Soil,Kharif,Jamnagar,Medium,Groundnut
57,37,34,18.82,53.19,6.4,152.71,Loamy Soil,Rabi,Mehsana,Low,Mustard
92,43,59,33.67,62.4,6.64,827.83,Black Soil,Kharif,Surat,Medium,Cotton
40,36,25,29.7,50.15,7.02,445.15,Loamy Soil,Kharif,Anand,Low,Castor
55,35,27,32.54,41.84,5.81,280.57,Sandy Soil,Kharif,Banaskantha,Low,Bajra
39,27,23,28.2,51.18,6.0,405.31,Alluvial Soil,Kharif,Rajkot,Low,Sesame
55,44,25,20.31,53.81,6.23,165.69,Alluvial Soil,Rabi,Mehsana,Low,Mustard
56,43,22,34.2,50.61,6.27,453.7,Alluvial Soil,Kharif,Banaskantha,Low,Castor
37,18,23,29.5,55.22,6.49,430.44,Loamy Soil,Kharif,Kutch,Low,Sesame
34,23,25,31.19,45.15,6.37,373.26,Alluvial Soil,Kharif,Amreli,Low,Sesame
40,25,27,27.22,47.93,5.89,463.61,Loamy Soil,Kharif,Rajkot,Low,Sesame
58,36,25,28.52,60.33,5.97,431.57,Alluvial Soil,Kharif,Mehsana,Low,Castor
111,53,47,32.74,62.13,6.52,656.51,Black Soil,Kharif,Amreli,High,Cotton
37,45,33,27.99,76.76,6.0,646.79,Loamy Soil,Kharif,Junagadh,Medium,Groundnut
53,39,28,18.73,48.39,7.37,169.54,Alluvial Soil,Rabi,Banaskantha,Low,Mustard
85,50,43,19.09,51.03,6.75,255.42,Black Soil,Rabi,Anand,Medium,Wheat
33,55,41,23.31,43.97,6.46,179.41,Black Soil,Rabi,Ahmedabad,Low,Gram
61,42,32,20.57,55.58,5.69,128.27,Sandy Soil,Rabi,Mehsana,Low,Mustard
42,50,28,27.45,70.69,6.66,632.05,Black Soil,Kharif,Rajkot,Medium,Groundnut
52,37,26,29.8,56.67,7.72,400.54,Alluvial Soil,Kharif,Anand,Low,Castor
30,45,30,21.4,43.61,6.58,187.68,Loamy Soil,Rabi,Rajkot,Low,Gram
55,41,22,29.0,59.49,6.53,471.81,Loamy Soil,Kharif,Anand,Low,Castor
101,49,37,19.97,47.87,6.66,174.86,Loamy Soil,Rabi,Banaskantha,Medium,Wheat
41,29,22,21.54,36.02,6.99,120.52,Sandy Soil,Rabi,Kutch,Low,Cumin
96,53,45,24.34,68.02,6.33,771.26,Loamy Soil,Kharif,Ahmedabad,High,Maize
94,48,52,31.05,67.15,6.31,668.27,Alluvial Soil,Kharif,Junagadh,Medium,Cotton
66,32,34,17.72,54.98,6.77,141.45,Loamy Soil,Rabi,Kutch,Low,Mustard
36,54,33,24.04,44.36,7.14,141.4,Loamy Soil,Rabi,Jamnagar,Low,Gram
87,44,39,27.39,64.37,6.38,1001.13,Loamy Soil,Kharif,Banaskantha,High,Maize
94,57,47,32.53,61.81,6.21,769.42,Alluvial Soil,Kharif,Amreli,Medium,Cotton
62,29,32,31.87,36.78,7.34,304.97,Loamy Soil,Kharif,Banaskantha,Low,Bajra
78,52,33,29.2,74.47,7.1,977.32,Loamy Soil,Kharif,Mehsana,High,Maize
58,29,31,31.4,39.43,6.58,261.06,Loamy Soil,Kharif,Ahmedabad,Low,Bajra
42,25,23,27.64,51.66,6.4,395.37,Alluvial Soil,Kharif,Amreli,Low,Sesame
33,56,26,26.27,75.79,6.86,598.7,Sandy Soil,Kharif,Amreli,Medium,Groundnut
88,48,41,23.84,71.65,5.78,907.89,Alluvial Soil,Kharif,Ahmedabad,High,Maize
85,48,48,28.27,70.06,6.28,892.08,Red Soil,Kharif,Ahmedabad,High,Maize
36,54,40,30.44,72.02,5.61,532.85,Black Soil,Kharif,Jamnagar,Medium,Groundnut
52,33,35,18.55,52.04,7.65,136.82,Alluvial Soil,Rabi,Kutch,Low,Mustard
79,48,41,28.26,68.56,6.87,925.0,Red Soil,Kharif,Mehsana,High,Maize
34,50,42,24.74,42.26,6.19,196.43,Black Soil,Rabi,Ahmedabad,Low,Gram
57,38,42,18.21,52.84,6.12,172.34,Sandy Soil,Rabi,Ahmedabad,Low,Mustard
54,39,30,33.8,45.38,7.28,314.25,Sandy Soil,Kharif,Kutch,Low,Bajra
54,42,41,20.81,53.15,6.21,145.48,Alluvial Soil,Rabi,Ahmedabad,Low,Mustard
36,33,28,21.59,36.46,7.41,71.47,Alluvial Soil,Rabi,Jamnagar,Low,Cumin
40,49,25,28.11,72.32,6.86,640.61,Loamy Soil,Kharif,Jamnagar,Medium,Groundnut
67,42,44,19.49,57.5,6.19,146.53,Alluvial Soil,Rabi,Jamnagar,Low,Mustard
77,53,44,31.26,67.32,7.09,781.83,Alluvial Soil,Kharif,Jamnagar,Medium,Cotton
84,50,50,21.16,47.61,6.14,206.38,Alluvial Soil,Rabi,Ahmedabad,Medium,Wheat
38,29,36,22.05,31.5,6.27,171.92,Alluvial Soil,Rabi,Banaskantha,Low,Cumin
60,55,47,18.35,44.69,6.25,223.9,Black Soil,Rabi,Mehsana,Medium,Wheat
41,42,30,20.45,43.13,6.49,128.43,Black Soil,Rabi,Vadodara,Low,Gram
43,46,30,21.08,40.63,6.76,206.31,Loamy Soil,Rabi,Rajkot,Low,Gram
89,50,46,18.9,47.72,6.74,204.64,Clay Soil,Rabi,Ahmedabad,Medium,Wheat
57,33,32,37.2,40.81,6.01,261.69,Sandy Soil,Kharif,Jamnagar,Low,Bajra
59,43,28,19.51,53.12,6.02,147.86,Sandy Soil,Rabi,Banaskantha,Low,Mustard
37,41,40,26.25,44.56,6.0,125.27,Black Soil,Rabi,Ahmedabad,Low,Gram
84,51,34,25.72,71.24,7.07,863.3,Red Soil,Kharif,Vadodara,High,Maize
36,28,29,28.0,47.61,7.47,406.38,Sandy Soil,Kharif,Kutch,Low,Sesame
37,52,35,26.08,42.45,6.52,172.87,Loamy Soil,Rabi,Vadodara,Low,Gram
38,34,24,29.63,41.1,6.61,400.92,Alluvial Soil,Kharif,Bhavnagar,Low,Sesame
44,32,28,34.76,40.56,7.15,272.75,Sandy Soil,Kharif,Banaskantha,Low,Bajra
37,42,35,25.92,69.81,6.67,681.15,Loamy Soil,Kharif,Jamnagar,Medium,Groundnut
37,54,35,19.87,39.5,6.22,144.78,Clay Soil,Rabi,Jamnagar,Low,Gram
56,35,35,34.93,35.7,5.86,187.12,Sandy Soil,Kharif,Banaskantha,Low,Bajra
71,39,38,34.92,41.01,6.56,270.59,Sandy Soil,Kharif,Banaskantha,Low,Bajra
99,37,49,18.97,44.42,6.79,230.96,Black Soil,Rabi,Banaskantha,Medium,Wheat
51,55,30,25.33,67.25,7.16,647.65,Sandy Soil,Kharif,Rajkot,Medium,Groundnut
74,36,27,19.17,51.86,6.97,150.09,Alluvial Soil,Rabi,Jamnagar,Low,Mustard
47,44,25,27.32,57.61,5.79,453.83,Loamy Soil,Kharif,Banaskantha,Low,Castor
50,33,32,34.16,40.91,6.41,242.22,Loamy Soil,Kharif,Mehsana,Low,Bajra
73,60,43,26.31,69.01,6.24,869.41,Red Soil,Kharif,Anand,High,Maize
71,48,49,26.72,66.53,6.75,855.52,Alluvial Soil,Kharif,Anand,High,Maize
97,47,41,20.83,43.67,5.63,157.47,Loamy Soil,Rabi,Ahmedabad,Medium,Wheat
26,36,34,24.51,39.99,6.12,110.13,Sandy Soil,Rabi,Rajkot,Low,Cumin
40,38,31,29.85,73.3,6.49,744.81,Sandy Soil,Kharif,Rajkot,Medium,Groundnut
37,45,40,21.71,43.34,6.68,160.46,Clay Soil,Rabi,Rajkot,Low,Gram
43,33,25,22.66,39.1,5.36,145.67,Sandy Soil,Rabi,Kutch,Low,Cumin
52,37,38,36.8,41.43,6.59,211.72,Loamy Soil,Kharif,Mehsana,Low,Bajra
50,37,29,20.31,53.33,6.67,192.68,Alluvial Soil,Rabi,Mehsana,Low,Mustard
55,39,29,17.81,49.64,6.98,162.99,Loamy Soil,Rabi,Banaskantha,Low,Mustard
79,58,49,30.97,71.33,6.54,730.92,Alluvial Soil,Kharif,Amreli,Medium,Cotton
102,45,55,20.73,49.21,6.1,220.91,Black Soil,Rabi,Ahmedabad,Medium,Wheat
48,39,23,29.61,55.95,6.07,349.83,Alluvial Soil,Kharif,Kutch,Low,Castor
30,20,28,28.82,47.99,6.87,365.89,Loamy Soil,Kharif,Rajkot,Low,Sesame
108,44,39,19.29,41.93,6.48,227.37,Alluvial Soil,Rabi,Ahmedabad,Medium,Wheat
32,46,30,27.87,76.53,6.15,653.0,Black Soil,Kharif,Junagadh,Medium,Groundnut
87,46,37,29.4,71.19,5.82,813.76,Alluvial Soil,Kharif,Mehsana,High,Maize
51,33,31,32.69,44.66,6.95,279.58,Loamy Soil,Kharif,Banaskantha,Low,Bajra
61,26,26,36.34,37.39,6.16,222.38,Loamy Soil,Kharif,Ahmedabad,Low,Bajra
34,35,21,30.58,55.5,6.56,397.35,Alluvial Soil,Kharif,Kutch,Low,Castor
31,55,40,23.2,43.71,5.72,232.27,Loamy Soil,Rabi,Rajkot,Low,Gram
114,49,42,32.63,63.16,6.82,813.53,Alluvial Soil,Kharif,Vadodara,High,Cotton
103,59,40,34.23,66.4,6.15,796.28,Black Soil,Kharif,Rajkot,High,Cotton
39,18,23,30.85,50.72,6.0,343.08,Loamy Soil,Kharif,Bhavnagar,Low,Sesame
30,45,43,23.8,38.78,5.78,178.05,Black Soil,Rabi,Vadodara,Low,Gram
59,44,31,15.72,48.38,7.75,148.06,Sandy Soil,Rabi,Ahmedabad,Low,Mustard
32,29,26,29.36,42.91,6.1,411.49,Loamy Soil,Kharif,Rajkot,Low,Sesame
57,37,25,31.43,42.54,7.26,234.69,Sandy Soil,Kharif,Kutch,Low,Bajra
41,33,29,27.36,67.81,5.92,550.96,Sandy Soil,Kharif,Rajkot,Medium,Groundnut
39,25,24,32.23,53.57,5.99,439.36,Loamy Soil,Kharif,Bhavnagar,Low,Sesame
44,41,30,26.03,66.77,5.95,571.48,Sandy Soil,Kharif,Bhavnagar,Medium,Groundnut
38,40,38,21.25,41.09,5.84,148.16,Loamy Soil,Rabi,Junagadh,Low,Gram
30,29,30,20.36,34.86,6.57,124.39,Loamy Soil,Rabi,Kutch,Low,Cumin
36,31,24,29.71,43.17,7.64,410.21,Sandy Soil,Kharif,Amreli,Low,Sesame
39,44,28,25.47,72.1,6.66,704.98,Black Soil,Kharif,Junagadh,Medium,Groundnut
36,28,21,30.59,49.4,5.93,397.54,Loamy Soil,Kharif,Amreli,Low,Sesame
41,24,32,29.07,49.19,6.02,413.95,Alluvial Soil,Kharif,Banaskantha,Low,Castor
106,37,53,18.96,46.55,6.6,176.76,Black Soil,Rabi,Mehsana,Medium,Wheat
52,40,30,20.32,52.18,6.82,137.07,Alluvial Soil,Rabi,Ahmedabad,Low,Mustard
32,25,20,30.56,56.48,7.36,410.03,Loamy Soil,Kharif,Rajkot,Low,Sesame
34,28,31,21.34,28.26,6.78,98.63,Loamy Soil,Rabi,Kutch,Low,Cumin
116,47,49,20.39,49.06,6.77,163.26,Alluvial Soil,Rabi,Mehsana,Medium,Wheat
28,31,27,22.84,33.69,6.35,112.53,Sandy Soil,Rabi,Mehsana,Low,Cumin
75,45,53,19.14,49.83,6.75,231.86,Alluvial Soil,Rabi,Mehsana,Medium,Wheat
39,21,28,29.74,49.67,5.38,430.01,Alluvial Soil,Kharif,Junagadh,Low,Sesame
88,49,50,24.42,74.57,5.65,811.52,Alluvial Soil,Kharif,Banaskantha,High,Maize
82,44,43,19.67,45.63,5.86,198.62,Alluvial Soil,Rabi,Rajkot,Medium,Wheat
40,41,33,26.34,70.14,6.82,599.22,Loamy Soil,Kharif,Junagadh,Medium,Groundnut
87,45,41,17.43,43.62,5.73,222.3,Alluvial Soil,Rabi,Ahmedabad,Medium,Wheat
53,27,37,30.48,34.1,6.72,223.46,Sandy Soil,Kharif,Jamnagar,Low,Bajra
35,29,23,29.15,44.25,5.89,419.56,Alluvial Soil,Kharif,Amreli,Low,Sesame
30,24,27,32.75,52.5,6.94,405.76,Sandy Soil,Kharif,Kutch,Low,Sesame
46,29,36,36.98,34.88,7.29,228.06,Sandy Soil,Kharif,Kutch,Low,Bajra
36,28,30,23.23,27.79,6.99,103.69,Alluvial Soil,Rabi,Rajkot,Low,Cumin
56,40,32,18.82,50.61,7.22,133.59,Loamy Soil,Rabi,Ahmedabad,Low,Mustard
37,23,28,30.24,48.81,6.11,378.17,Alluvial Soil,Kharif,Kutch,Low,Sesame
87,49,41,28.41,72.36,6.36,822.96,Alluvial Soil,Kharif,Banaskantha,High,Maize
38,51,31,23.91,41.16,7.8,159.0,Black Soil,Rabi,Vadodara,Low,Gram
37,38,29,19.93,30.71,7.19,124.54,Loamy Soil,Rabi,Rajkot,Low,Cumin
83,49,37,26.91,76.21,6.99,863.76,Alluvial Soil,Kharif,Ahmedabad,High,Maize
43,42,39,30.06,72.58,7.27,739.16,Sandy Soil,Kharif,Bhavnagar,Medium,Groundnut
105,39,46,32.19,67.83,6.85,838.84,Alluvial Soil,Kharif,Bhavnagar,Medium,Cotton
50,43,35,35.79,39.66,6.76,237.68,Loamy Soil,Kharif,Ahmedabad,Low,Bajra
35,37,30,29.45,72.44,6.81,733.23,Black Soil,Kharif,Junagadh,Medium,Groundnut
20,53,34,28.44,72.35,6.58,620.14,Black Soil,Kharif,Jamnagar,Medium,Groundnut
60,34,28,20.63,56.81,6.55,160.29,Alluvial Soil,Rabi,Kutch,Low,Mustard
36,28,22,32.0,49.23,6.57,438.83,Alluvial Soil,Kharif,Amreli,Low,Sesame
58,37,26,29.41,59.22,5.89,488.75,Alluvial Soil,Kharif,Rajkot,Low,Castor
59,37,28,30.06,53.94,6.28,442.63,Alluvial Soil,Kharif,Banaskantha,Low,Castor
52,41,26,30.91,61.01,6.79,508.21,Loamy Soil,Kharif,Mehsana,Low,Castor
36,29,24,23.85,35.57,5.94,139.33,Alluvial Soil,Rabi,Mehsana,Low,Cumin
34,24,24,27.29,50.58,5.9,403.15,Loamy Soil,Kharif,Rajkot,Low,Sesame
46,47,35,25.7,72.1,6.36,635.97,Loamy Soil,Kharif,Junagadh,Medium,Groundnut
35,38,25,23.32,32.67,6.77,120.99,Sandy Soil,Rabi,Banaskantha,Low,Cumin
103,47,42,33.5,61.04,7.32,739.96,Black Soil,Kharif,Rajkot,Medium,Cotton
36,28,22,32.17,56.86,6.13,423.71,Sandy Soil,Kharif,Rajkot,Low,Sesame
66,40,24,20.25,50.66,6.76,151.1,Alluvial Soil,Rabi,Jamnagar,Low,Mustard
91,48,44,27.84,74.23,5.9,961.27,Alluvial Soil,Kharif,Banaskantha,High,Maize
56,28,24,33.53,32.64,6.63,222.6,Sandy Soil,Kharif,Mehsana,Low,Bajra
52,42,43,34.21,41.51,6.53,328.5,Loamy Soil,Kharif,Mehsana,Low,Bajra
70,52,43,22.75,49.51,6.72,180.46,Clay Soil,Rabi,Anand,Medium,Wheat
46,35,29,27.38,57.39,6.7,532.75,Loamy Soil,Kharif,Anand,Low,Castor
82,55,34,24.92,69.41,6.68,809.49,Alluvial Soil,Kharif,Vadodara,High,Maize
38,46,26,30.46,75.48,6.4,629.77,Black Soil,Kharif,Junagadh,Medium,Groundnut
55,34,36,36.3,35.43,6.81,309.07,Sandy Soil,Kharif,Ahmedabad,Low,Bajra
25,26,23,27.82,50.63,5.54,412.7,Loamy Soil,Kharif,Rajkot,Low,Sesame
54,31,29,28.31,54.92,7.16,455.75,Sandy Soil,Kharif,Banaskantha,Low,Castor
101,51,50,28.62,67.27,6.56,785.17,Black Soil,Kharif,Rajkot,High,Cotton
43,35,23,19.86,29.19,6.93,98.58,Alluvial Soil,Rabi,Mehsana,Low,Cumin
30,22,21,30.62,54.37,6.07,377.22,Sandy Soil,Kharif,Junagadh,Low,Sesame
53,35,23,32.1,54.82,5.94,401.87,Alluvial Soil,Kharif,Banaskantha,Low,Castor
38,46,40,22.32,46.42,6.47,198.71,Loamy Soil,Rabi,Junagadh,Low,Gram
37,34,27,23.55,36.01,7.18,87.39,Loamy Soil,Rabi,Jamnagar,Low,Cumin
34,45,37,29.23,72.59,6.32,697.38,Sandy Soil,Kharif,Amreli,Medium,Groundnut
50,30,26,28.93,52.34,7.35,489.03,Sandy Soil,Kharif,Rajkot,Low,Castor
34,33,27,28.3,56.91,5.74,396.14,Sandy Soil,Kharif,Kutch,Low,Sesame
52,27,25,29.17,61.52,6.65,396.13,Alluvial Soil,Kharif,Mehsana,Low,Castor
29,41,35,22.77,40.14,6.13,176.95,Clay Soil,Rabi,Vadodara,Low,Gram
46,31,22,28.61,55.0,7.21,402.35,Loamy Soil,Kharif,Banaskantha,Low,Castor
42,48,37,24.89,43.32,6.85,125.42,Clay Soil,Rabi,Ahmedabad,Low,Gram
40,46,40,17.48,56.47,7.53,157.26,Sandy Soil,Rabi,Banaskantha,Low,Mustard
29,26,25,31.1,43.71,5.57,377.95,Loamy Soil,Kharif,Rajkot,Low,Sesame
30,52,27,21.44,45.17,6.25,136.47,Black Soil,Rabi,Ahmedabad,Low,Gram
38,31,22,31.04,52.5,6.64,487.4,Alluvial Soil,Kharif,Anand,Low,Castor
38,27,17,29.78,45.9,6.56,392.67,Loamy Soil,Kharif,Rajkot,Low,Sesame
121,50,42,32.33,62.33,7.24,781.12,Black Soil,Kharif,Jamnagar,Medium,Cotton
97,44,40,26.12,71.96,6.58,950.42,Loamy Soil,Kharif,Anand,High,Maize
28,45,45,21.75,42.34,6.7,144.88,Loamy Soil,Rabi,Jamnagar,Low,Gram
33,53,31,23.31,40.19,6.71,183.92,Black Soil,Rabi,Rajkot,Low,Gram
108,62,42,33.44,57.77,5.9,736.08,Alluvial Soil,Kharif,Jamnagar,High,Cotton
31,23,24,29.65,47.24,6.51,408.31,Loamy Soil,Kharif,Amreli,Low,Sesame
99,67,42,34.19,70.59,6.22,837.93,Alluvial Soil,Kharif,Jamnagar,Medium,Cotton
62,35,37,18.91,50.62,6.75,168.07,Sandy Soil,Rabi,Jamnagar,Low,Mustard
46,26,23,28.41,56.13,6.14,367.7,Alluvial Soil,Kharif,Bhavnagar,Low,Sesame
98,39,39,28.95,68.77,7.3,799.21,Alluvial Soil,Kharif,Mehsana,High,Maize
101,44,44,33.12,61.5,5.23,784.86,Black Soil,Kharif,Vadodara,Medium,Cotton
62,33,35,16.83,55.43,7.12,156.85,Loamy Soil,Rabi,Mehsana,Low,Mustard
32,26,24,31.42,47.54,6.93,447.29,Sandy Soil,Kharif,Kutch,Low,Sesame
45,24,23,29.17,46.52,7.33,323.21,Loamy Soil,Kharif,Kutch,Low,Sesame
100,42,44,27.63,73.85,7.19,890.84,Loamy Soil,Kharif,Mehsana,High,Maize
61,24,27,31.7,37.5,6.51,240.58,Loamy Soil,Kharif,Jamnagar,Low,Bajra
29,27,24,24.48,36.11,6.42,131.23,Sandy Soil,Rabi,Rajkot,Low,Cumin
39,38,31,23.78,35.7,7.52,104.72,Loamy Soil,Rabi,Mehsana,Low,Cumin
100,44,39,31.55,70.56,6.37,699.79,Black Soil,Kharif,Rajkot,Medium,Cotton
38,31,25,32.97,55.09,6.39,403.23,Alluvial Soil,Kharif,Rajkot,Low,Castor
35,23,28,29.04,47.19,7.63,443.3,Alluvial Soil,Kharif,Bhavnagar,Low,Sesame
31,33,20,29.13,51.96,5.72,412.94,Loamy Soil,Kharif,Junagadh,Low,Sesame
36,37,29,23.44,43.01,6.57,202.8,Loamy Soil,Rabi,Jamnagar,Low,Gram
44,52,21,28.15,68.16,7.72,626.59,Loamy Soil,Kharif,Bhavnagar,Medium,Groundnut
84,44,52,22.36,48.15,5.17,209.91,Loamy Soil,Rabi,Mehsana,Medium,Wheat
85,44,49,29.16,68.38,6.42,1000.0,Black Soil,Kharif,Vadodara,High,Cotton
92,50,52,24.39,70.54,5.91,958.66,Loamy Soil,Kharif,Anand,High,Maize
119,59,55,32.03,66.07,7.0,904.02,Alluvial Soil,Kharif,Rajkot,Medium,Cotton
49,40,25,28.2,57.06,6.67,411.46,Loamy Soil,Kharif,Mehsana,Low,Castor
57,32,34,35.94,40.32,6.7,278.68,Sandy Soil,Kharif,Jamnagar,Low,Bajra
51,32,31,28.98,49.68,6.97,516.2,Alluvial Soil,Kharif,Mehsana,Low,Castor
93,42,44,19.74,47.48,6.87,216.24,Loamy Soil,Rabi,Banaskantha,Medium,Wheat
72,43,43,19.4,47.59,6.57,119.49,Loamy Soil,Rabi,Rajkot,Medium,Wheat
36,38,27,29.19,56.67,6.31,451.45,Alluvial Soil,Kharif,Rajkot,Low,Castor
34,52,33,28.88,68.75,7.1,715.06,Loamy Soil,Kharif,Amreli,Medium,Groundnut
42,45,32,19.14,38.23,6.36,180.19,Clay Soil,Rabi,Ahmedabad,Low,Gram
72,30,44,19.16,51.17,5.94,129.04,Alluvial Soil,Rabi,Mehsana,Low,Mustard
50,35,29,32.92,35.01,6.27,295.59,Sandy Soil,Kharif,Kutch,Low,Bajra
38,52,31,20.67,43.58,6.8,175.45,Black Soil,Rabi,Jamnagar,Low,Gram
96,48,43,28.64,65.57,6.7,844.81,Alluvial Soil,Kharif,Mehsana,High,Maize
28,38,27,24.05,40.38,6.43,112.99,Alluvial Soil,Rabi,Jamnagar,Low,Cumin
37,35,28,25.98,51.32,6.61,409.06,Sandy Soil,Kharif,Junagadh,Low,Sesame
35,56,37,19.16,38.84,6.39,190.19,Clay Soil,Rabi,Ahmedabad,Low,Gram
35,35,26,30.66,48.57,5.85,391.11,Sandy Soil,Kharif,Rajkot,Low,Sesame
30,27,29,28.37,44.99,5.58,348.85,Loamy Soil,Kharif,Bhavnagar,Low,Sesame
86,50,48,31.39,64.27,6.45,794.61,Alluvial Soil,Kharif,Jamnagar,Medium,Cotton
83,51,40,28.26,69.3,5.46,936.85,Alluvial Soil,Kharif,Banaskantha,High,Maize
81,47,50,19.52,41.79,6.62,225.38,Black Soil,Rabi,Ahmedabad,Medium,Wheat
52,36,24,34.91,43.65,5.61,290.48,Loamy Soil,Kharif,Jamnagar,Low,Bajra
91,54,44,27.84,66.63,6.22,956.23,Red Soil,Kharif,Vadodara,High,Maize
111,55,45,33.03,55.5,7.07,684.02,Alluvial Soil,Kharif,Bhavnagar,Medium,Cotton
42,31,30,26.66,34.64,5.49,96.35,Loamy Soil,Rabi,Kutch,Low,Cumin
101,51,44,30.9,62.71,5.82,794.94,Alluvial Soil,Kharif,Vadodara,High,Cotton
62,36,31,33.62,41.44,6.39,325.81,Loamy Soil,Kharif,Banaskantha,Low,Bajra
48,34,23,33.3,54.38,6.35,480.33,Sandy Soil,Kharif,Mehsana,Low,Castor
35,44,32,28.11,78.81,6.69,548.2,Loamy Soil,Kharif,Jamnagar,Medium,Groundnut
77,48,50,27.37,69.42,6.03,933.73,Alluvial Soil,Kharif,Anand,High,Maize
108,56,49,32.14,64.79,6.12,781.29,Black Soil,Kharif,Junagadh,Medium,Cotton
64,36,30,18.43,48.4,7.23,241.52,Loamy Soil,Rabi,Kutch,Low,Mustard
52,33,29,34.39,40.61,6.18,253.83,Sandy Soil,Kharif,Kutch,Low,Bajra
98,48,50,21.36,42.18,6.73,182.35,Loamy Soil,Rabi,Ahmedabad,Medium,Wheat
42,47,41,21.15,41.6,6.34,172.32,Black Soil,Rabi,Ahmedabad,Low,Gram
59,28,31,35.49,34.88,7.04,269.82,Loamy Soil,Kharif,Banaskantha,Low,Bajra
96,49,48,19.73,49.42,6.86,226.25,Clay Soil,Rabi,Banaskantha,Medium,Wheat
87,45,43,27.99,72.35,6.26,932.59,Red Soil,Kharif,Vadodara,High,Maize
39,47,44,22.52,45.54,6.78,185.82,Clay Soil,Rabi,Jamnagar,Low,Gram
38,50,33,26.97,40.58,6.91,168.39,Loamy Soil,Rabi,Rajkot,Low,Gram
39,40,37,22.56,43.17,5.92,132.4,Loamy Soil,Rabi,Vadodara,Low,Gram
59,41,29,30.68,54.38,6.52,426.82,Sandy Soil,Kharif,Rajkot,Low,Castor
42,30,26,19.15,31.86,6.02,125.96,Loamy Soil,Rabi,Banaskantha,Low,Cumin
46,37,20,30.16,56.41,5.63,379.12,Loamy Soil,Kharif,Kutch,Low,Castor
85,48,48,21.15,44.35,6.7,175.75,Loamy Soil,Rabi,Ahmedabad,Medium,Wheat
37,29,31,25.91,36.51,6.66,112.54,Loamy Soil,Rabi,Mehsana,Low,Cumin
58,28,29,33.04,62.05,6.28,449.4,Alluvial Soil,Kharif,Banaskantha,Low,Castor
40,33,27,25.27,35.05,7.02,154.01,Alluvial Soil,Rabi,Banaskantha,Low,Cumin
56,37,21,27.21,50.51,7.32,399.23,Loamy Soil,Kharif,Kutch,Low,Castor
50,33,28,34.5,46.37,7.26,285.16,Loamy Soil,Kharif,Jamnagar,Low,Bajra
30,36,34,24.77,29.85,6.76,105.05,Alluvial Soil,Rabi,Rajkot,Low,Cumin
102,45,49,31.79,58.64,6.07,772.43,Alluvial Soil,Kharif,Vadodara,Medium,Cotton
37,28,26,23.68,38.79,6.21,102.04,Sandy Soil,Rabi,Kutch,Low,Cumin
51,43,35,16.63,54.22,6.05,160.66,Alluvial Soil,Rabi,Mehsana,Low,Mustard
57,35,37,35.39,39.51,6.61,243.0,Loamy Soil,Kharif,Kutch,Low,Bajra
107,54,37,30.72,64.59,6.55,724.65,Black Soil,Kharif,Jamnagar,High,Cotton
88,44,32,22.39,48.22,6.08,248.85,Alluvial Soil,Rabi,Rajkot,Medium,Wheat
94,58,43,30.12,59.81,6.8,714.64,Black Soil,Kharif,Jamnagar,Medium,Cotton
37,25,26,30.02,48.47,7.13,389.91,Sandy Soil,Kharif,Amreli,Low,Sesame
96,42,39,25.43,74.59,6.25,822.48,Red Soil,Kharif,Vadodara,High,Maize
106,40,38,20.93,46.02,6.5,189.26,Loamy Soil,Rabi,Ahmedabad,Medium,Wheat
45,32,28,29.44,56.21,6.77,411.84,Alluvial Soil,Kharif,Anand,Low,Castor
59,33,29,30.28,40.34,6.42,245.4,Sandy Soil,Kharif,Banaskantha,Low,Bajra
35,28,24,26.82,37.81,6.68,126.14,Sandy Soil,Rabi,Mehsana,Low,Cumin
45,27,27,30.74,50.86,6.91,351.89,Loamy Soil,Kharif,Kutch,Low,Sesame
83,54,46,22.8,69.99,6.3,926.45,Loamy Soil,Kharif,Banaskantha,High,Maize
36,40,27,23.73,36.15,7.63,136.73,Loamy Soil,Rabi,Mehsana,Low,Cumin
34,35,27,23.57,34.1,6.4,118.7,Sandy Soil,Rabi,Mehsana,Low,Cumin
60,36,33,19.38,54.34,6.95,177.25,Sandy Soil,Rabi,Ahmedabad,Low,Mustard
35,31,26,28.46,53.54,6.81,446.23,Sandy Soil,Kharif,Rajkot,Low,Sesame
80,52,39,28.06,68.83,5.88,882.07,Loamy Soil,Kharif,Mehsana,High,Maize
30,48,31,27.42,72.42,6.52,694.75,Black Soil,Kharif,Junagadh,Medium,Groundnut
36,30,19,22.01,41.36,6.7,104.5,Sandy Soil,Rabi,Rajkot,Low,Cumin
81,39,45,20.22,46.14,6.89,215.51,Loamy Soil,Rabi,Banaskantha,Medium,Wheat
48,39,26,27.99,67.1,7.12,711.04,Loamy Soil,Kharif,Junagadh,Medium,Groundnut
38,20,27,31.67,52.19,6.51,417.81,Loamy Soil,Kharif,Kutch,Low,Sesame
61,37,43,17.95,52.07,5.54,156.36,Sandy Soil,Rabi,Ahmedabad,Low,Mustard
34,45,39,22.66,40.93,6.0,147.56,Clay Soil,Rabi,Vadodara,Low,Gram
30,26,24,31.36,47.3,6.17,429.28,Sandy Soil,Kharif,Bhavnagar,Low,Sesame
30,45,35,21.14,38.88,6.32,186.27,Black Soil,Rabi,Junagadh,Low,Gram
42,34,28,26.15,58.64,6.91,357.27,Alluvial Soil,Kharif,Banaskantha,Low,Castor
34,24,32,27.35,45.77,6.38,403.12,Alluvial Soil,Kharif,Junagadh,Low,Sesame
88,53,37,28.09,65.27,5.51,948.45,Red Soil,Kharif,Ahmedabad,High,Maize
59,42,33,20.16,51.85,6.43,218.32,Loamy Soil,Rabi,Kutch,Low,Mustard
50,36,28,29.83,56.37,6.62,454.88,Sandy Soil,Kharif,Mehsana,Low,Castor
33,29,17,29.93,48.73,6.51,360.91,Loamy Soil,Kharif,Junagadh,Low,Sesame
93,51,45,16.78,43.25,6.87,180.99,Black Soil,Rabi,Anand,Medium,Wheat
57,26,33,34.82,36.41,6.44,154.12,Sandy Soil,Kharif,Kutch,Low,Bajra
34,55,38,21.77,39.39,6.47,197.48,Black Soil,Rabi,Vadodara,Low,Gram
75,52,41,25.95,78.81,7.02,970.39,Loamy Soil,Kharif,Ahmedabad,High,Maize
65,33,39,19.09,54.84,7.34,187.7,Sandy Soil,Rabi,Jamnagar,Low,Mustard
81,54,49,31.09,60.72,7.24,832.76,Black Soil,Kharif,Vadodara,Medium,Cotton
35,31,26,31.21,43.32,6.69,400.53,Loamy Soil,Kharif,Kutch,Low,Sesame
32,38,35,23.1,34.08,5.91,89.71,Loamy Soil,Rabi,Rajkot,Low,Cumin
46,53,31,20.44,41.38,5.47,181.94,Clay Soil,Rabi,Ahmedabad,Low,Gram
41,33,23,32.2,53.06,5.31,433.28,Alluvial Soil,Kharif,Banaskantha,Low,Castor
49,39,30,32.35,39.62,6.68,224.69,Sandy Soil,Kharif,Ahmedabad,Low,Bajra
61,36,38,33.09,41.54,7.16,162.87,Sandy Soil,Kharif,Banaskantha,Low,Bajra
43,56,40,21.57,44.94,6.95,138.65,Loamy Soil,Rabi,Junagadh,Low,Gram
38,28,25,28.37,54.86,7.21,389.81,Sandy Soil,Kharif,Mehsana,Low,Castor
30,34,33,22.39,37.17,6.06,114.62,Loamy Soil,Rabi,Banaskantha,Low,Cumin
46,42,28,28.82,72.42,6.92,604.71,Sandy Soil,Kharif,Junagadh,Medium,Groundnut
92,47,41,27.89,64.97,5.96,834.01,Alluvial Soil,Kharif,Mehsana,High,Maize
54,40,20,30.37,55.99,6.63,452.31,Alluvial Soil,Kharif,Banaskantha,Low,Castor
81,47,50,25.0,69.66,6.67,834.65,Loamy Soil,Kharif,Ahmedabad,High,Maize
49,46,29,29.07,73.91,6.52,663.31,Sandy Soil,Kharif,Amreli,Medium,Groundnut
91,50,40,26.81,66.54,7.01,847.61,Alluvial Soil,Kharif,Ahmedabad,High,Maize
99,44,42,17.28,47.49,6.52,156.57,Clay Soil,Rabi,Mehsana,Medium,Wheat
31,33,24,22.8,31.85,7.07,115.54,Alluvial Soil,Rabi,Kutch,Low,Cumin
36,28,24,20.09,36.8,5.87,138.96,Sandy Soil,Rabi,Kutch,Low,Cumin
34,44,30,23.83,45.47,6.97,134.1,Black Soil,Rabi,Junagadh,Low,Gram
38,27,28,23.5,37.39,7.87,97.27,Alluvial Soil,Rabi,Mehsana,Low,Cumin
103,40,47,19.63,49.54,6.38,215.77,Black Soil,Rabi,Anand,Medium,Wheat
36,29,23,26.0,47.98,5.59,344.94,Alluvial Soil,Kharif,Junagadh,Low,Sesame
47,36,28,36.42,44.15,7.32,286.7,Sandy Soil,Kharif,Jamnagar,Low,Bajra
67,38,39,17.74,48.83,6.37,148.77,Sandy Soil,Rabi,Kutch,Low,Mustard
36,29,27,24.12,38.69,6.44,153.71,Alluvial Soil,Rabi,Mehsana,Low,Cumin
70,41,35,32.68,39.21,6.5,329.76,Sandy Soil,Kharif,Banaskantha,Low,Bajra
95,40,45,17.7,47.71,6.44,173.19,Loamy Soil,Rabi,Anand,Medium,Wheat
35,34,27,21.47,34.77,6.3,113.48,Sandy Soil,Rabi,Banaskantha,Low,Cumin
42,43,30,24.83,41.78,6.44,191.14,Black Soil,Rabi,Jamnagar,Low,Gram
34,22,24,31.84,50.02,6.34,447.46,Alluvial Soil,Kharif,Rajkot,Low,Sesame
107,64,41,31.55,65.77,6.89,762.7,Alluvial Soil,Kharif,Rajkot,High,Cotton
61,35,32,32.8,39.8,6.18,331.74,Loamy Soil,Kharif,Mehsana,Low,Bajra
52,37,24,27.64,57.68,6.13,409.42,Sandy Soil,Kharif,Anand,Low,Castor
46,25,24,31.79,52.07,5.64,397.23,Loamy Soil,Kharif,Banaskantha,Low,Castor
56,33,31,30.45,49.69,6.41,425.92,Loamy Soil,Kharif,Banaskantha,Low,Castor
48,37,28,29.15,53.82,6.8,540.6,Loamy Soil,Kharif,Anand,Low,Castor
41,59,47,25.06,42.61,5.9,190.05,Black Soil,Rabi,Jamnagar,Low,Gram
53,27,29,35.56,44.19,5.98,322.58,Loamy Soil,Kharif,Ahmedabad,Low,Bajra
39,49,42,26.13,72.24,5.91,729.6,Sandy Soil,Kharif,Rajkot,Medium,Groundnut
58,37,42,21.2,55.76,5.85,170.36,Loamy Soil,Rabi,Ahmedabad,Low,Mustard
50,40,20,29.26,52.26,6.11,408.84,Sandy Soil,Kharif,Anand,Low,Castor
51,31,28,31.11,50.92,6.64,360.3,Alluvial Soil,Kharif,Mehsana,Low,Castor
104,51,44,33.38,60.26,6.01,773.5,Alluvial Soil,Kharif,Jamnagar,Medium,Cotton
90,53,39,26.13,68.55,6.4,773.8,Alluvial Soil,Kharif,Anand,High,Maize
53,33,20,28.53,60.23,5.65,515.88,Sandy Soil,Kharif,Kutch,Low,Castor
48,38,36,33.35,38.56,6.07,314.03,Loamy Soil,Kharif,Kutch,Low,Bajra
89,55,46,32.95,66.58,6.46,743.55,Alluvial Soil,Kharif,Vadodara,Medium,Cotton
49,41,35,33.62,35.3,6.91,329.58,Loamy Soil,Kharif,Ahmedabad,Low,Bajra
53,42,26,28.78,54.64,6.95,506.47,Loamy Soil,Kharif,Kutch,Low,Castor
93,44,47,17.76,51.64,7.46,201.57,Alluvial Soil,Rabi,Banaskantha,Medium,Wheat
46,47,30,25.36,71.26,6.35,634.35,Loamy Soil,Kharif,Rajkot,Medium,Groundnut
83,43,40,20.7,44.13,6.55,204.42,Clay Soil,Rabi,Anand,Medium,Wheat
40,49,39,28.97,72.29,7.19,540.4,Loamy Soil,Kharif,Amreli,Medium,Groundnut
57,38,35,26.51,51.67,6.15,381.21,Sandy Soil,Kharif,Mehsana,Low,Castor
33,39,25,21.95,33.79,6.23,104.93,Sandy Soil,Rabi,Banaskantha,Low,Cumin
42,34,33,30.83,62.05,6.44,417.24,Sandy Soil,Kharif,Rajkot,Low,Castor
69,43,38,19.62,52.03,6.14,179.73,Sandy Soil,Rabi,Ahmedabad,Low,Mustard
47,42,31,26.23,70.64,6.76,650.38,Sandy Soil,Kharif,Bhavnagar,Medium,Groundnut
29,28,25,22.39,35.8,6.15,122.14,Sandy Soil,Rabi,Kutch,Low,Cumin
94,46,48,19.23,48.0,6.3,180.52,Loamy Soil,Rabi,Ahmedabad,Medium,Wheat
90,49,44,30.02,62.27,5.93,772.5,Black Soil,Kharif,Junagadh,High,Cotton
96,54,45,31.88,63.24,5.74,821.44,Black Soil,Kharif,Amreli,High,Cotton
56,35,29,32.11,42.22,6.08,200.96,Sandy Soil,Kharif,Banaskantha,Low,Bajra
63,34,25,34.43,40.42,6.27,286.15,Loamy Soil,Kharif,Mehsana,Low,Bajra
103,41,40,18.71,48.93,7.11,158.68,Alluvial Soil,Rabi,Mehsana,Medium,Wheat
44,41,28,27.32,73.1,7.24,547.63,Sandy Soil,Kharif,Amreli,Medium,Groundnut
38,36,34,22.29,35.49,6.9,129.27,Alluvial Soil,Rabi,Mehsana,Low,Cumin
111,42,43,21.48,47.05,6.52,190.61,Clay Soil,Rabi,Anand,Medium,Wheat
33,27,22,31.31,52.25,6.23,365.17,Alluvial Soil,Kharif,Kutch,Low,Sesame
36,29,18,28.06,43.89,5.67,362.71,Sandy Soil,Kharif,Kutch,Low,Sesame
62,42,40,20.18,53.01,6.34,155.69,Sandy Soil,Rabi,Banaskantha,Low,Mustard
98,38,34,18.85,49.83,6.63,228.58,Alluvial Soil,Rabi,Banaskantha,Medium,Wheat
51,34,25,31.21,55.19,7.79,460.39,Sandy Soil,Kharif,Banaskantha,Low,Castor
36,54,29,23.29,45.14,7.6,176.78,Black Soil,Rabi,Rajkot,Low,Gram
86,40,45,20.55,45.69,6.48,177.42,Black Soil,Rabi,Mehsana,Medium,Wheat
72,39,27,34.92,39.82,5.83,215.77,Loamy Soil,Kharif,Mehsana,Low,Bajra
111,46,44,32.62,67.61,6.37,760.17,Alluvial Soil,Kharif,Jamnagar,High,Cotton
38,52,29,26.59,72.33,6.46,688.5,Black Soil,Kharif,Bhavnagar,Medium,Groundnut
100,49,43,18.72,46.92,7.22,190.7,Clay Soil,Rabi,Ahmedabad,Medium,Wheat
42,30,29,29.0,57.33,6.14,410.6,Sandy Soil,Kharif,Mehsana,Low,Castor
80,42,47,18.63,49.56,6.61,214.52,Alluvial Soil,Rabi,Banaskantha,Medium,Wheat
32,46,26,27.29,73.75,6.01,730.27,Sandy Soil,Kharif,Amreli,Medium,Groundnut
81,44,42,18.87,50.46,5.84,215.55,Black Soil,Rabi,Mehsana,Medium,Wheat
73,51,40,28.2,72.6,6.23,940.94,Red Soil,Kharif,Ahmedabad,High,Maize
36,45,34,26.48,75.59,6.82,727.92,Sandy Soil,Kharif,Amreli,Medium,Groundnut
47,42,32,34.12,33.4,6.57,271.66,Sandy Soil,Kharif,Kutch,Low,Bajra
64,41,34,18.3,50.98,8.03,121.34,Loamy Soil,Rabi,Banaskantha,Low,Mustard
41,42,37,19.74,45.8,6.71,139.88,Clay Soil,Rabi,Jamnagar,Low,Gram
96,44,43,32.7,66.07,6.58,733.66,Black Soil,Kharif,Junagadh,Medium,Cotton
35,26,24,28.16,47.55,7.03,383.68,Sandy Soil,Kharif,Kutch,Low,Sesame
25,35,30,24.36,43.35,5.85,82.76,Sandy Soil,Rabi,Kutch,Low,Cumin
36,32,20,20.6,31.44,5.61,105.07,Loamy Soil,Rabi,Rajkot,Low,Cumin
89,55,44,31.82,65.24,5.75,748.08,Black Soil,Kharif,Amreli,High,Cotton
29,35,25,28.77,47.04,6.6,397.34,Sandy Soil,Kharif,Amreli,Low,Sesame
81,46,43,24.65,71.01,6.84,861.27,Loamy Soil,Kharif,Anand,High,Maize
51,34,26,35.72,35.6,6.96,230.72,Sandy Soil,Kharif,Jamnagar,Low,Bajra
63,25,34,30.99,36.67,6.91,281.59,Sandy Soil,Kharif,Jamnagar,Low,Bajra
42,45,29,27.34,72.68,7.72,665.06,Black Soil,Kharif,Rajkot,Medium,Groundnut
56,40,33,38.57,43.2,5.93,267.64,Loamy Soil,Kharif,Banaskantha,Low,Bajra
40,31,24,29.56,51.04,6.46,473.02,Alluvial Soil,Kharif,Mehsana,Low,Castor
87,44,49,32.19,62.95,6.57,905.91,Black Soil,Kharif,Rajkot,High,Cotton
68,38,31,19.9,52.59,6.88,108.3,Sandy Soil,Rabi,Banaskantha,Low,Mustard
64,38,30,33.19,41.27,6.21,273.65,Loamy Soil,Kharif,Kutch,Low,Bajra
60,41,37,20.1,46.78,6.51,130.72,Clay Soil,Rabi,Banaskantha,Medium,Wheat
85,34,43,18.53,48.02,6.54,202.1,Loamy Soil,Rabi,Anand,Medium,Wheat
35,33,32,20.91,30.83,7.15,151.32,Alluvial Soil,Rabi,Jamnagar,Low,Cumin
39,21,27,31.42,52.43,6.49,363.6,Alluvial Soil,Kharif,Amreli,Low,Sesame
39,60,28,24.14,40.85,7.02,148.99,Black Soil,Rabi,Rajkot,Low,Gram
57,42,33,34.14,39.72,6.43,288.01,Loamy Soil,Kharif,Kutch,Low,Bajra
41,30,24,30.01,44.85,7.02,443.24,Loamy Soil,Kharif,Kutch,Low,Sesame
93,48,39,18.77,48.49,7.11,172.73,Alluvial Soil,Rabi,Anand,Medium,Wheat
24,28,26,27.39,52.93,6.29,345.49,Loamy Soil,Kharif,Bhavnagar,Low,Sesame
94,35,44,20.02,46.07,6.26,184.99,Clay Soil,Rabi,Banaskantha,Medium,Wheat
43,49,31,29.3,67.4,5.97,658.19,Loamy Soil,Kharif,Junagadh,Medium,Groundnut
66,46,43,26.11,73.23,5.72,945.13,Loamy Soil,Kharif,Banaskantha,High,Maize
36,60,46,22.65,45.65,7.1,202.32,Clay Soil,Rabi,Ahmedabad,Low,Gram
38,30,22,28.57,51.29,6.89,375.58,Alluvial Soil,Kharif,Bhavnagar,Low,Sesame
37,31,31,23.15,37.35,6.75,99.27,Sandy Soil,Rabi,Jamnagar,Low,Cumin
46,35,30,33.57,40.09,6.26,285.27,Loamy Soil,Kharif,Jamnagar,Low,Bajra
46,54,28,20.57,47.95,6.17,161.67,Loamy Soil,Rabi,Rajkot,Low,Gram
45,29,28,31.04,57.45,7.08,524.02,Alluvial Soil,Kharif,Mehsana,Low,Castor
38,51,36,22.05,42.17,7.46,180.27,Clay Soil,Rabi,Rajkot,Low,Gram
104,59,48,18.95,44.98,7.61,224.29,Black Soil,Rabi,Anand,Medium,Wheat
104,57,43,30.4,61.53,6.26,776.54,Black Soil,Kharif,Jamnagar,High,Cotton
37,46,31,29.25,68.68,5.75,659.04,Sandy Soil,Kharif,Junagadh,Medium,Groundnut
58,34,32,34.04,39.55,6.2,292.42,Loamy Soil,Kharif,Banaskantha,Low,Bajra
124,48,44,31.17,63.15,6.18,879.27,Black Soil,Kharif,Surat,Medium,Cotton
106,41,46,20.6,46.22,6.54,230.35,Black Soil,Rabi,Banaskantha,Medium,Wheat
39,50,33,16.0,40.88,7.05,168.16,Black Soil,Rabi,Jamnagar,Low,Gram
41,40,27,23.5,41.82,6.31,166.82,Loamy Soil,Rabi,Junagadh,Low,Gram
35,46,33,27.77,74.09,5.99,680.51,Sandy Soil,Kharif,Amreli,Medium,Groundnut
36,42,35,29.28,72.25,6.46,673.21,Loamy Soil,Kharif,Bhavnagar,Medium,Groundnut
60,29,40,33.42,44.36,5.6,305.48,Loamy Soil,Kharif,Jamnagar,Low,Bajra
33,34,33,18.0,41.23,6.0,119.17,Loamy Soil,Rabi,Mehsana,Low,Cumin
43,25,23,29.32,43.5,6.29,443.7,Alluvial Soil,Kharif,Junagadh,Low,Sesame
100,48,45,23.23,65.81,6.55,832.88,Alluvial Soil,Kharif,Anand,High,Maize
85,48,49,20.05,51.67,6.06,183.76,Loamy Soil,Rabi,Anand,Medium,Wheat
82,45,46,27.63,67.63,6.8,889.44,Alluvial Soil,Kharif,Ahmedabad,High,Maize
42,44,25,19.9,43.68,6.71,160.78,Clay Soil,Rabi,Rajkot,Low,Gram
28,44,41,25.27,36.96,6.74,209.54,Clay Soil,Rabi,Vadodara,Low,Gram
90,36,46,20.55,40.61,6.63,186.11,Clay Soil,Rabi,Rajkot,Medium,Wheat
85,46,48,31.89,63.07,6.26,846.41,Alluvial Soil,Kharif,Vadodara,High,Cotton
94,47,47,28.01,64.84,6.77,934.83,Alluvial Soil,Kharif,Anand,High,Maize
40,28,25,30.97,47.13,7.5,452.32,Loamy Soil,Kharif,Bhavnagar,Low,Sesame
91,49,39,32.55,67.22,5.83,769.65,Alluvial Soil,Kharif,Vadodara,High,Cotton
30,28,24,31.06,45.25,6.21,397.6,Alluvial Soil,Kharif,Bhavnagar,Low,Sesame
44,41,31,28.92,70.9,6.22,679.58,Loamy Soil,Kharif,Bhavnagar,Medium,Groundnut
98,39,48,33.91,60.09,6.21,821.94,Alluvial Soil,Kharif,Amreli,Medium,Cotton
59,37,36,31.96,38.49,6.54,249.08,Sandy Soil,Kharif,Ahmedabad,Low,Bajra
69,40,30,34.18,38.37,6.76,239.41,Loamy Soil,Kharif,Banaskantha,Low,Bajra
40,52,38,20.15,45.37,6.4,140.19,Black Soil,Rabi,Ahmedabad,Low,Gram
26,45,35,20.16,41.45,6.44,228.03,Clay Soil,Rabi,Vadodara,Low,Gram
44,54,33,27.71,71.85,6.56,608.59,Sandy Soil,Kharif,Rajkot,Medium,Groundnut
55,32,24,20.03,53.2,6.69,212.9,Alluvial Soil,Rabi,Jamnagar,Low,Mustard
94,47,50,18.92,44.35,7.1,204.53,Alluvial Soil,Rabi,Rajkot,Medium,Wheat
31,23,26,27.31,48.23,6.9,413.25,Sandy Soil,Kharif,Junagadh,Low,Sesame
83,48,42,26.85,67.42,5.93,933.42,Alluvial Soil,Kharif,Banaskantha,High,Maize
30,28,19,30.68,51.64,6.51,421.79,Loamy Soil,Kharif,Amreli,Low,Sesame
85,50,43,27.77,68.9,6.68,830.06,Red Soil,Kharif,Vadodara,High,Maize
36,46,34,28.93,73.65,6.5,618.19,Black Soil,Kharif,Bhavnagar,Medium,Groundnut
50,50,26,28.3,74.34,6.81,618.54,Sandy Soil,Kharif,Jamnagar,Medium,Groundnut
34,40,31,29.56,72.49,6.28,573.72,Sandy Soil,Kharif,Rajkot,Medium,Groundnut
30,22,26,30.89,55.14,7.2,347.16,Loamy Soil,Kharif,Junagadh,Low,Sesame
36,31,22,21.53,28.84,6.98,144.76,Sandy Soil,Rabi,Mehsana,Low,Cumin
90,51,46,18.68,50.12,7.12,155.39,Clay Soil,Rabi,Banaskantha,Medium,Wheat
45,27,28,36.26,38.18,6.67,278.07,Sandy Soil,Kharif,Ahmedabad,Low,Bajra
29,52,37,27.63,73.27,6.49,748.63,Sandy Soil,Kharif,Junagadh,Medium,Groundnut
44,27,22,29.92,56.17,7.03,523.8,Sandy Soil,Kharif,Anand,Low,Castor
90,38,45,21.39,51.86,6.34,144.67,Clay Soil,Rabi,Anand,Medium,Wheat
97,54,42,32.69,70.11,6.45,826.78,Black Soil,Kharif,Rajkot,Medium,Cotton
48,33,30,30.96,45.23,6.21,238.49,Sandy Soil,Kharif,Mehsana,Low,Bajra
51,35,25,28.28,54.35,6.99,449.22,Sandy Soil,Kharif,Mehsana,Low,Castor
52,32,37,29.52,53.58,7.06,448.54,Loamy Soil,Kharif,Anand,Low,Castor
108,43,56,31.56,64.29,6.19,780.8,Alluvial Soil,Kharif,Jamnagar,Medium,Cotton
89,48,30,21.48,47.83,5.72,203.36,Clay Soil,Rabi,Rajkot,Medium,Wheat
67,42,39,19.72,53.64,5.35,158.29,Alluvial Soil,Rabi,Banaskantha,Low,Mustard
39,36,30,25.28,35.64,6.58,99.75,Sandy Soil,Rabi,Kutch,Low,Cumin
96,48,40,29.85,69.35,6.47,1012.93,Red Soil,Kharif,Ahmedabad,High,Maize
64,48,30,17.51,49.55,6.37,166.48,Loamy Soil,Rabi,Kutch,Low,Mustard
63,25,35,36.99,42.72,6.7,255.68,Loamy Soil,Kharif,Mehsana,Low,Bajra
34,43,35,27.54,75.2,6.0,587.4,Black Soil,Kharif,Junagadh,Medium,Groundnut
38,28,29,29.63,49.57,7.11,330.35,Alluvial Soil,Kharif,Junagadh,Low,Sesame
115,52,53,35.52,66.99,6.52,848.16,Black Soil,Kharif,Amreli,High,Cotton
55,33,31,19.74,51.87,6.14,178.65,Loamy Soil,Rabi,Ahmedabad,Low,Mustard
32,37,20,25.14,33.84,6.96,119.36,Alluvial Soil,Rabi,Rajkot,Low,Cumin
49,35,33,36.6,46.93,7.24,201.39,Loamy Soil,Kharif,Mehsana,Low,Bajra
28,53,32,24.12,43.65,6.4,202.45,Loamy Soil,Rabi,Jamnagar,Low,Gram
64,40,35,34.19,45.54,7.13,339.49,Sandy Soil,Kharif,Ahmedabad,Low,Bajra
32,52,27,22.15,44.54,6.24,202.99,Loamy Soil,Rabi,Ahmedabad,Low,Gram
60,34,31,20.26,53.0,7.1,188.99,Sandy Soil,Rabi,Banaskantha,Low,Mustard
57,39,20,32.01,56.19,6.05,416.41,Sandy Soil,Kharif,Kutch,Low,Castor
101,59,42,32.72,65.67,6.63,884.82,Alluvial Soil,Kharif,Vadodara,Medium,Cotton
89,50,43,31.75,65.19,6.76,795.3,Alluvial Soil,Kharif,Bhavnagar,High,Cotton
50,38,34,29.15,53.46,6.78,460.43,Sandy Soil,Kharif,Banaskantha,Low,Castor
49,35,38,32.12,45.85,5.78,269.95,Sandy Soil,Kharif,Kutch,Low,Bajra
106,64,47,31.03,64.39,7.19,756.94,Alluvial Soil,Kharif,Bhavnagar,High,Cotton
31,31,24,21.22,32.07,6.17,92.43,Sandy Soil,Rabi,Mehsana,Low,Cumin
35,30,27,19.63,31.99,6.13,92.89,Sandy Soil,Rabi,Kutch,Low,Cumin
105,42,54,20.68,51.99,6.27,213.5,Clay Soil,Rabi,Mehsana,Medium,Wheat
46,49,32,24.06,70.9,6.19,601.09,Sandy Soil,Kharif,Rajkot,Medium,Groundnut
53,40,38,32.23,38.49,6.84,269.5,Loamy Soil,Kharif,Banaskantha,Low,Bajra
33,29,33,29.06,44.57,6.64,422.8,Loamy Soil,Kharif,Bhavnagar,Low,Sesame
56,36,34,20.68,54.74,6.85,178.78,Alluvial Soil,Rabi,Mehsana,Low,Mustard
63,32,35,20.83,56.13,5.87,155.03,Sandy Soil,Rabi,Jamnagar,Low,Mustard
90,45,54,32.45,61.87,6.61,731.62,Alluvial Soil,Kharif,Amreli,High,Cotton
69,47,46,20.18,48.16,6.47,177.93,Clay Soil,Rabi,Anand,Medium,Wheat
48,44,29,26.96,71.28,5.47,613.75,Sandy Soil,Kharif,Amreli,Medium,Groundnut
37,46,33,24.52,43.63,7.24,181.71,Black Soil,Rabi,Jamnagar,Low,Gram
96,57,47,32.88,70.89,7.02,806.21,Alluvial Soil,Kharif,Amreli,High,Cotton
41,45,33,26.57,71.18,6.5,640.27,Black Soil,Kharif,Bhavnagar,Medium,Groundnut
33,51,38,22.48,39.28,6.06,164.22,Black Soil,Rabi,Vadodara,Low,Gram
100,46,30,32.58,68.01,5.32,732.68,Alluvial Soil,Kharif,Vadodara,High,Cotton
37,35,34,22.83,34.12,6.7,104.84,Sandy Soil,Rabi,Kutch,Low,Cumin
48,44,26,27.35,68.78,5.94,669.44,Sandy Soil,Kharif,Jamnagar,Medium,Groundnut
58,39,24,32.33,55.42,7.03,516.36,Sandy Soil,Kharif,Rajkot,Low,Castor
29,26,23,28.48,51.82,6.25,387.91,Sandy Soil,Kharif,Amreli,Low,Sesame
89,44,41,20.31,43.63,6.89,219.59,Black Soil,Rabi,Banaskantha,Medium,Wheat
41,32,29,22.23,41.57,6.42,139.49,Sandy Soil,Rabi,Banaskantha,Low,Cumin
42,27,21,31.01,49.76,6.4,463.35,Loamy Soil,Kharif,Junagadh,Low,Sesame
70,36,21,16.0,52.21,6.33,149.8,Loamy Soil,Rabi,Kutch,Low,Mustard
37,23,25,29.83,52.92,6.27,403.03,Alluvial Soil,Kharif,Bhavnagar,Low,Sesame
80,57,37,27.78,70.73,6.32,942.97,Alluvial Soil,Kharif,Vadodara,High,Maize
44,27,36,35.4,36.93,6.87,341.64,Sandy Soil,Kharif,Kutch,Low,Bajra
35,31,27,25.0,35.46,6.2,132.52,Alluvial Soil,Rabi,Kutch,Low,Cumin
37,48,36,22.24,41.33,6.53,154.39,Black Soil,Rabi,Rajkot,Low,Gram
66,35,29,21.44,52.36,6.66,190.81,Alluvial Soil,Rabi,Jamnagar,Low,Mustard
40,25,25,30.01,54.46,6.54,380.08,Sandy Soil,Kharif,Junagadh,Low,Sesame
77,42,43,21.83,49.81,7.07,227.33,Alluvial Soil,Rabi,Rajkot,Medium,Wheat
44,29,31,24.95,38.09,6.16,109.92,Loamy Soil,Rabi,Kutch,Low,Cumin
32,42,31,24.33,42.42,6.29,138.12,Clay Soil,Rabi,Ahmedabad,Low,Gram
91,38,41,19.81,50.83,6.33,227.56,Alluvial Soil,Rabi,Anand,Medium,Wheat
85,48,33,17.52,50.73,6.39,137.93,Loamy Soil,Rabi,Banaskantha,Medium,Wheat
32,43,20,27.21,72.3,6.78,636.57,Black Soil,Kharif,Rajkot,Medium,Groundnut
50,23,27,30.46,38.26,6.39,294.56,Sandy Soil,Kharif,Kutch,Low,Bajra
91,46,36,16.79,47.86,6.89,177.62,Clay Soil,Rabi,Banaskantha,Medium,Wheat
52,30,26,30.75,45.0,6.19,458.25,Alluvial Soil,Kharif,Rajkot,Low,Castor
107,52,51,31.89,65.26,5.5,861.09,Alluvial Soil,Kharif,Jamnagar,High,Cotton
26,42,32,25.12,44.35,6.72,173.37,Black Soil,Rabi,Vadodara,Low,Gram
64,36,35,22.46,56.98,7.48,176.26,Alluvial Soil,Rabi,Kutch,Low,Mustard
84,60,43,25.93,71.4,6.66,975.87,Red Soil,Kharif,Anand,High,Maize
82,53,50,18.53,44.82,6.4,196.51,Black Soil,Rabi,Mehsana,Medium,Wheat
84,55,40,26.57,69.5,6.54,873.83,Loamy Soil,Kharif,Mehsana,High,Maize
38,37,30,21.41,38.0,6.32,101.97,Sandy Soil,Rabi,Kutch,Low,Cumin
46,32,26,32.9,43.74,6.49,259.42,Sandy Soil,Kharif,Banaskantha,Low,Bajra
36,27,23,29.99,46.53,6.46,361.06,Sandy Soil,Kharif,Junagadh,Low,Sesame
43,27,25,28.99,43.69,6.54,428.8,Loamy Soil,Kharif,Junagadh,Low,Sesame
28,36,25,25.24,40.14,6.81,87.32,Sandy Soil,Rabi,Banaskantha,Low,Cumin
40,30,31,22.35,36.96,7.38,129.31,Loamy Soil,Rabi,Mehsana,Low,Cumin
69,37,37,20.07,50.92,7.42,220.58,Loamy Soil,Rabi,Banaskantha,Low,Mustard
34,27,26,30.4,50.02,6.28,414.28,Loamy Soil,Kharif,Amreli,Low,Sesame
28,34,25,30.2,53.5,7.85,386.61,Alluvial Soil,Kharif,Kutch,Low,Sesame
59,33,36,32.24,36.48,6.38,309.53,Loamy Soil,Kharif,Jamnagar,Low,Bajra
65,35,28,29.55,54.02,5.38,489.37,Loamy Soil,Kharif,Anand,Low,Castor
78,43,40,17.32,49.68,6.24,206.28,Loamy Soil,Rabi,Banaskantha,Medium,Wheat
26,34,19,22.33,33.1,6.68,100.57,Alluvial Soil,Rabi,Kutch,Low,Cumin
110,42,39,20.38,47.14,5.79,274.38,Black Soil,Rabi,Ahmedabad,Medium,Wheat
52,31,35,35.17,37.18,7.53,350.6,Loamy Soil,Kharif,Mehsana,Low,Bajra
47,25,26,33.88,44.5,7.17,407.4,Loamy Soil,Kharif,Junagadh,Low,Sesame
71,50,37,25.56,73.11,6.59,862.12,Alluvial Soil,Kharif,Banaskantha,High,Maize
36,30,34,23.55,37.49,6.54,99.97,Loamy Soil,Rabi,Banaskantha,Low,Cumin
41,32,27,31.68,57.39,6.32,468.01,Sandy Soil,Kharif,Rajkot,Low,Castor
33,24,34,23.18,39.8,5.38,146.6,Alluvial Soil,Rabi,Rajkot,Low,Cumin
53,35,27,30.97,58.69,6.77,511.76,Loamy Soil,Kharif,Banaskantha,Low,Castor
45,37,33,31.98,53.56,7.13,508.59,Loamy Soil,Kharif,Banaskantha,Low,Castor
60,32,36,33.69,35.44,7.08,220.19,Sandy Soil,Kharif,Banaskantha,Low,Bajra
81,40,43,18.29,51.5,7.4,132.6,Alluvial Soil,Rabi,Ahmedabad,Medium,Wheat
49,36,34,34.45,37.95,6.4,341.5,Loamy Soil,Kharif,Kutch,Low,Bajra
104,46,42,32.14,57.29,7.34,829.45,Alluvial Soil,Kharif,Surat,High,Cotton
83,53,45,26.12,67.16,5.87,902.23,Red Soil,Kharif,Anand,High,Maize
114,51,48,33.72,64.56,5.84,942.87,Alluvial Soil,Kharif,Junagadh,Medium,Cotton
58,33,37,32.21,31.81,6.43,343.65,Sandy Soil,Kharif,Mehsana,Low,Bajra
31,26,20,29.22,52.0,6.84,432.81,Alluvial Soil,Kharif,Kutch,Low,Sesame
29,36,37,21.49,39.73,7.31,215.37,Loamy Soil,Rabi,Jamnagar,Low,Gram
33,50,38,19.54,40.49,6.96,131.76,Black Soil,Rabi,Ahmedabad,Low,Gram
50,38,27,31.68,48.21,6.94,483.44,Sandy Soil,Kharif,Mehsana,Low,Castor
56,33,19,30.94,51.79,7.12,411.19,Loamy Soil,Kharif,Kutch,Low,Castor
31,31,29,27.88,46.25,6.1,430.82,Loamy Soil,Kharif,Junagadh,Low,Sesame
85,47,55,31.77,65.27,6.88,846.42,Black Soil,Kharif,Vadodara,Medium,Cotton
61,37,35,36.52,41.2,6.45,230.42,Sandy Soil,Kharif,Kutch,Low,Bajra
87,42,46,20.73,48.51,6.44,194.76,Alluvial Soil,Rabi,Anand,Medium,Wheat
46,37,28,36.14,37.63,5.75,338.91,Sandy Soil,Kharif,Jamnagar,Low,Bajra
37,48,40,19.08,42.77,6.84,217.56,Clay Soil,Rabi,Junagadh,Low,Gram
86,39,47,27.37,69.6,7.07,983.17,Alluvial Soil,Kharif,Ahmedabad,High,Maize
63,39,39,19.08,49.07,6.32,190.41,Sandy Soil,Rabi,Jamnagar,Low,Mustard
45,39,38,29.68,54.44,6.78,435.78,Loamy Soil,Kharif,Kutch,Low,Castor
82,49,51,26.4,63.55,7.01,967.2,Red Soil,Kharif,Banaskantha,High,Maize
35,28,25,22.46,35.98,5.62,126.07,Alluvial Soil,Rabi,Kutch,Low,Cumin
58,37,33,17.89,52.38,5.79,179.57,Loamy Soil,Rabi,Kutch,Low,Mustard
77,44,45,26.9,71.05,6.58,929.39,Alluvial Soil,Kharif,Ahmedabad,High,Maize
33,24,23,30.51,46.96,6.19,341.58,Sandy Soil,Kharif,Junagadh,Low,Sesame
81,41,50,17.02,45.59,7.22,208.13,Clay Soil,Rabi,Rajkot,Medium,Wheat
86,61,52,33.45,63.46,6.43,704.46,Alluvial Soil,Kharif,Junagadh,Medium,Cotton
54,40,35,33.85,46.97,6.13,300.16,Loamy Soil,Kharif,Ahmedabad,Low,Bajra
75,45,44,18.99,48.38,6.59,215.25,Clay Soil,Rabi,Ahmedabad,Medium,Wheat
31,56,29,23.32,44.09,6.95,179.91,Black Soil,Rabi,Junagadh,Low,Gram
33,40,30,18.76,44.53,7.47,147.97,Loamy Soil,Rabi,Jamnagar,Low,Gram
103,34,49,18.57,45.62,6.63,150.35,Alluvial Soil,Rabi,Ahmedabad,Medium,Wheat
67,39,37,17.55,55.66,6.68,159.91,Loamy Soil,Rabi,Banaskantha,Low,Mustard
87,50,45,26.19,63.8,7.0,837.6,Red Soil,Kharif,Ahmedabad,High,Maize
31,28,27,25.49,37.59,5.88,109.47,Alluvial Soil,Rabi,Banaskantha,Low,Cumin
52,25,26,31.86,35.69,6.63,355.75,Sandy Soil,Kharif,Jamnagar,Low,Bajra
33,34,25,31.09,49.21,6.87,413.3,Sandy Soil,Kharif,Amreli,Low,Sesame
44,46,32,27.64,72.7,6.74,663.37,Sandy Soil,Kharif,Jamnagar,Medium,Groundnut
50,50,49,21.75,39.87,6.34,202.51,Black Soil,Rabi,Vadodara,Low,Gram
88,49,38,29.24,69.66,6.06,930.5,Loamy Soil,Kharif,Mehsana,High,Maize
32,28,31,20.81,31.79,6.16,133.26,Sandy Soil,Rabi,Kutch,Low,Cumin
47,45,30,27.67,72.08,6.8,718.73,Black Soil,Kharif,Amreli,Medium,Groundnut
56,31,31,35.11,41.84,7.12,352.47,Sandy Soil,Kharif,Banaskantha,Low,Bajra
111,47,53,31.27,60.55,6.86,886.05,Black Soil,Kharif,Rajkot,High,Cotton
84,41,48,28.86,72.17,6.7,1003.5,Alluvial Soil,Kharif,Mehsana,High,Maize
74,44,42,27.34,69.76,5.94,975.56,Red Soil,Kharif,Ahmedabad,High,Maize
34,26,23,31.94,57.92,6.24,384.75,Sandy Soil,Kharif,Rajkot,Low,Sesame
47,45,33,29.93,73.95,7.28,540.32,Loamy Soil,Kharif,Amreli,Medium,Groundnut
56,38,38,19.85,50.62,6.11,202.03,Sandy Soil,Rabi,Jamnagar,Low,Mustard
102,55,50,32.1,67.48,6.74,717.49,Alluvial Soil,Kharif,Rajkot,Medium,Cotton
36,46,31,26.55,79.5,6.26,539.12,Black Soil,Kharif,Bhavnagar,Medium,Groundnut
60,29,29,33.0,41.3,7.29,255.52,Sandy Soil,Kharif,Jamnagar,Low,Bajra
40,25,25,28.78,50.77,7.25,425.76,Alluvial Soil,Kharif,Bhavnagar,Low,Sesame
89,50,39,27.4,72.93,6.54,906.49,Loamy Soil,Kharif,Anand,High,Maize
39,31,26,29.05,52.15,7.03,444.8,Loamy Soil,Kharif,Anand,Low,Castor
88,54,42,31.31,69.42,6.91,810.53,Black Soil,Kharif,Rajkot,Medium,Cotton
75,47,45,24.7,69.42,6.41,952.85,Loamy Soil,Kharif,Anand,High,Maize
55,26,33,34.37,39.77,6.72,283.51,Loamy Soil,Kharif,Ahmedabad,Low,Bajra
39,32,28,24.83,35.32,7.17,122.63,Loamy Soil,Rabi,Rajkot,Low,Cumin
104,45,48,32.9,70.09,6.94,850.72,Alluvial Soil,Kharif,Surat,Medium,Cotton
108,44,42,20.42,44.64,6.16,233.31,Black Soil,Rabi,Mehsana,Medium,Wheat
83,52,39,23.26,73.27,6.99,1066.91,Loamy Soil,Kharif,Anand,High,Maize
58,34,25,31.95,41.59,5.67,261.74,Loamy Soil,Kharif,Banaskantha,Low,Bajra
95,51,48,26.7,72.35,5.62,866.65,Red Soil,Kharif,Vadodara,High,Maize
52,27,30,28.45,52.42,7.39,511.63,Alluvial Soil,Kharif,Banaskantha,Low,Castor
51,35,32,29.7,35.94,6.42,267.8,Sandy Soil,Kharif,Mehsana,Low,Bajra
48,42,38,35.05,42.61,6.11,264.16,Loamy Soil,Kharif,Banaskantha,Low,Bajra
58,31,35,33.67,42.92,7.48,281.28,Loamy Soil,Kharif,Mehsana,Low,Bajra
77,53,44,26.09,72.64,6.42,885.22,Red Soil,Kharif,Anand,High,Maize
67,35,36,16.81,50.69,6.41,197.41,Alluvial Soil,Rabi,Kutch,Low,Mustard
46,47,30,19.36,49.21,6.24,152.63,Loamy Soil,Rabi,Banaskantha,Low,Mustard
36,59,35,31.16,75.99,6.62,665.07,Loamy Soil,Kharif,Bhavnagar,Medium,Groundnut
89,39,45,21.83,49.42,7.27,181.28,Alluvial Soil,Rabi,Rajkot,Medium,Wheat
48,48,34,28.82,71.5,6.47,604.88,Loamy Soil,Kharif,Jamnagar,Medium,Groundnut
94,48,38,28.65,65.45,7.47,901.87,Red Soil,Kharif,Mehsana,High,Maize
97,54,47,31.43,63.1,6.66,698.86,Alluvial Soil,Kharif,Jamnagar,High,Cotton
39,39,27,26.66,70.69,6.68,610.21,Black Soil,Kharif,Junagadh,Medium,Groundnut
30,28,24,30.81,50.96,5.57,449.09,Alluvial Soil,Kharif,Kutch,Low,Sesame
32,33,24,22.65,33.26,6.12,128.66,Alluvial Soil,Rabi,Banaskantha,Low,Cumin
57,36,26,30.93,52.78,6.35,412.87,Alluvial Soil,Kharif,Rajkot,Low,Castor
54,40,31,37.94,41.94,6.26,244.11,Sandy Soil,Kharif,Kutch,Low,Bajra
58,38,35,32.54,36.26,6.01,307.96,Loamy Soil,Kharif,Mehsana,Low,Bajra
40,29,32,23.05,34.39,5.67,140.35,Sandy Soil,Rabi,Jamnagar,Low,Cumin
41,45,33,27.88,72.52,6.21,612.44,Black Soil,Kharif,Junagadh,Medium,Groundnut
41,37,28,26.92,70.84,5.81,660.17,Black Soil,Kharif,Bhavnagar,Medium,Groundnut
60,42,32,17.85,54.89,6.77,173.95,Sandy Soil,Rabi,Ahmedabad,Low,Mustard
31,54,35,18.28,40.31,6.48,149.89,Clay Soil,Rabi,Vadodara,Low,Gram
81,40,39,20.34,47.86,7.04,222.38,Black Soil,Rabi,Mehsana,Medium,Wheat
51,47,30,29.76,72.42,6.61,647.86,Loamy Soil,Kharif,Bhavnagar,Medium,Groundnut
43,39,31,27.55,73.14,5.94,712.6,Black Soil,Kharif,Rajkot,Medium,Groundnut
59,32,43,33.66,34.41,7.11,300.3,Loamy Soil,Kharif,Banaskantha,Low,Bajra
33,37,28,25.82,35.83,7.6,141.59,Loamy Soil,Rabi,Banaskantha,Low,Cumin
66,45,33,22.27,52.24,6.25,174.44,Loamy Soil,Rabi,Ahmedabad,Low,Mustard
38,46,26,30.13,72.47,6.64,621.15,Loamy Soil,Kharif,Rajkot,Medium,Groundnut
85,55,38,21.69,50.54,7.45,147.06,Clay Soil,Rabi,Anand,Medium,Wheat
94,43,37,23.81,48.17,6.56,163.4,Alluvial Soil,Rabi,Mehsana,Medium,Wheat
44,41,26,26.27,68.84,7.0,574.27,Loamy Soil,Kharif,Rajkot,Medium,Groundnut
78,54,53,18.19,47.68,7.36,241.1,Loamy Soil,Rabi,Rajkot,Medium,Wheat
52,29,22,27.41,51.48,6.75,472.56,Loamy Soil,Kharif,Anand,Low,Castor
44,25,21,31.48,52.37,6.57,401.1,Alluvial Soil,Kharif,Rajkot,Low,Sesame
33,51,25,26.92,76.69,6.28,584.26,Black Soil,Kharif,Junagadh,Medium,Groundnut
104,58,38,33.44,65.13,7.05,795.32,Alluvial Soil,Kharif,Jamnagar,Medium,Cotton
27,40,20,27.82,69.65,6.53,568.74,Loamy Soil,Kharif,Junagadh,Medium,Groundnut
79,43,40,26.6,68.56,6.53,894.77,Loamy Soil,Kharif,Mehsana,High,Maize
61,27,35,33.98,41.92,6.51,251.17,Loamy Soil,Kharif,Ahmedabad,Low,Bajra
34,25,26,30.5,43.78,6.4,400.69,Loamy Soil,Kharif,Bhavnagar,Low,Sesame
33,47,42,23.58,36.75,6.61,201.65,Loamy Soil,Rabi,Ahmedabad,Low,Gram
55,29,30,35.4,41.3,5.59,340.43,Loamy Soil,Kharif,Kutch,Low,Bajra
128,42,53,31.77,67.57,6.72,751.12,Alluvial Soil,Kharif,Jamnagar,High,Cotton
41,38,41,27.37,74.14,6.88,643.02,Sandy Soil,Kharif,Amreli,Medium,Groundnut
82,55,38,25.8,71.94,6.9,995.25,Loamy Soil,Kharif,Vadodara,High,Maize
36,34,24,22.19,27.02,6.95,95.55,Loamy Soil,Rabi,Rajkot,Low,Cumin
34,29,30,31.18,49.57,7.34,452.66,Loamy Soil,Kharif,Bhavnagar,Low,Sesame
58,33,32,29.84,38.71,7.38,281.18,Loamy Soil,Kharif,Ahmedabad,Low,Bajra
46,34,25,34.95,47.45,6.18,267.97,Sandy Soil,Kharif,Banaskantha,Low,Bajra
39,57,36,20.05,42.78,6.02,180.66,Loamy Soil,Rabi,Jamnagar,Low,Gram
96,44,47,33.2,61.97,7.26,834.05,Alluvial Soil,Kharif,Rajkot,Medium,Cotton
98,48,38,25.86,68.32,5.94,986.01,Red Soil,Kharif,Vadodara,High,Maize
38,53,31,24.8,44.36,6.07,167.82,Loamy Soil,Rabi,Rajkot,Low,Gram
38,46,35,28.81,71.67,6.66,674.0,Sandy Soil,Kharif,Amreli,Medium,Groundnut
44,49,33,24.86,72.55,7.12,676.37,Loamy Soil,Kharif,Bhavnagar,Medium,Groundnut
88,51,43,28.09,71.6,6.26,987.77,Red Soil,Kharif,Vadodara,High,Maize
86,39,37,20.24,48.31,5.92,175.14,Black Soil,Rabi,Ahmedabad,Medium,Wheat
49,42,32,17.65,51.16,6.44,183.73,Loamy Soil,Rabi,Kutch,Low,Mustard
87,52,41,21.09,44.06,5.9,263.38,Clay Soil,Rabi,Ahmedabad,Medium,Wheat
38,47,29,28.31,74.44,6.13,689.07,Black Soil,Kharif,Junagadh,Medium,Groundnut
35,38,23,27.96,71.1,5.79,709.46,Sandy Soil,Kharif,Bhavnagar,Medium,Groundnut
63,38,38,18.35,55.94,6.75,160.68,Loamy Soil,Rabi,Kutch,Low,Mustard
43,50,33,28.64,72.89,6.84,571.14,Black Soil,Kharif,Bhavnagar,Medium,Groundnut
63,28,32,33.66,38.11,7.3,276.53,Sandy Soil,Kharif,Ahmedabad,Low,Bajra
40,50,31,28.51,72.4,6.45,662.95,Loamy Soil,Kharif,Rajkot,Medium,Groundnut
27,39,19,25.96,34.95,6.31,129.54,Sandy Soil,Rabi,Kutch,Low,Cumin
37,44,37,23.51,46.69,6.79,202.54,Clay Soil,Rabi,Jamnagar,Low,Gram
43,47,35,27.89,71.7,6.58,707.84,Loamy Soil,Kharif,Rajkot,Medium,Groundnut
65,45,36,19.36,50.83,5.46,169.08,Sandy Soil,Rabi,Mehsana,Low,Mustard
93,51,46,33.49,65.62,6.13,926.03,Black Soil,Kharif,Bhavnagar,High,Cotton
78,47,40,27.49,66.75,7.06,969.72,Loamy Soil,Kharif,Ahmedabad,High,Maize
24,28,32,20.88,25.88,7.42,121.43,Sandy Soil,Rabi,Banaskantha,Low,Cumin
77,46,47,26.95,65.18,7.66,823.99,Alluvial Soil,Kharif,Banaskantha,High,Maize
55,36,37,33.61,38.64,5.81,297.81,Sandy Soil,Kharif,Jamnagar,Low,Bajra
20,32,24,24.64,31.07,5.98,102.62,Sandy Soil,Rabi,Rajkot,Low,Cumin
53,48,34,26.69,73.93,6.14,713.33,Sandy Soil,Kharif,Junagadh,Medium,Groundnut
50,45,39,27.79,71.89,6.53,643.75,Sandy Soil,Kharif,Junagadh,Medium,Groundnut
83,39,47,26.92,65.29,6.74,842.94,Loamy Soil,Kharif,Anand,High,Maize
89,56,55,31.58,64.2,7.23,833.7,Black Soil,Kharif,Junagadh,High,Cotton
41,41,27,31.87,41.36,6.77,361.59,Loamy Soil,Kharif,Kutch,Low,Bajra
36,52,35,20.69,43.46,7.43,161.99,Black Soil,Rabi,Vadodara,Low,Gram
54,40,31,35.58,41.56,6.06,238.37,Sandy Soil,Kharif,Jamnagar,Low,Bajra
32,45,35,22.44,41.68,7.35,189.28,Clay Soil,Rabi,Jamnagar,Low,Gram
71,54,41,28.75,73.19,7.2,919.0,Red Soil,Kharif,Vadodara,High,Maize
68,52,45,26.45,68.37,6.83,859.0,Loamy Soil,Kharif,Anand,High,Maize
34,50,35,23.41,42.34,7.23,156.6,Black Soil,Rabi,Vadodara,Low,Gram
31,50,34,21.67,40.5,6.03,191.23,Black Soil,Rabi,Junagadh,Low,Gram
33,22,26,31.32,48.83,5.43,454.22,Loamy Soil,Kharif,Kutch,Low,Sesame
31,38,20,25.34,38.58,6.77,71.57,Loamy Soil,Rabi,Mehsana,Low,Cumin
88,53,36,27.24,68.98,7.23,911.63,Loamy Soil,Kharif,Vadodara,High,Maize
49,41,29,33.89,34.32,7.08,195.3,Sandy Soil,Kharif,Banaskantha,Low,Bajra
77,53,42,28.39,71.18,6.1,971.62,Alluvial Soil,Kharif,Anand,High,Maize
86,48,49,19.21,46.8,7.25,231.09,Alluvial Soil,Rabi,Ahmedabad,Medium,Wheat
35,33,35,21.32,30.79,6.47,123.54,Alluvial Soil,Rabi,Jamnagar,Low,Cumin
85,51,45,22.4,49.34,6.18,201.7,Clay Soil,Rabi,Anand,Medium,Wheat
29,24,27,29.48,52.86,6.42,367.91,Sandy Soil,Kharif,Kutch,Low,Sesame
55,39,33,28.63,53.69,7.37,352.06,Alluvial Soil,Kharif,Anand,Low,Castor
98,41,47,21.97,44.75,6.74,217.97,Clay Soil,Rabi,Banaskantha,Medium,Wheat
31,31,30,22.42,33.32,6.21,120.05,Loamy Soil,Rabi,Rajkot,Low,Cumin
78,53,41,25.44,70.21,5.53,862.73,Loamy Soil,Kharif,Mehsana,High,Maize
50,37,19,28.62,56.73,5.69,477.47,Loamy Soil,Kharif,Anand,Low,Castor
55,43,27,27.46,72.54,6.78,620.43,Loamy Soil,Kharif,Amreli,Medium,Groundnut
34,29,28,23.9,40.3,5.75,142.37,Alluvial Soil,Rabi,Jamnagar,Low,Cumin
29,27,33,23.46,29.88,6.48,111.9,Loamy Soil,Rabi,Kutch,Low,Cumin
33,50,32,20.21,46.21,5.61,180.82,Clay Soil,Rabi,Ahmedabad,Low,Gram
33,57,40,17.53,40.03,6.46,206.41,Black Soil,Rabi,Junagadh,Low,Gram
51,40,23,30.4,58.33,6.61,423.8,Loamy Soil,Kharif,Mehsana,Low,Castor
32,37,28,31.71,51.25,6.25,495.03,Loamy Soil,Kharif,Rajkot,Low,Castor
34,28,21,24.49,37.63,7.4,157.53,Loamy Soil,Rabi,Rajkot,Low,Cumin
44,46,26,27.56,70.97,6.27,584.8,Sandy Soil,Kharif,Rajkot,Medium,Groundnut
44,32,33,21.09,32.16,5.43,157.81,Loamy Soil,Rabi,Jamnagar,Low,Cumin
56,38,26,36.58,36.15,6.88,278.31,Sandy Soil,Kharif,Kutch,Low,Bajra
92,50,54,32.15,60.21,6.96,755.46,Alluvial Soil,Kharif,Jamnagar,Medium,Cotton
33,51,33,22.61,44.19,6.77,184.1,Loamy Soil,Rabi,Rajkot,Low,Gram
107,49,51,33.3,67.07,5.71,751.52,Alluvial Soil,Kharif,Bhavnagar,Medium,Cotton
31,29,29,28.93,53.06,5.88,426.16,Sandy Soil,Kharif,Kutch,Low,Castor
67,45,50,19.71,50.53,6.26,160.54,Alluvial Soil,Rabi,Ahmedabad,Low,Mustard
78,48,45,19.18,44.36,6.48,112.44,Alluvial Soil,Rabi,Banaskantha,Medium,Wheat
43,34,25,32.44,58.93,6.9,489.25,Alluvial Soil,Kharif,Kutch,Low,Castor
42,47,28,36.86,39.77,6.09,286.05,Sandy Soil,Kharif,Mehsana,Low,Bajra
53,34,34,32.46,36.08,5.61,326.32,Loamy Soil,Kharif,Jamnagar,Low,Bajra
89,39,47,20.22,44.57,6.98,277.96,Clay Soil,Rabi,Anand,Medium,Wheat
41,31,28,30.3,50.54,7.27,407.21,Alluvial Soil,Kharif,Amreli,Low,Sesame
99,46,51,19.21,46.45,7.19,263.73,Clay Soil,Rabi,Ahmedabad,Medium,Wheat
95,45,44,19.72,48.98,6.83,236.47,Loamy Soil,Rabi,Rajkot,Medium,Wheat
57,32,34,36.28,44.22,6.37,300.47,Sandy Soil,Kharif,Banaskantha,Low,Bajra
49,35,36,31.65,34.89,6.52,243.01,Loamy Soil,Kharif,Ahmedabad,Low,Bajra
54,36,30,19.91,51.66,5.94,127.14,Sandy Soil,Rabi,Mehsana,Low,Mustard
27,47,32,29.51,70.82,6.4,706.11,Black Soil,Kharif,Bhavnagar,Medium,Groundnut
92,41,47,31.84,70.04,6.82,731.72,Alluvial Soil,Kharif,Rajkot,High,Cotton
36,38,26,29.82,53.88,6.33,401.41,Loamy Soil,Kharif,Rajkot,Low,Sesame
39,27,22,30.73,49.77,7.24,419.45,Sandy Soil,Kharif,Kutch,Low,Sesame
45,42,35,24.17,40.74,6.64,165.5,Clay Soil,Rabi,Rajkot,Low,Gram
81,41,60,21.03,49.65,6.19,252.32,Clay Soil,Rabi,Ahmedabad,Medium,Wheat
48,33,26,29.48,53.35,6.37,461.91,Sandy Soil,Kharif,Rajkot,Low,Castor
51,37,41,18.79,47.45,6.25,187.51,Sandy Soil,Rabi,Ahmedabad,Low,Mustard
32,50,30,22.96,45.13,6.06,177.93,Loamy Soil,Rabi,Jamnagar,Low,Gram
58,44,28,19.3,52.87,6.35,179.07,Loamy Soil,Rabi,Kutch,Low,Mustard
96,67,49,31.48,57.65,7.19,710.32,Black Soil,Kharif,Junagadh,High,Cotton
37,50,33,27.94,73.13,6.59,574.17,Sandy Soil,Kharif,Amreli,Medium,Groundnut
63,51,45,25.18,69.97,6.37,906.95,Red Soil,Kharif,Banaskantha,High,Maize
44,37,41,26.37,75.06,6.0,619.05,Sandy Soil,Kharif,Amreli,Medium,Groundnut
47,47,22,29.4,53.94,5.82,486.29,Sandy Soil,Kharif,Anand,Low,Castor
48,35,39,18.17,53.54,6.71,190.2,Loamy Soil,Rabi,Jamnagar,Low,Mustard
94,52,49,31.35,62.75,6.52,727.52,Alluvial Soil,Kharif,Vadodara,Medium,Cotton
37,50,29,27.2,73.98,6.5,679.23,Loamy Soil,Kharif,Junagadh,Medium,Groundnut
93,43,41,21.17,52.68,6.57,231.31,Clay Soil,Rabi,Banaskantha,Medium,Wheat
86,38,46,18.26,45.71,6.4,180.84,Loamy Soil,Rabi,Ahmedabad,Medium,Wheat
94,58,37,27.68,66.8,6.0,923.94,Alluvial Soil,Kharif,Banaskantha,High,Maize
35,45,40,20.23,46.82,6.42,153.04,Black Soil,Rabi,Rajkot,Low,Gram
55,36,33,20.12,52.63,6.73,91.24,Alluvial Soil,Rabi,Ahmedabad,Low,Mustard
35,33,33,20.02,35.04,6.18,103.46,Sandy Soil,Rabi,Mehsana,Low,Cumin
36,51,32,18.11,42.01,5.99,146.98,Loamy Soil,Rabi,Vadodara,Low,Gram
45,36,32,18.12,53.8,6.79,162.9,Alluvial Soil,Rabi,Jamnagar,Low,Mustard
35,27,26,33.22,44.18,6.35,300.0,Alluvial Soil,Kharif,Kutch,Low,Sesame
32,50,32,28.11,71.8,6.89,689.16,Sandy Soil,Kharif,Jamnagar,Medium,Groundnut
37,47,27,23.5,39.43,6.37,184.11,Black Soil,Rabi,Junagadh,Low,Gram
98,44,43,19.19,45.6,6.63,162.05,Loamy Soil,Rabi,Mehsana,Medium,Wheat
72,52,43,24.58,74.6,6.77,807.98,Red Soil,Kharif,Ahmedabad,High,Maize
35,35,23,23.96,34.5,6.65,106.39,Alluvial Soil,Rabi,Rajkot,Low,Cumin
34,25,26,27.2,47.98,6.11,441.47,Alluvial Soil,Kharif,Rajkot,Low,Sesame
93,56,47,30.3,69.7,6.59,921.38,Alluvial Soil,Kharif,Ahmedabad,High,Maize
44,29,32,30.75,36.47,7.07,270.32,Sandy Soil,Kharif,Banaskantha,Low,Bajra
107,54,55,32.9,64.54,5.89,786.07,Black Soil,Kharif,Bhavnagar,High,Cotton
90,57,50,27.12,73.8,5.16,1003.49,Alluvial Soil,Kharif,Vadodara,High,Maize
101,41,44,19.51,48.11,6.52,185.76,Alluvial Soil,Rabi,Anand,Medium,Wheat
44,38,30,27.88,56.3,7.19,438.23,Sandy Soil,Kharif,Rajkot,Low,Castor
42,26,25,29.87,54.41,5.9,373.84,Loamy Soil,Kharif,Amreli,Low,Sesame
93,36,54,34.05,63.16,6.37,749.74,Alluvial Soil,Kharif,Rajkot,Medium,Cotton
34,25,23,29.04,48.99,6.86,343.29,Sandy Soil,Kharif,Amreli,Low,Sesame
93,48,44,32.72,68.45,6.3,860.53,Alluvial Soil,Kharif,Surat,High,Cotton
77,38,52,20.31,47.85,6.17,230.25,Alluvial Soil,Rabi,Banaskantha,Medium,Wheat
100,48,48,29.93,66.1,6.92,667.08,Alluvial Soil,Kharif,Surat,Medium,Cotton
49,39,28,30.9,56.16,6.92,439.98,Sandy Soil,Kharif,Rajkot,Low,Castor
36,30,27,22.08,38.24,6.77,121.45,Sandy Soil,Rabi,Kutch,Low,Cumin
38,38,25,29.29,73.86,6.72,696.05,Sandy Soil,Kharif,Amreli,Medium,Groundnut
56,46,36,19.2,53.35,6.83,176.03,Loamy Soil,Rabi,Jamnagar,Low,Mustard
55,33,27,31.41,56.55,6.21,464.98,Loamy Soil,Kharif,Banaskantha,Low,Castor
43,39,37,29.91,70.69,6.6,682.11,Loamy Soil,Kharif,Amreli,Medium,Groundnut
30,27,26,23.66,31.59,6.46,85.0,Sandy Soil,Rabi,Rajkot,Low,Cumin
33,22,22,32.04,53.33,6.91,382.03,Loamy Soil,Kharif,Kutch,Low,Sesame
20,33,29,24.55,36.38,6.57,104.45,Alluvial Soil,Rabi,Banaskantha,Low,Cumin
41,53,38,20.66,41.49,6.74,147.49,Loamy Soil,Rabi,Rajkot,Low,Gram
46,50,34,22.02,40.19,6.39,143.49,Loamy Soil,Rabi,Rajkot,Low,Gram
113,61,47,31.0,66.53,6.16,934.23,Alluvial Soil,Kharif,Vadodara,Medium,Cotton
46,40,26,22.67,36.09,5.91,76.0,Alluvial Soil,Rabi,Banaskantha,Low,Cumin
34,31,27,26.08,30.99,6.48,122.82,Sandy Soil,Rabi,Kutch,Low,Cumin
31,37,18,30.05,50.34,6.4,417.52,Alluvial Soil,Kharif,Amreli,Low,Sesame
34,47,29,27.71,76.36,7.0,695.11,Sandy Soil,Kharif,Rajkot,Medium,Groundnut
112,54,41,31.59,62.95,6.15,865.26,Black Soil,Kharif,Surat,Medium,Cotton
56,38,46,20.41,52.68,6.59,169.22,Sandy Soil,Rabi,Banaskantha,Low,Mustard
28,47,38,23.16,44.0,7.2,131.66,Clay Soil,Rabi,Jamnagar,Low,Gram
58,31,31,35.23,37.64,6.94,281.59,Loamy Soil,Kharif,Jamnagar,Low,Bajra
71,41,30,17.02,54.91,6.95,150.64,Sandy Soil,Rabi,Mehsana,Low,Mustard
85,53,45,27.34,69.87,6.28,849.0,Loamy Soil,Kharif,Ahmedabad,High,Maize
28,33,33,23.12,31.23,6.4,119.21,Alluvial Soil,Rabi,Rajkot,Low,Cumin
90,53,47,20.63,47.6,6.42,148.5,Clay Soil,Rabi,Ahmedabad,Medium,Wheat
51,30,36,32.37,42.7,6.12,289.55,Loamy Soil,Kharif,Kutch,Low,Bajra
84,45,52,20.18,45.49,7.88,202.62,Clay Soil,Rabi,Rajkot,Medium,Wheat
56,42,31,21.37,49.9,4.86,142.95,Sandy Soil,Rabi,Mehsana,Low,Mustard
76,48,47,18.43,50.41,6.9,196.39,Loamy Soil,Rabi,Jamnagar,Low,Mustard
53,22,26,28.91,52.48,6.27,376.03,Sandy Soil,Kharif,Mehsana,Low,Castor
83,45,50,19.78,48.07,6.15,265.63,Black Soil,Rabi,Ahmedabad,Medium,Wheat
87,62,37,28.63,73.94,6.75,856.65,Red Soil,Kharif,Mehsana,High,Maize
82,46,38,28.02,68.87,6.81,825.89,Loamy Soil,Kharif,Mehsana,High,Maize
53,31,36,34.16,36.66,6.92,235.07,Sandy Soil,Kharif,Mehsana,Low,Bajra
93,53,46,31.71,67.05,6.88,764.63,Black Soil,Kharif,Jamnagar,Medium,Cotton
33,32,24,21.4,38.28,6.99,117.28,Sandy Soil,Rabi,Jamnagar,Low,Cumin
104,54,45,33.34,61.24,7.06,810.3,Black Soil,Kharif,Jamnagar,Medium,Cotton
39,43,33,26.47,72.02,6.87,682.1,Black Soil,Kharif,Jamnagar,Medium,Groundnut
96,51,45,28.24,62.61,6.49,882.52,Loamy Soil,Kharif,Anand,High,Maize
92,38,42,24.06,66.96,6.76,815.05,Alluvial Soil,Kharif,Banaskantha,High,Maize
91,44,48,27.75,72.18,6.72,799.53,Red Soil,Kharif,Banaskantha,High,Maize
114,50,55,31.74,69.91,6.49,847.15,Black Soil,Kharif,Bhavnagar,Medium,Cotton
62,32,38,16.53,54.25,6.8,205.27,Alluvial Soil,Rabi,Banaskantha,Low,Mustard
97,43,36,18.03,46.42,7.18,230.04,Clay Soil,Rabi,Mehsana,Medium,Wheat
41,31,25,22.82,31.14,5.67,105.61,Loamy Soil,Rabi,Mehsana,Low,Cumin
48,43,31,19.82,50.8,6.25,177.29,Alluvial Soil,Rabi,Jamnagar,Low,Mustard
104,56,48,31.57,66.97,6.84,820.49,Black Soil,Kharif,Jamnagar,Medium,Cotton
33,45,27,25.43,74.32,6.79,673.35,Black Soil,Kharif,Bhavnagar,Medium,Groundnut
98,46,47,21.41,47.13,5.94,243.37,Clay Soil,Rabi,Mehsana,Medium,Wheat
98,53,51,32.85,65.86,7.1,698.74,Alluvial Soil,Kharif,Vadodara,Medium,Cotton
75,54,36,24.72,76.55,7.06,1038.24,Loamy Soil,Kharif,Vadodara,High,Maize
28,31,27,20.59,31.94,6.14,74.69,Loamy Soil,Rabi,Kutch,Low,Cumin
46,42,24,30.73,70.01,5.97,705.19,Sandy Soil,Kharif,Amreli,Medium,Groundnut
38,25,25,27.21,50.54,6.52,439.67,Alluvial Soil,Kharif,Kutch,Low,Sesame
56,36,36,28.56,53.27,7.06,386.04,Alluvial Soil,Kharif,Anand,Low,Castor
41,29,29,25.33,48.99,6.32,428.07,Alluvial Soil,Kharif,Kutch,Low,Sesame
48,31,25,29.33,51.35,6.37,452.71,Alluvial Soil,Kharif,Rajkot,Low,Castor
90,49,41,26.55,70.05,6.83,896.53,Red Soil,Kharif,Anand,High,Maize
33,42,36,24.39,46.93,6.83,159.66,Clay Soil,Rabi,Jamnagar,Low,Gram
90,44,50,19.49,49.42,6.28,206.52,Black Soil,Rabi,Anand,Medium,Wheat
47,39,34,27.98,71.67,6.94,693.95,Black Soil,Kharif,Jamnagar,Medium,Groundnut
55,44,25,30.33,50.77,6.83,459.19,Alluvial Soil,Kharif,Anand,Low,Castor
76,50,46,25.11,70.76,6.2,946.72,Loamy Soil,Kharif,Vadodara,High,Maize
78,57,37,23.08,65.67,6.69,892.14,Loamy Soil,Kharif,Mehsana,High,Maize
37,22,22,29.74,49.38,6.48,379.35,Alluvial Soil,Kharif,Kutch,Low,Sesame
63,51,32,15.32,51.91,6.68,137.53,Alluvial Soil,Rabi,Jamnagar,Low,Mustard
51,42,30,31.73,42.32,6.73,252.39,Loamy Soil,Kharif,Mehsana,Low,Bajra
97,61,51,31.82,63.27,6.33,828.55,Black Soil,Kharif,Vadodara,High,Cotton
43,38,38,25.52,70.79,6.45,670.62,Loamy Soil,Kharif,Amreli,Medium,Groundnut
62,40,25,36.7,43.17,6.32,289.57,Loamy Soil,Kharif,Mehsana,Low,Bajra
57,31,32,29.49,59.77,6.23,486.77,Sandy Soil,Kharif,Kutch,Low,Castor
77,48,43,21.43,44.49,6.45,213.32,Black Soil,Rabi,Anand,Medium,Wheat
40,52,39,23.69,40.57,7.91,118.48,Loamy Soil,Rabi,Junagadh,Low,Gram
27,48,35,20.28,41.61,6.94,162.32,Clay Soil,Rabi,Rajkot,Low,Gram
39,30,24,24.28,35.55,6.87,116.11,Sandy Soil,Rabi,Banaskantha,Low,Cumin
36,32,30,29.12,44.71,6.15,427.21,Loamy Soil,Kharif,Bhavnagar,Low,Sesame
98,53,48,18.94,45.14,6.57,229.11,Alluvial Soil,Rabi,Mehsana,Medium,Wheat
51,46,35,27.16,75.72,6.37,663.88,Sandy Soil,Kharif,Bhavnagar,Medium,Groundnut
62,28,26,38.03,41.03,6.82,323.0,Sandy Soil,Kharif,Jamnagar,Low,Bajra
38,33,31,31.29,52.49,6.61,517.88,Sandy Soil,Kharif,Mehsana,Low,Castor
98,46,42,20.51,46.81,6.34,201.62,Black Soil,Rabi,Ahmedabad,Medium,Wheat
50,33,25,28.24,53.66,6.2,530.08,Alluvial Soil,Kharif,Kutch,Low,Castor
43,37,29,31.43,40.06,6.99,251.09,Loamy Soil,Kharif,Jamnagar,Low,Bajra
34,53,46,21.61,38.24,6.05,190.06,Loamy Soil,Rabi,Vadodara,Low,Gram
35,30,24,30.14,50.04,6.29,418.94,Sandy Soil,Kharif,Junagadh,Low,Sesame
32,31,29,20.96,31.8,6.34,114.33,Alluvial Soil,Rabi,Banaskantha,Low,Cumin
61,37,28,32.08,37.04,6.62,190.57,Loamy Soil,Kharif,Jamnagar,Low,Bajra
39,29,24,32.61,52.23,6.47,397.97,Loamy Soil,Kharif,Kutch,Low,Castor
89,53,46,29.16,69.21,7.16,922.87,Loamy Soil,Kharif,Banaskantha,High,Maize
37,31,21,28.93,45.8,7.34,344.14,Sandy Soil,Kharif,Junagadh,Low,Sesame
85,38,33,25.6,67.67,7.23,897.29,Loamy Soil,Kharif,Vadodara,High,Maize
85,49,34,28.44,69.27,6.56,850.1,Red Soil,Kharif,Vadodara,High,Maize
36,53,28,26.65,68.1,6.28,624.81,Sandy Soil,Kharif,Bhavnagar,Medium,Groundnut
32,25,27,31.78,47.83,6.49,441.9,Loamy Soil,Kharif,Amreli,Low,Sesame
71,46,45,18.64,44.29,6.64,166.99,Black Soil,Rabi,Anand,Medium,Wheat
83,48,41,25.47,74.82,7.07,819.13,Red Soil,Kharif,Ahmedabad,High,Maize
35,45,32,28.35,68.86,6.56,578.68,Sandy Soil,Kharif,Amreli,Medium,Groundnut
53,34,28,31.63,57.75,5.95,450.59,Sandy Soil,Kharif,Banaskantha,Low,Castor
88,42,37,30.19,62.64,7.48,764.94,Alluvial Soil,Kharif,Vadodara,High,Cotton
44,33,33,30.69,51.78,6.11,481.24,Alluvial Soil,Kharif,Kutch,Low,Castor
29,27,29,27.29,52.1,5.88,389.35,Loamy Soil,Kharif,Rajkot,Low,Sesame
99,45,44,21.26,51.16,6.38,226.64,Loamy Soil,Rabi,Rajkot,Medium,Wheat
62,39,36,16.79,48.55,5.91,209.52,Sandy Soil,Rabi,Banaskantha,Low,Mustard
58,40,38,18.87,52.12,6.34,150.58,Sandy Soil,Rabi,Jamnagar,Low,Mustard
98,55,52,33.62,68.52,6.94,778.99,Alluvial Soil,Kharif,Jamnagar,Medium,Cotton
57,32,27,35.67,44.14,6.85,280.47,Sandy Soil,Kharif,Ahmedabad,Low,Bajra
87,45,51,32.03,64.54,6.29,779.65,Alluvial Soil,Kharif,Jamnagar,Medium,Cotton
37,29,31,31.16,52.17,5.98,327.48,Alluvial Soil,Kharif,Mehsana,Low,Castor
57,30,36,36.58,42.53,6.31,277.47,Sandy Soil,Kharif,Ahmedabad,Low,Bajra
99,62,57,31.39,62.99,6.73,733.44,Alluvial Soil,Kharif,Junagadh,High,Cotton
39,27,22,30.38,45.79,6.37,394.15,Alluvial Soil,Kharif,Amreli,Low,Sesame
47,39,36,30.81,74.41,6.9,658.48,Loamy Soil,Kharif,Rajkot,Medium,Groundnut
108,45,52,34.05,61.26,6.04,867.84,Black Soil,Kharif,Junagadh,High,Cotton
29,52,35,19.95,39.31,6.75,167.95,Clay Soil,Rabi,Junagadh,Low,Gram
42,24,25,32.55,52.18,7.02,437.01,Sandy Soil,Kharif,Junagadh,Low,Sesame
47,25,31,31.24,42.37,6.51,339.93,Sandy Soil,Kharif,Jamnagar,Low,Bajra
39,27,24,30.52,52.93,5.8,408.13,Sandy Soil,Kharif,Bhavnagar,Low,Sesame
34,53,38,22.93,45.46,6.55,137.63,Loamy Soil,Rabi,Vadodara,Low,Gram
38,23,22,27.4,52.23,5.52,413.12,Loamy Soil,Kharif,Amreli,Low,Sesame
57,36,39,23.79,49.72,6.71,173.37,Loamy Soil,Rabi,Banaskantha,Low,Mustard
35,26,17,30.52,52.09,6.22,441.95,Alluvial Soil,Kharif,Junagadh,Low,Sesame
49,39,22,30.19,50.76,6.38,395.25,Sandy Soil,Kharif,Banaskantha,Low,Castor
41,34,24,21.36,31.95,6.14,139.97,Sandy Soil,Rabi,Mehsana,Low,Cumin
56,47,23,19.85,52.45,6.41,155.67,Loamy Soil,Rabi,Ahmedabad,Low,Mustard
80,52,40,19.88,46.28,6.52,215.25,Black Soil,Rabi,Rajkot,Medium,Wheat
37,28,31,23.81,33.28,6.42,105.84,Loamy Soil,Rabi,Mehsana,Low,Cumin
56,41,35,31.36,39.62,6.49,364.65,Loamy Soil,Kharif,Mehsana,Low,Bajra
55,40,33,21.9,52.71,6.66,163.75,Alluvial Soil,Rabi,Kutch,Low,Mustard
34,48,40,29.84,69.14,6.93,616.84,Loamy Soil,Kharif,Junagadh,Medium,Groundnut
31,47,37,22.7,44.27,7.77,195.53,Black Soil,Rabi,Junagadh,Low,Gram
31,40,28,27.03,71.3,6.62,693.28,Black Soil,Kharif,Amreli,Medium,Groundnut
55,44,30,33.11,43.35,7.01,281.39,Loamy Soil,Kharif,Ahmedabad,Low,Bajra
38,38,30,29.7,52.55,6.22,383.63,Loamy Soil,Kharif,Kutch,Low,Sesame
34,17,23,29.99,47.03,6.44,444.63,Loamy Soil,Kharif,Kutch,Low,Sesame
34,26,25,20.48,35.28,6.35,100.16,Loamy Soil,Rabi,Mehsana,Low,Cumin
50,46,29,16.82,49.63,7.04,145.3,Sandy Soil,Rabi,Mehsana,Low,Mustard
58,31,36,33.45,35.1,7.27,236.52,Loamy Soil,Kharif,Mehsana,Low,Bajra
81,45,45,19.89,51.92,6.43,233.49,Loamy Soil,Rabi,Mehsana,Medium,Wheat
40,44,32,27.86,72.21,6.94,680.45,Loamy Soil,Kharif,Junagadh,Medium,Groundnut
52,30,34,33.0,41.18,5.54,289.02,Loamy Soil,Kharif,Kutch,Low,Bajra
54,48,31,27.93,71.45,6.55,648.15,Sandy Soil,Kharif,Amreli,Medium,Groundnut
108,52,47,31.75,69.04,5.88,840.52,Black Soil,Kharif,Rajkot,Medium,Cotton
45,33,32,25.51,33.16,6.95,107.79,Sandy Soil,Rabi,Rajkot,Low,Cumin
77,48,44,29.43,66.4,6.28,992.16,Red Soil,Kharif,Anand,High,Maize
76,48,45,20.67,49.17,6.29,197.65,Loamy Soil,Rabi,Mehsana,Medium,Wheat
65,45,30,17.01,50.51,6.52,175.08,Sandy Soil,Rabi,Banaskantha,Low,Mustard
57,33,28,30.83,60.11,6.14,472.12,Sandy Soil,Kharif,Rajkot,Low,Castor
100,53,43,31.58,67.05,7.1,790.7,Alluvial Soil,Kharif,Jamnagar,High,Cotton
33,61,30,23.44,42.55,6.67,183.44,Clay Soil,Rabi,Ahmedabad,Low,Gram
112,43,44,32.01,65.16,6.27,841.52,Alluvial Soil,Kharif,Junagadh,High,Cotton
37,30,26,23.99,34.19,5.69,148.09,Alluvial Soil,Rabi,Kutch,Low,Cumin
65,33,43,34.13,46.86,6.95,290.04,Sandy Soil,Kharif,Mehsana,Low,Bajra
93,48,40,19.05,51.19,6.14,202.22,Clay Soil,Rabi,Banaskantha,Medium,Wheat
84,49,52,32.29,60.85,6.59,825.69,Black Soil,Kharif,Vadodara,Medium,Cotton
52,31,32,36.95,40.14,5.87,279.57,Sandy Soil,Kharif,Kutch,Low,Bajra
35,28,24,27.31,52.5,5.92,380.83,Alluvial Soil,Kharif,Bhavnagar,Low,Sesame
78,46,39,18.44,48.38,5.29,254.75,Loamy Soil,Rabi,Rajkot,Medium,Wheat
34,51,32,22.2,38.47,6.89,203.3,Loamy Soil,Rabi,Jamnagar,Low,Gram
62,29,28,31.19,54.05,6.71,374.77,Sandy Soil,Kharif,Anand,Low,Castor
44,43,28,28.05,56.35,7.22,503.04,Alluvial Soil,Kharif,Anand,Low,Castor
36,32,26,23.2,31.84,6.17,149.24,Alluvial Soil,Rabi,Banaskantha,Low,Cumin
79,56,42,24.88,68.72,6.56,959.85,Loamy Soil,Kharif,Mehsana,High,Maize
55,30,32,29.24,53.22,7.06,418.74,Loamy Soil,Kharif,Kutch,Low,Castor
94,59,43,26.74,66.26,5.78,781.74,Alluvial Soil,Kharif,Banaskantha,High,Maize
32,32,25,21.66,34.31,7.09,104.75,Sandy Soil,Rabi,Mehsana,Low,Cumin
94,38,46,33.9,68.09,6.98,882.41,Alluvial Soil,Kharif,Rajkot,Medium,Cotton
98,48,40,28.06,65.78,6.96,813.29,Loamy Soil,Kharif,Banaskantha,High,Maize
91,41,41,20.77,49.96,6.89,226.43,Loamy Soil,Rabi,Rajkot,Medium,Wheat
80,54,45,28.73,72.83,6.33,1046.61,Red Soil,Kharif,Mehsana,High,Maize
30,27,23,28.88,49.17,6.88,405.89,Alluvial Soil,Kharif,Rajkot,Low,Sesame
51,35,38,28.94,42.05,6.31,254.39,Sandy Soil,Kharif,Banaskantha,Low,Bajra
67,33,36,19.51,52.23,6.48,118.18,Alluvial Soil,Rabi,Ahmedabad,Low,Mustard
102,50,46,33.02,61.53,7.47,678.59,Alluvial Soil,Kharif,Rajkot,Medium,Cotton
45,43,37,29.52,72.76,6.27,601.36,Loamy Soil,Kharif,Jamnagar,Medium,Groundnut
39,34,27,30.11,46.45,6.52,397.43,Loamy Soil,Kharif,Bhavnagar,Low,Sesame
75,43,30,21.02,49.62,6.43,158.01,Sandy Soil,Rabi,Mehsana,Low,Mustard
42,38,37,30.91,53.62,6.33,545.46,Sandy Soil,Kharif,Kutch,Low,Castor
33,32,21,30.27,50.68,7.01,403.72,Alluvial Soil,Kharif,Bhavnagar,Low,Sesame
60,36,31,32.13,55.74,6.91,450.63,Sandy Soil,Kharif,Mehsana,Low,Castor
61,33,31,32.47,43.0,6.81,227.4,Loamy Soil,Kharif,Jamnagar,Low,Bajra
97,58,52,32.02,61.75,6.82,801.29,Alluvial Soil,Kharif,Jamnagar,High,Cotton
90,51,51,32.21,63.04,6.61,847.64,Black Soil,Kharif,Vadodara,High,Cotton
32,30,27,32.01,46.92,7.15,476.21,Sandy Soil,Kharif,Junagadh,Low,Sesame
57,29,30,34.5,36.26,5.87,225.32,Loamy Soil,Kharif,Ahmedabad,Low,Bajra
34,26,25,33.71,54.92,6.28,410.15,Sandy Soil,Kharif,Junagadh,Low,Sesame
80,46,40,24.48,70.84,6.52,837.77,Alluvial Soil,Kharif,Vadodara,High,Maize
39,40,34,27.95,71.25,7.05,587.49,Loamy Soil,Kharif,Rajkot,Medium,Groundnut
94,45,44,18.97,47.69,6.61,167.03,Loamy Soil,Rabi,Mehsana,Medium,Wheat
94,43,54,31.34,60.77,6.42,804.56,Black Soil,Kharif,Junagadh,High,Cotton
44,50,31,30.65,71.03,6.62,662.26,Black Soil,Kharif,Jamnagar,Medium,Groundnut
38,24,25,27.42,53.48,7.34,403.33,Loamy Soil,Kharif,Junagadh,Low,Sesame
60,38,29,33.74,40.37,7.47,226.79,Sandy Soil,Kharif,Mehsana,Low,Bajra
28,35,27,30.87,52.91,5.64,383.3,Loamy Soil,Kharif,Rajkot,Low,Sesame
40,40,20,29.8,74.3,6.76,619.63,Sandy Soil,Kharif,Rajkot,Medium,Groundnut
75,51,32,27.69,65.3,6.45,820.36,Loamy Soil,Kharif,Anand,High,Maize
79,55,41,24.47,69.27,6.73,916.27,Alluvial Soil,Kharif,Mehsana,High,Maize
58,33,27,32.32,37.14,6.87,204.96,Loamy Soil,Kharif,Kutch,Low,Bajra
92,50,47,25.43,73.59,6.1,982.65,Alluvial Soil,Kharif,Vadodara,High,Maize
35,22,30,22.72,37.52,7.32,132.84,Sandy Soil,Rabi,Banaskantha,Low,Cumin
35,41,30,26.18,70.54,7.47,686.78,Black Soil,Kharif,Bhavnagar,Medium,Groundnut
32,41,35,26.03,75.14,6.23,630.57,Black Soil,Kharif,Junagadh,Medium,Groundnut
35,45,42,26.85,77.6,7.5,645.13,Sandy Soil,Kharif,Amreli,Medium,Groundnut
37,35,16,27.49,50.77,6.37,415.11,Loamy Soil,Kharif,Bhavnagar,Low,Sesame
82,46,45,25.81,69.52,5.84,912.36,Red Soil,Kharif,Mehsana,High,Maize
44,34,31,21.81,31.01,6.38,101.49,Alluvial Soil,Rabi,Jamnagar,Low,Cumin
53,34,29,31.15,53.61,6.69,502.44,Sandy Soil,Kharif,Rajkot,Low,Castor
99,40,46,30.26,67.23,6.68,737.34,Black Soil,Kharif,Rajkot,Medium,Cotton
93,53,43,31.46,62.71,5.78,809.72,Black Soil,Kharif,Vadodara,High,Cotton
49,37,41,32.18,42.4,6.34,255.22,Loamy Soil,Kharif,Banaskantha,Low,Bajra
40,50,34,29.49,65.5,6.35,715.36,Black Soil,Kharif,Bhavnagar,Medium,Groundnut
95,49,46,18.87,46.63,6.51,208.32,Alluvial Soil,Rabi,Mehsana,Medium,Wheat
42,36,35,28.37,53.32,7.89,408.89,Sandy Soil,Kharif,Banaskantha,Low,Castor
29,26,33,30.95,52.09,6.55,338.63,Alluvial Soil,Kharif,Kutch,Low,Sesame
55,36,33,33.38,36.12,6.0,322.0,Loamy Soil,Kharif,Mehsana,Low,Bajra
66,47,21,22.9,52.24,7.68,214.06,Alluvial Soil,Rabi,Mehsana,Low,Mustard
33,32,25,26.78,31.48,6.75,121.56,Alluvial Soil,Rabi,Jamnagar,Low,Cumin
108,47,47,31.36,66.6,6.67,869.17,Black Soil,Kharif,Junagadh,High,Cotton
36,31,31,28.06,57.27,6.48,408.79,Loamy Soil,Kharif,Junagadh,Low,Sesame
30,45,37,27.75,68.74,6.92,734.29,Black Soil,Kharif,Junagadh,Medium,Groundnut
85,51,43,18.46,49.7,6.07,159.26,Alluvial Soil,Rabi,Rajkot,Medium,Wheat
74,46,45,19.18,46.58,7.51,172.57,Loamy Soil,Rabi,Anand,Medium,Wheat
56,27,21,30.33,52.17,6.64,540.1,Alluvial Soil,Kharif,Rajkot,Low,Castor
79,51,45,31.47,64.62,6.63,789.99,Alluvial Soil,Kharif,Jamnagar,High,Cotton
54,32,33,35.25,40.8,6.73,270.46,Loamy Soil,Kharif,Kutch,Low,Bajra
98,53,56,33.31,67.9,6.27,740.72,Black Soil,Kharif,Junagadh,High,Cotton
36,34,29,28.13,60.0,6.72,434.12,Loamy Soil,Kharif,Rajkot,Low,Castor
60,33,32,32.03,42.02,5.76,270.98,Sandy Soil,Kharif,Kutch,Low,Bajra
73,48,48,20.68,47.57,6.06,173.32,Clay Soil,Rabi,Ahmedabad,Medium,Wheat
100,40,49,18.46,45.15,6.77,240.53,Black Soil,Rabi,Ahmedabad,Medium,Wheat
34,54,34,20.16,41.03,6.36,189.69,Black Soil,Rabi,Rajkot,Low,Gram
43,51,34,28.14,70.03,6.76,757.82,Loamy Soil,Kharif,Amreli,Medium,Groundnut
56,44,37,20.03,56.34,6.85,209.6,Alluvial Soil,Rabi,Banaskantha,Low,Mustard
87,45,45,27.9,70.59,6.28,872.88,Loamy Soil,Kharif,Anand,High,Maize
91,48,45,30.21,62.27,6.26,858.29,Black Soil,Kharif,Vadodara,High,Cotton
81,48,51,20.53,48.89,6.44,225.83,Alluvial Soil,Rabi,Anand,Medium,Wheat
33,24,21,32.58,43.71,6.2,392.81,Loamy Soil,Kharif,Bhavnagar,Low,Sesame
40,30,31,28.6,73.39,6.95,630.63,Sandy Soil,Kharif,Amreli,Medium,Groundnut
33,20,27,30.92,46.12,6.59,454.88,Sandy Soil,Kharif,Bhavnagar,Low,Sesame
38,33,33,22.38,31.5,6.17,97.88,Alluvial Soil,Rabi,Kutch,Low,Cumin
42,45,32,27.05,71.14,6.71,580.73,Black Soil,Kharif,Jamnagar,Medium,Groundnut
90,46,45,17.96,47.56,5.83,195.86,Clay Soil,Rabi,Rajkot,Medium,Wheat
41,35,25,27.33,54.01,6.73,441.03,Alluvial Soil,Kharif,Bhavnagar,Low,Sesame
53,34,24,31.73,59.2,5.68,406.15,Sandy Soil,Kharif,Rajkot,Low,Castor
34,26,29,29.31,53.26,6.39,360.61,Sandy Soil,Kharif,Junagadh,Low,Sesame
86,48,51,18.92,50.3,7.61,202.21,Loamy Soil,Rabi,Banaskantha,Medium,Wheat
50,36,29,36.0,45.21,6.35,313.34,Sandy Soil,Kharif,Mehsana,Low,Bajra
96,45,38,18.72,49.7,6.28,125.99,Clay Soil,Rabi,Mehsana,Medium,Wheat
33,48,31,29.22,75.53,6.18,689.66,Sandy Soil,Kharif,Junagadh,Medium,Groundnut
43,29,29,32.23,55.72,5.82,416.47,Loamy Soil,Kharif,Kutch,Low,Castor
40,48,35,20.37,43.22,5.47,167.69,Loamy Soil,Rabi,Rajkot,Low,Gram
35,31,35,25.01,35.11,6.6,148.27,Sandy Soil,Rabi,Mehsana,Low,Cumin
35,44,33,26.68,71.47,6.56,652.33,Black Soil,Kharif,Amreli,Medium,Groundnut
32,43,33,27.42,78.6,6.08,708.97,Black Soil,Kharif,Jamnagar,Medium,Groundnut
84,50,38,27.62,71.96,6.21,838.53,Red Soil,Kharif,Banaskantha,High,Maize
117,52,48,32.92,60.77,7.35,813.49,Alluvial Soil,Kharif,Bhavnagar,High,Cotton
59,34,31,34.18,39.98,6.02,195.8,Loamy Soil,Kharif,Banaskantha,Low,Bajra
55,42,33,35.23,37.4,6.52,280.84,Sandy Soil,Kharif,Kutch,Low,Bajra
52,33,35,33.71,38.55,6.25,192.24,Loamy Soil,Kharif,Banaskantha,Low,Bajra
95,53,38,27.73,68.7,6.16,800.95,Loamy Soil,Kharif,Vadodara,High,Maize
33,52,32,22.31,45.27,7.16,164.1,Clay Soil,Rabi,Junagadh,Low,Gram
35,44,40,17.05,39.59,5.66,202.49,Clay Soil,Rabi,Vadodara,Low,Gram
51,23,34,34.25,33.63,6.15,199.71,Loamy Soil,Kharif,Mehsana,Low,Bajra
57,42,33,18.03,57.45,6.23,183.94,Sandy Soil,Rabi,Mehsana,Low,Mustard
99,38,47,18.52,48.06,6.53,191.61,Black Soil,Rabi,Rajkot,Medium,Wheat
31,35,30,23.77,31.32,6.31,129.93,Loamy Soil,Rabi,Jamnagar,Low,Cumin
87,51,53,29.08,70.11,7.06,769.35,Black Soil,Kharif,Surat,Medium,Cotton
75,47,37,19.73,46.38,7.11,186.91,Clay Soil,Rabi,Rajkot,Medium,Wheat
29,62,40,20.63,40.33,6.67,192.61,Loamy Soil,Rabi,Junagadh,Low,Gram
49,40,36,35.16,41.63,6.95,228.3,Sandy Soil,Kharif,Jamnagar,Low,Bajra
52,39,32,28.27,52.7,6.95,457.4,Alluvial Soil,Kharif,Anand,Low,Castor
88,51,47,32.8,67.23,6.13,805.47,Alluvial Soil,Kharif,Rajkot,High,Cotton
65,31,32,20.36,52.13,6.3,188.55,Alluvial Soil,Rabi,Mehsana,Low,Mustard
38,29,23,26.28,47.11,5.9,359.54,Alluvial Soil,Kharif,Junagadh,Low,Sesame
104,47,39,18.6,48.43,6.05,175.82,Loamy Soil,Rabi,Mehsana,Medium,Wheat
30,46,29,29.43,73.06,6.8,720.53,Loamy Soil,Kharif,Bhavnagar,Medium,Groundnut
39,27,29,28.71,45.33,6.86,439.01,Loamy Soil,Kharif,Amreli,Low,Sesame
42,35,31,30.17,53.81,7.13,476.44,Loamy Soil,Kharif,Rajkot,Low,Castor
36,26,22,29.93,44.04,6.04,367.51,Alluvial Soil,Kharif,Junagadh,Low,Sesame
31,38,38,20.63,47.46,6.87,198.75,Black Soil,Rabi,Jamnagar,Low,Gram
41,26,27,28.89,47.85,5.99,448.17,Alluvial Soil,Kharif,Rajkot,Low,Sesame
39,49,35,28.16,69.78,5.78,655.33,Loamy Soil,Kharif,Amreli,Medium,Groundnut
83,50,39,29.07,63.84,6.39,955.75,Loamy Soil,Kharif,Banaskantha,High,Maize
100,45,57,34.53,65.52,7.01,811.69,Black Soil,Kharif,Amreli,High,Cotton
29,32,24,23.35,31.29,6.02,159.64,Sandy Soil,Rabi,Jamnagar,Low,Cumin
112,46,45,19.0,45.16,7.19,262.45,Alluvial Soil,Rabi,Banaskantha,Medium,Wheat
28,31,23,25.42,30.1,5.83,75.25,Sandy Soil,Rabi,Banaskantha,Low,Cumin
51,30,36,31.91,40.98,6.65,239.51,Loamy Soil,Kharif,Jamnagar,Low,Bajra
42,31,30,24.38,37.14,5.81,122.02,Alluvial Soil,Rabi,Jamnagar,Low,Cumin
92,41,42,19.89,46.68,7.66,197.51,Black Soil,Rabi,Anand,Medium,Wheat
90,53,42,31.46,61.68,6.83,857.23,Black Soil,Kharif,Vadodara,Medium,Cotton
84,55,52,31.2,68.89,5.67,700.35,Black Soil,Kharif,Jamnagar,High,Cotton
37,31,23,23.15,36.53,6.76,124.62,Sandy Soil,Rabi,Mehsana,Low,Cumin
47,18,28,31.76,46.95,6.26,458.72,Loamy Soil,Kharif,Kutch,Low,Sesame
54,41,28,32.11,41.43,6.32,285.9,Sandy Soil,Kharif,Jamnagar,Low,Bajra
106,40,46,20.77,47.31,6.41,152.37,Black Soil,Rabi,Anand,Medium,Wheat
71,51,37,24.75,70.68,6.73,902.66,Red Soil,Kharif,Ahmedabad,High,Maize
39,36,30,27.65,71.26,6.53,672.07,Black Soil,Kharif,Jamnagar,Medium,Groundnut
62,27,36,34.78,39.68,6.45,264.47,Sandy Soil,Kharif,Kutch,Low,Bajra
36,42,34,23.23,44.77,6.81,165.92,Black Soil,Rabi,Vadodara,Low,Gram
87,54,52,31.44,56.32,6.6,829.12,Alluvial Soil,Kharif,Rajkot,High,Cotton
86,48,52,20.7,49.8,6.96,218.38,Loamy Soil,Rabi,Anand,Medium,Wheat
82,54,41,34.28,66.75,6.3,750.32,Alluvial Soil,Kharif,Vadodara,High,Cotton
39,46,39,23.95,42.86,6.77,162.46,Black Soil,Rabi,Junagadh,Low,Gram
24,24,27,30.18,51.71,5.54,371.97,Loamy Soil,Kharif,Rajkot,Low,Sesame
32,49,33,29.75,72.46,6.07,639.32,Black Soil,Kharif,Jamnagar,Medium,Groundnut
91,37,38,21.12,46.73,6.79,163.6,Clay Soil,Rabi,Mehsana,Medium,Wheat
35,24,22,30.51,49.06,7.49,459.41,Sandy Soil,Kharif,Rajkot,Low,Sesame
30,20,22,32.34,50.11,7.33,376.09,Loamy Soil,Kharif,Amreli,Low,Sesame
91,49,49,21.43,49.6,6.62,185.55,Alluvial Soil,Rabi,Rajkot,Medium,Wheat
65,45,34,19.09,51.64,7.0,176.1,Alluvial Soil,Rabi,Mehsana,Low,Mustard
31,28,31,19.87,38.66,6.27,121.17,Sandy Soil,Rabi,Banaskantha,Low,Cumin
41,42,34,27.27,71.24,5.74,696.31,Loamy Soil,Kharif,Jamnagar,Medium,Groundnut
75,52,49,22.54,68.22,5.88,904.79,Alluvial Soil,Kharif,Mehsana,High,Maize
51,39,35,31.41,45.04,7.15,221.51,Sandy Soil,Kharif,Banaskantha,Low,Bajra
40,40,30,26.12,72.69,7.03,595.14,Black Soil,Kharif,Bhavnagar,Medium,Groundnut
76,48,41,29.36,69.2,7.13,861.95,Red Soil,Kharif,Vadodara,High,Maize
60,46,36,15.11,57.37,5.55,192.15,Sandy Soil,Rabi,Banaskantha,Low,Mustard
31,19,34,27.96,52.53,6.86,369.8,Alluvial Soil,Kharif,Bhavnagar,Low,Sesame
33,34,21,25.12,31.28,5.82,141.39,Alluvial Soil,Rabi,Kutch,Low,Cumin
51,39,31,19.0,51.23,6.48,182.07,Alluvial Soil,Rabi,Ahmedabad,Low,Mustard
37,24,20,32.61,50.69,6.34,393.59,Sandy Soil,Kharif,Rajkot,Low,Sesame
53,35,39,16.19,53.9,6.34,180.85,Sandy Soil,Rabi,Mehsana,Low,Mustard
33,31,19,31.39,47.56,6.98,401.19,Loamy Soil,Kharif,Bhavnagar,Low,Sesame
57,38,30,30.99,52.47,6.13,472.6,Alluvial Soil,Kharif,Rajkot,Low,Castor
47,38,27,34.55,39.34,6.55,258.51,Loamy Soil,Kharif,Kutch,Low,Bajra
30,20,25,30.73,50.39,6.64,425.32,Alluvial Soil,Kharif,Junagadh,Low,Sesame
96,41,42,21.69,50.4,6.6,125.45,Loamy Soil,Rabi,Mehsana,Medium,Wheat
34,26,26,30.55,46.46,6.45,442.33,Sandy Soil,Kharif,Bhavnagar,Low,Sesame
44,48,39,26.95,74.23,6.36,709.52,Loamy Soil,Kharif,Junagadh,Medium,Groundnut
41,46,37,27.11,70.36,5.91,659.15,Sandy Soil,Kharif,Bhavnagar,Medium,Groundnut
74,38,43,22.24,45.37,6.4,182.12,Clay Soil,Rabi,Banaskantha,Medium,Wheat
35,47,37,26.01,72.08,6.64,644.9,Black Soil,Kharif,Junagadh,Medium,Groundnut
58,30,22,29.04,52.55,6.09,522.25,Alluvial Soil,Kharif,Rajkot,Low,Castor
55,39,43,19.56,55.6,6.24,172.44,Loamy Soil,Rabi,Mehsana,Low,Mustard
31,48,36,21.84,45.79,6.17,121.8,Loamy Soil,Rabi,Rajkot,Low,Gram
51,36,35,16.19,49.62,6.0,167.24,Alluvial Soil,Rabi,Banaskantha,Low,Mustard
93,48,43,31.48,62.88,6.6,824.02,Alluvial Soil,Kharif,Surat,High,Cotton
34,22,24,31.38,47.48,6.63,437.3,Loamy Soil,Kharif,Amreli,Low,Sesame
35,54,42,22.12,45.43,6.27,216.71,Loamy Soil,Rabi,Rajkot,Low,Gram
66,35,27,18.49,52.31,6.93,123.7,Sandy Soil,Rabi,Ahmedabad,Low,Mustard
35,48,34,21.41,39.13,5.75,208.99,Loamy Soil,Rabi,Vadodara,Low,Gram
90,47,39,29.84,66.19,6.32,920.4,Alluvial Soil,Kharif,Ahmedabad,High,Maize
23,20,21,29.01,49.98,6.24,398.42,Loamy Soil,Kharif,Rajkot,Low,Sesame
100,42,49,26.52,71.9,6.34,853.16,Red Soil,Kharif,Ahmedabad,High,Maize
44,50,31,19.42,48.0,6.83,171.79,Clay Soil,Rabi,Vadodara,Low,Gram
39,40,37,25.49,71.68,6.48,650.8,Sandy Soil,Kharif,Jamnagar,Medium,Groundnut
105,59,55,31.52,60.58,6.29,817.35,Black Soil,Kharif,Jamnagar,High,Cotton
38,35,26,28.29,48.49,7.43,415.13,Sandy Soil,Kharif,Kutch,Low,Sesame
43,37,27,30.08,60.8,5.66,565.89,Loamy Soil,Kharif,Banaskantha,Low,Castor
33,32,26,27.17,44.06,6.26,418.4,Sandy Soil,Kharif,Junagadh,Low,Sesame
37,49,37,23.09,39.76,7.68,176.69,Clay Soil,Rabi,Ahmedabad,Low,Gram
23,44,43,22.65,35.75,6.53,220.07,Black Soil,Rabi,Jamnagar,Low,Gram
97,41,44,30.61,62.97,6.43,863.85,Alluvial Soil,Kharif,Junagadh,Medium,Cotton
80,46,42,26.62,68.69,5.85,792.13,Alluvial Soil,Kharif,Vadodara,High,Maize
82,40,48,17.88,46.7,7.01,188.24,Loamy Soil,Rabi,Mehsana,Medium,Wheat
80,56,38,27.01,75.12,6.16,970.27,Red Soil,Kharif,Ahmedabad,High,Maize
93,57,42,31.85,66.68,6.93,719.98,Alluvial Soil,Kharif,Jamnagar,High,Cotton
91,53,47,30.48,66.19,6.78,872.2,Alluvial Soil,Kharif,Junagadh,High,Cotton
31,55,25,23.61,44.23,5.51,177.59,Black Soil,Rabi,Rajkot,Low,Gram
26,56,38,20.71,44.66,5.87,162.57,Clay Soil,Rabi,Ahmedabad,Low,Gram
79,34,45,20.69,47.23,6.23,215.48,Black Soil,Rabi,Ahmedabad,Medium,Wheat
30,49,30,22.73,43.7,7.06,181.51,Black Soil,Rabi,Rajkot,Low,Gram
69,33,24,27.16,58.2,6.86,527.59,Loamy Soil,Kharif,Kutch,Low,Castor
118,55,45,30.1,66.31,6.91,757.89,Alluvial Soil,Kharif,Junagadh,High,Cotton
65,45,35,19.13,51.67,6.49,199.45,Sandy Soil,Rabi,Jamnagar,Low,Mustard
89,53,45,25.41,67.41,6.15,1028.58,Alluvial Soil,Kharif,Anand,High,Maize
35,33,25,27.86,42.96,6.84,378.09,Sandy Soil,Kharif,Bhavnagar,Low,Sesame
90,43,41,27.99,71.61,6.99,893.51,Alluvial Soil,Kharif,Banaskantha,High,Maize
49,29,29,35.24,35.43,6.64,234.97,Sandy Soil,Kharif,Jamnagar,Low,Bajra
32,54,31,23.6,39.94,6.36,199.46,Clay Soil,Rabi,Vadodara,Low,Gram
48,36,25,27.03,51.91,5.98,369.79,Alluvial Soil,Kharif,Kutch,Low,Castor
74,44,41,27.59,67.03,6.65,909.12,Red Soil,Kharif,Banaskantha,High,Maize
39,27,21,28.97,51.97,6.35,423.66,Alluvial Soil,Kharif,Amreli,Low,Sesame
28,27,25,26.15,33.29,6.31,121.24,Alluvial Soil,Rabi,Jamnagar,Low,Cumin
48,41,31,28.62,71.41,6.73,677.77,Black Soil,Kharif,Junagadh,Medium,Groundnut
39,41,32,31.23,56.84,7.12,437.9,Alluvial Soil,Kharif,Banaskantha,Low,Castor
92,38,52,32.98,64.06,6.53,834.4,Black Soil,Kharif,Vadodara,High,Cotton
46,53,36,23.78,42.99,6.72,183.68,Loamy Soil,Rabi,Ahmedabad,Low,Gram
73,40,31,18.35,53.51,6.67,148.64,Alluvial Soil,Rabi,Ahmedabad,Low,Mustard
29,46,34,29.55,72.95,5.83,602.03,Black Soil,Kharif,Junagadh,Medium,Groundnut
43,41,24,30.73,50.57,6.41,512.42,Loamy Soil,Kharif,Mehsana,Low,Castor
75,59,44,30.2,72.88,5.84,943.03,Red Soil,Kharif,Banaskantha,High,Maize
62,37,36,16.86,58.7,7.18,192.1,Sandy Soil,Rabi,Ahmedabad,Low,Mustard
52,46,37,35.46,41.07,6.49,237.22,Loamy Soil,Kharif,Kutch,Low,Bajra
104,49,40,19.22,47.59,6.55,230.54,Loamy Soil,Rabi,Anand,Medium,Wheat
63,49,32,17.37,53.26,7.32,146.91,Alluvial Soil,Rabi,Mehsana,Low,Mustard
67,40,26,29.79,40.1,5.94,315.06,Sandy Soil,Kharif,Ahmedabad,Low,Bajra
51,39,40,19.17,49.57,6.3,198.9,Sandy Soil,Rabi,Kutch,Low,Mustard
56,37,35,34.22,41.85,6.77,193.39,Loamy Soil,Kharif,Kutch,Low,Bajra
32,49,30,28.8,76.0,5.9,621.7,Loamy Soil,Kharif,Junagadh,Medium,Groundnut
70,51,37,33.61,67.59,6.73,901.4,Alluvial Soil,Kharif,Surat,High,Cotton
30,45,40,21.48,44.41,6.69,180.01,Clay Soil,Rabi,Ahmedabad,Low,Gram
45,47,40,28.06,73.94,5.77,608.75,Black Soil,Kharif,Amreli,Medium,Groundnut
39,49,37,28.55,70.09,5.53,562.16,Black Soil,Kharif,Bhavnagar,Medium,Groundnut
81,43,51,19.09,51.93,7.22,180.69,Alluvial Soil,Rabi,Banaskantha,Medium,Wheat
122,56,50,29.6,63.19,6.11,758.61,Black Soil,Kharif,Bhavnagar,Medium,Cotton
105,53,55,32.17,63.57,6.56,836.22,Alluvial Soil,Kharif,Bhavnagar,Medium,Cotton
89,54,46,26.73,68.62,6.19,851.83,Alluvial Soil,Kharif,Vadodara,High,Maize
59,35,32,19.16,53.72,6.09,146.86,Loamy Soil,Rabi,Banaskantha,Low,Mustard
93,53,42,26.57,64.09,7.15,870.19,Loamy Soil,Kharif,Banaskantha,High,Maize
44,44,33,21.49,44.79,7.06,177.69,Black Soil,Rabi,Vadodara,Low,Gram
51,47,36,32.95,44.04,6.87,301.4,Sandy Soil,Kharif,Kutch,Low,Bajra
42,54,33,22.68,40.23,6.61,131.07,Loamy Soil,Rabi,Vadodara,Low,Gram
34,56,29,29.37,74.61,6.66,616.47,Sandy Soil,Kharif,Bhavnagar,Medium,Groundnut
42,51,31,27.46,73.83,5.61,638.16,Sandy Soil,Kharif,Bhavnagar,Medium,Groundnut
74,51,53,30.81,63.71,6.41,606.7,Black Soil,Kharif,Vadodara,High,Cotton
33,28,27,30.84,52.88,6.24,360.54,Alluvial Soil,Kharif,Rajkot,Low,Sesame
56,32,34,38.32,37.85,6.96,282.94,Loamy Soil,Kharif,Banaskantha,Low,Bajra
113,53,55,30.19,63.52,6.36,792.36,Alluvial Soil,Kharif,Rajkot,Medium,Cotton
43,35,24,27.61,51.0,7.09,442.88,Loamy Soil,Kharif,Mehsana,Low,Castor
45,28,26,31.88,50.26,6.29,404.41,Loamy Soil,Kharif,Amreli,Low,Sesame
32,22,21,27.14,48.72,6.21,433.73,Alluvial Soil,Kharif,Bhavnagar,Low,Sesame
36,52,33,27.25,71.87,7.32,638.24,Sandy Soil,Kharif,Bhavnagar,Medium,Groundnut
103,36,52,19.12,44.63,6.38,175.91,Loamy Soil,Rabi,Rajkot,Medium,Wheat
46,35,28,30.63,51.26,7.16,404.36,Sandy Soil,Kharif,Kutch,Low,Sesame
92,47,37,27.6,68.41,6.89,900.5,Loamy Soil,Kharif,Mehsana,High,Maize
55,38,32,20.2,46.91,6.11,187.54,Sandy Soil,Rabi,Banaskantha,Low,Mustard
39,35,21,21.38,33.4,5.44,114.81,Loamy Soil,Rabi,Banaskantha,Low,Cumin
33,25,29,32.32,53.82,6.93,370.53,Sandy Soil,Kharif,Amreli,Low,Sesame
69,44,30,19.49,58.12,6.75,141.72,Loamy Soil,Rabi,Banaskantha,Low,Mustard
45,52,35,23.04,40.1,6.6,167.28,Black Soil,Rabi,Ahmedabad,Low,Gram
91,40,46,25.84,71.2,5.54,820.09,Alluvial Soil,Kharif,Vadodara,High,Maize
79,42,48,17.8,43.57,6.53,143.45,Black Soil,Rabi,Anand,Medium,Wheat
60,33,34,35.89,40.82,6.74,279.39,Loamy Soil,Kharif,Banaskantha,Low,Bajra
34,27,26,23.03,36.98,5.31,123.41,Loamy Soil,Rabi,Jamnagar,Low,Cumin
39,45,40,22.9,41.12,6.33,202.89,Loamy Soil,Rabi,Vadodara,Low,Gram
32,61,27,21.74,43.18,6.58,160.98,Black Soil,Rabi,Vadodara,Low,Gram
33,29,19,26.99,50.38,5.63,336.45,Alluvial Soil,Kharif,Junagadh,Low,Sesame
67,46,32,19.6,53.08,6.7,143.11,Loamy Soil,Rabi,Mehsana,Low,Mustard
90,33,48,18.67,42.11,6.09,181.0,Black Soil,Rabi,Anand,Medium,Wheat
71,38,33,17.65,53.39,6.15,133.02,Sandy Soil,Rabi,Banaskantha,Low,Mustard
85,45,50,28.38,71.84,7.0,916.31,Red Soil,Kharif,Banaskantha,High,Maize
52,35,28,31.98,38.8,6.3,233.11,Sandy Soil,Kharif,Jamnagar,Low,Bajra
39,42,27,31.53,57.62,6.5,600.0,Alluvial Soil,Kharif,Kutch,Low,Castor
80,50,41,24.51,66.66,6.85,874.62,Alluvial Soil,Kharif,Mehsana,High,Maize
113,44,50,31.02,60.28,6.61,867.3,Alluvial Soil,Kharif,Amreli,Medium,Cotton
59,30,41,31.85,43.33,7.26,279.57,Sandy Soil,Kharif,Banaskantha,Low,Bajra
65,50,32,15.93,52.05,6.73,152.48,Loamy Soil,Rabi,Jamnagar,Low,Mustard
35,39,27,28.58,71.94,5.66,673.9,Loamy Soil,Kharif,Bhavnagar,Medium,Groundnut
99,49,38,32.46,73.37,5.58,797.85,Alluvial Soil,Kharif,Rajkot,High,Cotton
35,44,30,29.61,71.31,6.1,747.13,Loamy Soil,Kharif,Rajkot,Medium,Groundnut
104,45,55,31.19,68.03,7.29,830.45,Black Soil,Kharif,Bhavnagar,High,Cotton
55,35,20,31.81,55.19,6.35,472.42,Sandy Soil,Kharif,Anand,Low,Castor
52,34,41,35.5,36.89,6.51,288.85,Loamy Soil,Kharif,Banaskantha,Low,Bajra
39,45,32,17.43,43.56,6.21,165.84,Loamy Soil,Rabi,Jamnagar,Low,Gram
103,60,45,27.94,73.61,6.21,862.01,Alluvial Soil,Kharif,Mehsana,High,Maize
94,52,50,18.24,49.08,6.17,216.81,Clay Soil,Rabi,Mehsana,Medium,Wheat
66,41,23,20.66,49.16,6.49,152.49,Sandy Soil,Rabi,Mehsana,Low,Mustard
25,40,27,23.29,36.49,6.58,111.27,Alluvial Soil,Rabi,Mehsana,Low,Cumin
99,55,44,33.63,62.08,7.36,683.49,Black Soil,Kharif,Bhavnagar,Medium,Cotton
54,29,31,16.15,54.7,5.91,180.42,Loamy Soil,Rabi,Jamnagar,Low,Mustard
39,25,28,28.92,52.09,6.76,382.77,Sandy Soil,Kharif,Amreli,Low,Sesame
48,54,33,25.9,71.73,6.69,653.74,Black Soil,Kharif,Rajkot,Medium,Groundnut
53,43,31,15.87,50.69,6.09,129.23,Sandy Soil,Rabi,Kutch,Low,Mustard
29,56,26,27.57,72.42,7.46,583.76,Sandy Soil,Kharif,Rajkot,Medium,Groundnut
32,28,22,29.78,49.85,5.81,404.4,Loamy Soil,Kharif,Junagadh,Low,Sesame
105,51,55,31.35,68.18,6.48,759.44,Black Soil,Kharif,Jamnagar,High,Cotton
74,51,47,27.5,71.06,6.48,949.27,Alluvial Soil,Kharif,Vadodara,High,Maize
38,48,39,24.53,40.11,6.92,209.7,Loamy Soil,Rabi,Jamnagar,Low,Gram
45,45,30,29.33,73.82,6.12,652.45,Sandy Soil,Kharif,Rajkot,Medium,Groundnut
26,46,30,28.42,73.96,7.14,574.64,Sandy Soil,Kharif,Junagadh,Medium,Groundnut
63,43,45,18.93,53.26,6.03,147.02,Sandy Soil,Rabi,Kutch,Low,Mustard
42,34,24,29.09,71.13,6.01,713.54,Black Soil,Kharif,Jamnagar,Medium,Groundnut
101,50,40,25.71,74.35,7.14,996.62,Red Soil,Kharif,Vadodara,High,Maize
64,44,28,16.59,53.22,7.47,190.05,Sandy Soil,Rabi,Jamnagar,Low,Mustard
115,56,42,31.93,64.47,6.67,896.73,Alluvial Soil,Kharif,Vadodara,Medium,Cotton
30,54,41,21.1,39.32,6.01,177.3,Clay Soil,Rabi,Ahmedabad,Low,Gram
108,46,55,32.42,67.29,7.23,725.89,Black Soil,Kharif,Surat,High,Cotton
29,26,31,31.15,51.27,5.66,379.24,Alluvial Soil,Kharif,Bhavnagar,Low,Sesame
45,38,30,24.74,32.68,7.36,95.41,Alluvial Soil,Rabi,Mehsana,Low,Cumin
53,35,32,36.5,36.81,5.83,300.1,Loamy Soil,Kharif,Jamnagar,Low,Bajra
34,26,31,22.77,36.85,7.28,83.3,Sandy Soil,Rabi,Rajkot,Low,Cumin
35,46,35,30.02,72.12,6.23,658.65,Black Soil,Kharif,Amreli,Medium,Groundnut
50,35,34,20.49,54.52,6.11,149.95,Loamy Soil,Rabi,Mehsana,Low,Mustard
50,47,31,32.24,46.74,6.94,305.2,Sandy Soil,Kharif,Banaskantha,Low,Bajra
100,63,53,34.19,66.3,7.08,751.74,Alluvial Soil,Kharif,Amreli,High,Cotton
37,44,36,21.09,43.4,6.32,119.81,Clay Soil,Rabi,Jamnagar,Low,Gram
31,34,23,24.3,35.05,6.62,152.48,Sandy Soil,Rabi,Jamnagar,Low,Cumin
89,49,43,19.92,45.21,7.02,209.69,Alluvial Soil,Rabi,Anand,Medium,Wheat
37,26,27,30.03,42.86,5.33,376.32,Alluvial Soil,Kharif,Kutch,Low,Sesame
35,46,41,24.02,41.86,6.14,164.1,Loamy Soil,Rabi,Jamnagar,Low,Gram
77,61,39,31.64,63.57,6.79,693.46,Alluvial Soil,Kharif,Vadodara,Medium,Cotton
97,47,64,30.57,63.57,6.71,840.01,Alluvial Soil,Kharif,Rajkot,High,Cotton
79,56,47,29.95,70.58,6.11,1038.45,Alluvial Soil,Kharif,Vadodara,High,Maize
112,48,55,32.28,64.47,7.75,729.62,Alluvial Soil,Kharif,Amreli,High,Cotton
91,46,38,19.62,50.81,5.6,227.55,Clay Soil,Rabi,Rajkot,Medium,Wheat
32,32,27,26.76,52.79,6.53,398.9,Loamy Soil,Kharif,Kutch,Low,Sesame
99,50,42,19.97,44.23,6.99,173.89,Clay Soil,Rabi,Ahmedabad,Medium,Wheat
49,32,31,29.01,56.41,7.09,433.04,Sandy Soil,Kharif,Banaskantha,Low,Castor
53,36,32,30.64,54.18,6.42,584.66,Sandy Soil,Kharif,Rajkot,Low,Castor
79,36,46,18.71,45.05,5.87,205.37,Clay Soil,Rabi,Rajkot,Medium,Wheat
69,34,35,20.29,50.24,7.34,153.94,Sandy Soil,Rabi,Jamnagar,Low,Mustard
28,46,27,21.13,40.73,6.11,205.96,Clay Soil,Rabi,Ahmedabad,Low,Gram
88,47,50,30.74,66.54,5.82,856.54,Alluvial Soil,Kharif,Junagadh,High,Cotton
29,46,39,23.32,38.95,7.2,153.48,Clay Soil,Rabi,Rajkot,Low,Gram
37,37,37,27.92,72.02,6.95,671.12,Sandy Soil,Kharif,Rajkot,Medium,Groundnut
29,46,31,30.24,74.82,6.18,668.64,Sandy Soil,Kharif,Rajkot,Medium,Groundnut
75,38,44,33.46,59.78,5.0,838.08,Black Soil,Kharif,Vadodara,Medium,Cotton
93,43,40,26.13,71.18,6.89,801.32,Red Soil,Kharif,Ahmedabad,High,Maize
53,35,24,31.21,44.29,5.97,327.42,Loamy Soil,Kharif,Ahmedabad,Low,Bajra
47,44,33,27.67,73.92,6.16,699.69,Loamy Soil,Kharif,Junagadh,Medium,Groundnut
53,36,25,29.54,53.13,5.84,376.86,Alluvial Soil,Kharif,Banaskantha,Low,Castor
40,40,30,27.71,71.92,7.43,668.91,Sandy Soil,Kharif,Jamnagar,Medium,Groundnut
36,38,32,26.91,69.86,6.14,774.27,Black Soil,Kharif,Amreli,Medium,Groundnut
86,47,37,24.79,66.08,6.4,908.07,Loamy Soil,Kharif,Vadodara,High,Maize
54,35,16,31.38,64.98,6.41,409.47,Alluvial Soil,Kharif,Banaskantha,Low,Castor
27,26,23,30.6,52.38,6.55,426.73,Loamy Soil,Kharif,Rajkot,Low,Sesame
91,60,51,31.41,63.4,6.65,830.88,Alluvial Soil,Kharif,Surat,High,Cotton
37,43,32,26.48,70.58,5.61,603.85,Sandy Soil,Kharif,Jamnagar,Medium,Groundnut
84,48,39,25.09,69.64,6.28,823.91,Alluvial Soil,Kharif,Banaskantha,High,Maize
30,27,30,22.19,34.07,5.6,87.5,Loamy Soil,Rabi,Kutch,Low,Cumin
32,31,27,25.36,37.01,5.77,118.46,Sandy Soil,Rabi,Kutch,Low,Cumin
51,36,27,30.56,47.13,6.55,282.26,Sandy Soil,Kharif,Mehsana,Low,Bajra
39,26,27,29.09,57.97,6.81,383.85,Loamy Soil,Kharif,Junagadh,Low,Sesame
51,33,33,27.54,56.42,6.38,526.46,Loamy Soil,Kharif,Rajkot,Low,Castor
50,50,34,30.54,70.06,7.44,601.74,Loamy Soil,Kharif,Amreli,Medium,Groundnut
78,50,43,27.34,76.05,6.54,915.82,Red Soil,Kharif,Vadodara,High,Maize
60,43,35,18.58,52.67,7.25,139.57,Sandy Soil,Rabi,Jamnagar,Low,Mustard
86,40,39,17.9,49.15,6.13,165.57,Alluvial Soil,Rabi,Banaskantha,Medium,Wheat
36,49,40,19.8,44.16,7.16,141.27,Black Soil,Rabi,Vadodara,Low,Gram
40,29,27,27.86,52.45,6.38,375.76,Alluvial Soil,Kharif,Kutch,Low,Sesame
56,46,36,19.08,51.53,6.27,180.41,Alluvial Soil,Rabi,Banaskantha,Low,Mustard
63,31,31,35.03,40.34,6.69,240.9,Sandy Soil,Kharif,Mehsana,Low,Bajra
43,43,23,30.64,60.2,5.9,479.75,Loamy Soil,Kharif,Banaskantha,Low,Castor
53,29,27,30.82,42.56,7.1,184.92,Loamy Soil,Kharif,Mehsana,Low,Bajra
56,34,33,37.02,42.41,6.26,216.52,Loamy Soil,Kharif,Kutch,Low,Bajra
37,33,33,25.14,35.86,5.3,129.55,Alluvial Soil,Rabi,Banaskantha,Low,Cumin
53,38,35,29.01,52.71,5.57,483.08,Loamy Soil,Kharif,Banaskantha,Low,Castor
93,53,45,26.89,68.64,6.64,954.76,Loamy Soil,Kharif,Mehsana,High,Maize
33,42,28,26.9,69.28,6.05,720.97,Loamy Soil,Kharif,Amreli,Medium,Groundnut
59,39,34,16.85,51.87,6.77,121.21,Alluvial Soil,Rabi,Mehsana,Low,Mustard
65,53,32,18.7,53.49,7.25,161.74,Alluvial Soil,Rabi,Kutch,Low,Mustard
34,29,21,20.88,37.23,6.22,83.04,Sandy Soil,Rabi,Mehsana,Low,Cumin
93,52,43,20.23,49.48,7.67,204.83,Loamy Soil,Rabi,Banaskantha,Medium,Wheat
57,36,40,33.24,39.39,6.62,315.18,Sandy Soil,Kharif,Mehsana,Low,Bajra
66,39,34,18.68,52.04,7.33,178.16,Loamy Soil,Rabi,Jamnagar,Low,Mustard
33,29,23,28.88,52.67,6.5,410.24,Sandy Soil,Kharif,Amreli,Low,Sesame
44,44,29,26.77,76.46,6.98,747.18,Loamy Soil,Kharif,Bhavnagar,Medium,Groundnut
53,34,27,25.07,52.62,6.97,498.49,Alluvial Soil,Kharif,Anand,Low,Castor
99,47,35,19.92,45.57,7.05,151.82,Alluvial Soil,Rabi,Anand,Medium,Wheat
35,41,31,26.02,72.72,7.12,656.77,Loamy Soil,Kharif,Bhavnagar,Medium,Groundnut
41,22,19,28.89,47.99,6.31,342.64,Alluvial Soil,Kharif,Kutch,Low,Sesame
107,49,52,30.36,69.84,6.51,760.24,Alluvial Soil,Kharif,Surat,High,Cotton
101,44,43,32.43,59.69,6.72,798.69,Alluvial Soil,Kharif,Amreli,High,Cotton
54,27,27,34.27,39.57,6.6,273.12,Sandy Soil,Kharif,Ahmedabad,Low,Bajra
101,63,41,31.1,66.71,6.59,823.38,Alluvial Soil,Kharif,Rajkot,Medium,Cotton
59,43,23,29.04,53.27,6.26,430.08,Sandy Soil,Kharif,Rajkot,Low,Castor
63,38,31,19.35,55.04,6.63,152.44,Alluvial Soil,Rabi,Ahmedabad,Low,Mustard
88,45,41,17.51,48.66,6.32,219.16,Clay Soil,Rabi,Anand,Medium,Wheat
58,35,35,17.68,54.54,6.53,135.54,Sandy Soil,Rabi,Ahmedabad,Low,Mustard
45,37,33,31.08,51.58,6.28,466.67,Loamy Soil,Kharif,Mehsana,Low,Castor
98,49,43,17.24,48.12,6.04,150.34,Clay Soil,Rabi,Mehsana,Medium,Wheat
44,34,30,35.92,41.18,5.64,326.64,Sandy Soil,Kharif,Jamnagar,Low,Bajra
37,30,28,30.14,46.53,6.32,364.74,Sandy Soil,Kharif,Kutch,Low,Sesame
32,20,31,25.24,31.25,5.66,143.77,Alluvial Soil,Rabi,Mehsana,Low,Cumin
40,26,25,32.38,47.46,5.26,438.44,Loamy Soil,Kharif,Junagadh,Low,Sesame
53,34,27,31.06,34.23,6.83,224.78,Loamy Soil,Kharif,Mehsana,Low,Bajra
64,40,32,17.99,51.96,6.92,182.91,Loamy Soil,Rabi,Mehsana,Low,Mustard
30,50,44,24.95,44.51,6.98,235.83,Black Soil,Rabi,Junagadh,Low,Gram
42,31,29,31.21,51.61,6.12,423.34,Alluvial Soil,Kharif,Mehsana,Low,Castor
37,22,21,28.56,54.4,6.69,419.08,Alluvial Soil,Kharif,Junagadh,Low,Sesame
41,42,30,23.46,44.22,5.31,166.42,Black Soil,Rabi,Vadodara,Low,Gram
38,43,48,20.44,35.78,6.46,146.29,Loamy Soil,Rabi,Rajkot,Low,Gram
46,33,32,32.64,38.13,6.92,294.57,Loamy Soil,Kharif,Mehsana,Low,Bajra
36,56,29,21.41,45.0,6.77,117.46,Black Soil,Rabi,Jamnagar,Low,Gram
46,33,30,35.1,38.87,5.14,400.0,Loamy Soil,Kharif,Mehsana,Low,Bajra
88,54,42,32.74,64.89,5.7,828.05,Black Soil,Kharif,Bhavnagar,High,Cotton
37,47,28,26.57,69.69,7.52,676.52,Sandy Soil,Kharif,Bhavnagar,Medium,Groundnut
83,40,50,19.26,48.8,6.71,221.26,Loamy Soil,Rabi,Anand,Medium,Wheat
34,28,21,30.21,50.1,6.56,403.94,Sandy Soil,Kharif,Junagadh,Low,Sesame
92,49,42,27.45,74.56,7.03,946.23,Loamy Soil,Kharif,Vadodara,High,Maize
77,48,34,28.47,73.86,6.92,792.98,Loamy Soil,Kharif,Banaskantha,High,Maize
37,37,36,28.19,70.43,6.3,733.91,Loamy Soil,Kharif,Amreli,Medium,Groundnut
89,56,40,32.89,66.54,5.64,754.83,Black Soil,Kharif,Junagadh,High,Cotton
100,40,38,19.53,49.57,6.58,209.64,Alluvial Soil,Rabi,Banaskantha,Medium,Wheat
75,42,43,26.52,79.68,6.73,903.88,Red Soil,Kharif,Anand,High,Maize
62,38,36,22.5,53.01,7.14,198.76,Loamy Soil,Rabi,Kutch,Low,Mustard
55,33,30,35.79,42.47,7.52,300.44,Loamy Soil,Kharif,Ahmedabad,Low,Bajra
82,49,41,19.82,47.79,6.87,230.03,Alluvial Soil,Rabi,Anand,Medium,Wheat
36,26,31,23.13,31.85,6.29,112.15,Sandy Soil,Rabi,Jamnagar,Low,Cumin
34,27,20,33.07,51.23,7.43,388.36,Loamy Soil,Kharif,Kutch,Low,Sesame
56,42,31,35.25,40.2,6.45,265.28,Sandy Soil,Kharif,Mehsana,Low,Bajra
86,47,55,33.36,63.79,6.93,822.75,Alluvial Soil,Kharif,Rajkot,Medium,Cotton
70,48,37,16.34,49.48,6.58,142.17,Loamy Soil,Rabi,Ahmedabad,Low,Mustard
51,37,26,32.12,61.44,5.35,490.74,Alluvial Soil,Kharif,Mehsana,Low,Castor
38,36,20,23.41,33.17,6.67,108.44,Loamy Soil,Rabi,Mehsana,Low,Cumin
102,59,44,29.5,67.07,6.18,720.69,Alluvial Soil,Kharif,Vadodara,High,Cotton
69,42,38,17.28,53.12,6.91,145.89,Loamy Soil,Rabi,Mehsana,Low,Mustard
48,32,23,32.45,55.21,6.46,462.39,Sandy Soil,Kharif,Banaskantha,Low,Castor
51,29,19,29.64,52.07,6.77,471.69,Alluvial Soil,Kharif,Rajkot,Low,Castor
51,44,31,30.69,58.45,6.67,416.23,Sandy Soil,Kharif,Rajkot,Low,Castor
37,28,26,32.1,47.07,6.95,402.22,Loamy Soil,Kharif,Kutch,Low,Sesame
28,33,26,22.75,30.68,6.65,92.54,Alluvial Soil,Rabi,Mehsana,Low,Cumin
104,50,51,18.07,43.69,6.57,211.17,Black Soil,Rabi,Rajkot,Medium,Wheat
79,58,44,22.0,68.38,5.81,846.68,Alluvial Soil,Kharif,Banaskantha,High,Maize
100,57,47,34.74,60.21,6.24,791.57,Alluvial Soil,Kharif,Bhavnagar,High,Cotton
33,19,22,30.07,47.7,6.74,351.2,Alluvial Soil,Kharif,Bhavnagar,Low,Sesame
35,27,26,30.68,47.13,7.15,398.08,Alluvial Soil,Kharif,Kutch,Low,Sesame
31,39,23,20.65,33.12,5.61,96.67,Alluvial Soil,Rabi,Rajkot,Low,Cumin
31,31,23,30.21,51.41,6.12,374.45,Loamy Soil,Kharif,Amreli,Low,Sesame
55,49,35,18.57,48.81,6.03,146.8,Alluvial Soil,Rabi,Kutch,Low,Mustard
38,23,27,31.01,54.8,6.59,410.21,Loamy Soil,Kharif,Bhavnagar,Low,Sesame
34,48,31,30.12,73.75,6.26,649.49,Loamy Soil,Kharif,Junagadh,Medium,Groundnut
42,28,25,32.37,50.9,6.72,404.81,Loamy Soil,Kharif,Bhavnagar,Low,Sesame
100,49,46,32.1,57.9,6.73,734.69,Alluvial Soil,Kharif,Vadodara,High,Cotton
93,35,50,30.37,58.28,5.08,854.27,Black Soil,Kharif,Rajkot,Medium,Cotton
53,36,31,32.28,43.41,6.63,231.15,Loamy Soil,Kharif,Mehsana,Low,Bajra
34,53,33,23.8,44.83,7.27,206.6,Black Soil,Rabi,Jamnagar,Low,Gram
42,54,34,21.84,44.1,5.99,175.96,Clay Soil,Rabi,Ahmedabad,Low,Gram
86,39,44,18.61,49.43,6.84,169.24,Clay Soil,Rabi,Anand,Medium,Wheat
38,46,29,28.94,72.31,6.36,631.91,Loamy Soil,Kharif,Bhavnagar,Medium,Groundnut
99,43,44,18.82,53.66,6.63,182.17,Loamy Soil,Rabi,Ahmedabad,Medium,Wheat
32,30,20,31.28,46.2,6.29,438.51,Sandy Soil,Kharif,Amreli,Low,Sesame
57,34,25,29.62,53.25,6.75,502.08,Loamy Soil,Kharif,Rajkot,Low,Castor
66,38,35,20.45,48.55,6.83,200.67,Loamy Soil,Rabi,Banaskantha,Low,Mustard
36,34,28,25.27,36.79,6.24,124.17,Loamy Soil,Rabi,Rajkot,Low,Cumin
55,37,33,33.79,35.86,6.06,316.52,Loamy Soil,Kharif,Banaskantha,Low,Bajra
34,30,28,22.9,36.6,6.32,152.03,Alluvial Soil,Rabi,Kutch,Low,Cumin
83,43,44,26.87,69.74,6.55,914.75,Alluvial Soil,Kharif,Anand,High,Maize
59,43,40,18.95,51.8,5.32,166.33,Alluvial Soil,Rabi,Mehsana,Low,Mustard
101,45,47,18.23,45.95,6.68,263.09,Black Soil,Rabi,Banaskantha,Medium,Wheat
93,45,49,19.22,47.3,6.31,194.59,Black Soil,Rabi,Banaskantha,Medium,Wheat
95,49,47,24.22,65.38,6.6,931.81,Red Soil,Kharif,Anand,High,Maize
48,30,24,29.91,55.66,6.86,480.44,Alluvial Soil,Kharif,Kutch,Low,Castor
93,49,55,29.15,75.0,7.03,814.88,Alluvial Soil,Kharif,Rajkot,Medium,Cotton
51,40,30,19.0,50.58,7.04,174.56,Alluvial Soil,Rabi,Ahmedabad,Low,Mustard
49,47,33,19.64,47.53,6.86,176.8,Loamy Soil,Rabi,Banaskantha,Low,Mustard
24,37,30,24.35,35.32,7.17,105.29,Loamy Soil,Rabi,Mehsana,Low,Cumin
37,45,34,26.65,74.06,7.32,641.36,Black Soil,Kharif,Jamnagar,Medium,Groundnut
36,47,35,22.53,39.4,6.57,209.72,Clay Soil,Rabi,Junagadh,Low,Gram
85,53,52,26.18,67.89,5.92,976.03,Loamy Soil,Kharif,Vadodara,High,Maize
55,44,43,33.07,37.22,7.06,288.97,Sandy Soil,Kharif,Banaskantha,Low,Bajra
44,26,27,21.0,39.18,6.47,104.84,Sandy Soil,Rabi,Jamnagar,Low,Cumin
51,38,40,17.73,48.61,5.44,183.88,Sandy Soil,Rabi,Mehsana,Low,Mustard
62,34,29,31.3,56.71,6.92,409.09,Alluvial Soil,Kharif,Anand,Low,Castor
30,50,24,19.38,42.15,7.27,212.93,Loamy Soil,Rabi,Junagadh,Low,Gram
38,37,29,20.66,30.61,5.15,119.38,Loamy Soil,Rabi,Kutch,Low,Cumin
57,35,35,35.59,35.47,7.14,254.3,Sandy Soil,Kharif,Mehsana,Low,Bajra
59,37,29,30.04,43.95,6.01,258.18,Sandy Soil,Kharif,Ahmedabad,Low,Bajra
51,35,35,33.56,45.93,6.5,324.62,Sandy Soil,Kharif,Mehsana,Low,Bajra
95,45,52,20.81,45.98,6.21,170.68,Alluvial Soil,Rabi,Rajkot,Medium,Wheat
30,36,28,22.47,40.3,6.65,153.51,Loamy Soil,Rabi,Mehsana,Low,Cumin
59,44,25,31.98,55.66,7.87,505.02,Sandy Soil,Kharif,Anand,Low,Castor
88,39,49,35.32,64.98,6.92,805.46,Alluvial Soil,Kharif,Bhavnagar,High,Cotton
61,31,43,30.93,37.16,6.62,368.62,Loamy Soil,Kharif,Kutch,Low,Bajra
56,45,36,34.09,42.1,6.37,263.71,Sandy Soil,Kharif,Jamnagar,Low,Bajra
97,54,45,18.46,47.03,6.71,233.86,Black Soil,Rabi,Mehsana,Medium,Wheat
101,46,38,31.01,68.97,6.98,816.2,Alluvial Soil,Kharif,Vadodara,High,Cotton
42,42,36,26.52,73.31,5.73,660.2,Loamy Soil,Kharif,Amreli,Medium,Groundnut
39,46,34,27.6,78.83,6.39,638.46,Loamy Soil,Kharif,Jamnagar,Medium,Groundnut
39,24,24,31.96,52.69,6.69,373.48,Loamy Soil,Kharif,Kutch,Low,Sesame
33,28,26,28.96,43.01,5.65,477.06,Alluvial Soil,Kharif,Junagadh,Low,Sesame
95,52,51,30.07,57.35,6.22,718.62,Alluvial Soil,Kharif,Vadodara,Medium,Cotton
108,62,53,31.03,66.2,5.85,838.16,Alluvial Soil,Kharif,Amreli,High,Cotton
36,40,21,21.09,35.77,7.06,121.64,Sandy Soil,Rabi,Banaskantha,Low,Cumin
77,46,51,19.56,48.03,7.09,148.52,Black Soil,Rabi,Ahmedabad,Medium,Wheat
35,34,22,22.54,33.07,7.52,106.66,Sandy Soil,Rabi,Jamnagar,Low,Cumin
104,41,44,19.87,49.66,6.51,165.84,Loamy Soil,Rabi,Mehsana,Medium,Wheat
101,39,46,19.31,50.11,6.8,204.04,Loamy Soil,Rabi,Anand,Medium,Wheat
89,42,45,20.59,51.23,6.95,175.95,Clay Soil,Rabi,Mehsana,Medium,Wheat
38,52,34,22.88,43.03,7.74,172.57,Clay Soil,Rabi,Jamnagar,Low,Gram
44,33,33,30.38,52.69,6.37,422.09,Sandy Soil,Kharif,Amreli,Low,Sesame
59,53,38,19.77,51.19,6.31,122.97,Loamy Soil,Rabi,Jamnagar,Low,Mustard
97,46,40,25.79,67.53,6.51,893.18,Loamy Soil,Kharif,Ahmedabad,High,Maize
48,34,31,30.49,37.82,7.22,285.18,Loamy Soil,Kharif,Mehsana,Low,Bajra
83,40,44,18.94,47.95,6.47,245.32,Clay Soil,Rabi,Ahmedabad,Medium,Wheat
36,41,34,29.75,75.43,5.87,714.46,Black Soil,Kharif,Rajkot,Medium,Groundnut
59,41,36,35.98,38.27,6.77,274.62,Sandy Soil,Kharif,Banaskantha,Low,Bajra
101,55,59,29.91,70.39,6.55,740.08,Alluvial Soil,Kharif,Rajkot,Medium,Cotton
39,47,31,25.07,75.67,6.6,631.02,Loamy Soil,Kharif,Jamnagar,Medium,Groundnut
56,30,34,31.37,38.87,6.37,321.37,Loamy Soil,Kharif,Mehsana,Low,Bajra
33,33,24,28.63,45.52,6.59,381.89,Loamy Soil,Kharif,Bhavnagar,Low,Sesame
58,35,26,30.86,58.54,6.78,428.42,Alluvial Soil,Kharif,Anand,Low,Castor
92,68,41,30.19,67.45,5.46,784.32,Alluvial Soil,Kharif,Junagadh,Medium,Cotton
35,21,23,28.89,51.6,5.69,432.77,Sandy Soil,Kharif,Kutch,Low,Sesame
79,38,45,25.85,66.34,5.85,872.12,Loamy Soil,Kharif,Vadodara,High,Maize
63,37,24,16.87,53.4,7.5,164.38,Sandy Soil,Rabi,Banaskantha,Low,Mustard
32,63,29,24.62,38.61,6.72,177.46,Clay Soil,Rabi,Ahmedabad,Low,Gram
63,33,39,18.24,51.32,6.7,177.83,Loamy Soil,Rabi,Ahmedabad,Low,Mustard
50,37,34,33.57,39.5,6.71,315.37,Loamy Soil,Kharif,Ahmedabad,Low,Bajra
57,46,36,18.6,53.51,7.05,150.88,Alluvial Soil,Rabi,Banaskantha,Low,Mustard
41,53,44,18.45,41.28,6.05,194.42,Black Soil,Rabi,Jamnagar,Low,Gram
91,50,51,35.33,64.24,5.8,826.82,Black Soil,Kharif,Bhavnagar,Medium,Cotton
51,36,38,18.28,52.92,7.06,181.99,Sandy Soil,Rabi,Banaskantha,Low,Mustard
104,63,48,32.34,64.75,5.54,798.23,Alluvial Soil,Kharif,Rajkot,High,Cotton
109,52,43,32.93,66.31,6.95,842.34,Alluvial Soil,Kharif,Junagadh,Medium,Cotton
105,46,38,17.7,51.68,6.19,168.57,Alluvial Soil,Rabi,Ahmedabad,Medium,Wheat
112,53,47,30.19,67.49,6.82,944.22,Alluvial Soil,Kharif,Amreli,Medium,Cotton
33,44,33,27.64,73.96,6.64,741.63,Black Soil,Kharif,Bhavnagar,Medium,Groundnut
42,36,16,24.24,34.95,6.47,114.45,Sandy Soil,Rabi,Kutch,Low,Cumin
49,51,36,17.64,53.38,7.05,141.61,Alluvial Soil,Rabi,Mehsana,Low,Mustard
56,38,29,39.52,42.27,6.39,245.95,Loamy Soil,Kharif,Kutch,Low,Bajra
62,28,23,28.47,63.66,6.47,499.71,Sandy Soil,Kharif,Rajkot,Low,Castor
60,43,37,19.03,53.46,6.2,163.64,Sandy Soil,Rabi,Banaskantha,Low,Mustard
42,44,31,28.64,71.47,6.07,680.5,Sandy Soil,Kharif,Rajkot,Medium,Groundnut
96,46,35,19.62,48.3,6.34,197.97,Black Soil,Rabi,Ahmedabad,Medium,Wheat
51,35,25,31.8,60.08,5.86,458.21,Loamy Soil,Kharif,Kutch,Low,Castor
38,24,28,29.47,47.67,6.81,447.12,Loamy Soil,Kharif,Junagadh,Low,Sesame
32,46,42,29.04,70.34,7.07,634.17,Black Soil,Kharif,Rajkot,Medium,Groundnut
46,46,38,19.32,52.91,6.84,230.91,Sandy Soil,Rabi,Ahmedabad,Low,Mustard
59,39,31,19.16,52.3,6.81,203.44,Alluvial Soil,Rabi,Kutch,Low,Mustard
44,42,32,28.12,72.77,7.0,682.18,Loamy Soil,Kharif,Amreli,Medium,Groundnut
94,30,38,16.22,47.94,6.62,209.44,Black Soil,Rabi,Mehsana,Medium,Wheat
83,51,41,25.65,66.82,6.92,913.91,Loamy Soil,Kharif,Vadodara,High,Maize
38,39,34,20.76,43.32,6.22,189.78,Clay Soil,Rabi,Jamnagar,Low,Gram
52,41,27,25.68,75.19,6.33,637.31,Black Soil,Kharif,Rajkot,Medium,Groundnut
55,31,30,29.1,44.78,7.17,279.48,Loamy Soil,Kharif,Banaskantha,Low,Bajra
29,32,28,27.85,52.48,7.3,415.96,Sandy Soil,Kharif,Junagadh,Low,Sesame
38,48,34,22.29,45.24,7.02,139.13,Black Soil,Rabi,Jamnagar,Low,Gram
26,26,20,23.38,35.79,6.81,130.87,Alluvial Soil,Rabi,Kutch,Low,Cumin
57,38,25,34.56,37.35,6.7,271.04,Loamy Soil,Kharif,Banaskantha,Low,Bajra
34,32,26,30.82,53.7,7.11,368.33,Alluvial Soil,Kharif,Junagadh,Low,Sesame
66,42,29,17.37,52.51,6.18,103.78,Loamy Soil,Rabi,Mehsana,Low,Mustard
85,51,41,27.14,73.75,6.46,897.99,Red Soil,Kharif,Ahmedabad,High,Maize
115,47,56,32.67,60.34,6.68,660.0,Black Soil,Kharif,Surat,High,Cotton
31,26,29,23.53,38.27,6.37,133.61,Alluvial Soil,Rabi,Kutch,Low,Cumin
39,39,32,27.93,72.9,6.83,598.04,Loamy Soil,Kharif,Junagadh,Medium,Groundnut
34,33,29,23.7,37.1,6.47,142.94,Loamy Soil,Rabi,Banaskantha,Low,Cumin
49,41,26,29.81,52.28,7.05,495.12,Alluvial Soil,Kharif,Anand,Low,Castor
101,36,49,31.54,64.75,6.32,853.8,Alluvial Soil,Kharif,Jamnagar,High,Cotton
55,31,30,32.99,39.04,5.96,241.09,Loamy Soil,Kharif,Mehsana,Low,Bajra
92,60,43,30.92,65.25,6.84,790.56,Alluvial Soil,Kharif,Bhavnagar,High,Cotton
70,38,33,30.73,46.22,6.11,415.72,Sandy Soil,Kharif,Rajkot,Low,Castor
60,41,32,18.13,52.87,6.21,92.35,Alluvial Soil,Rabi,Kutch,Low,Mustard
118,59,48,28.93,63.8,7.85,784.62,Alluvial Soil,Kharif,Vadodara,High,Cotton
86,50,44,26.56,75.67,5.88,784.94,Red Soil,Kharif,Ahmedabad,High,Maize
94,41,35,19.17,44.11,6.6,160.43,Alluvial Soil,Rabi,Rajkot,Medium,Wheat
30,16,20,30.09,47.61,6.56,411.38,Loamy Soil,Kharif,Bhavnagar,Low,Sesame
105,51,46,33.47,67.75,6.91,887.03,Black Soil,Kharif,Surat,High,Cotton
86,47,44,25.45,69.67,6.21,1051.1,Red Soil,Kharif,Anand,High,Maize
59,31,31,30.85,63.35,6.1,444.16,Sandy Soil,Kharif,Rajkot,Low,Castor
39,58,42,20.36,48.75,6.83,139.34,Black Soil,Rabi,Rajkot,Low,Gram
38,35,30,36.72,38.24,6.76,313.4,Sandy Soil,Kharif,Banaskantha,Low,Bajra
95,43,44,21.52,47.72,6.28,219.07,Alluvial Soil,Rabi,Banaskantha,Medium,Wheat
89,54,48,27.9,68.62,6.56,1010.66,Red Soil,Kharif,Anand,High,Maize
38,40,43,28.32,70.37,6.93,688.46,Sandy Soil,Kharif,Junagadh,Medium,Groundnut
93,55,52,33.01,68.96,6.85,823.43,Black Soil,Kharif,Junagadh,High,Cotton
22,44,31,23.05,38.69,6.34,223.44,Black Soil,Rabi,Vadodara,Low,Gram
59,30,33,37.49,36.02,7.01,303.32,Loamy Soil,Kharif,Jamnagar,Low,Bajra
96,51,52,28.02,73.48,6.52,847.93,Loamy Soil,Kharif,Ahmedabad,High,Maize
50,35,32,35.27,42.52,6.38,234.9,Loamy Soil,Kharif,Kutch,Low,Bajra
50,32,29,32.37,31.9,6.54,277.82,Sandy Soil,Kharif,Jamnagar,Low,Bajra
55,34,33,37.12,38.18,6.27,205.59,Sandy Soil,Kharif,Mehsana,Low,Bajra
48,40,25,32.8,53.97,5.97,398.18,Loamy Soil,Kharif,Mehsana,Low,Castor
41,35,26,19.83,31.58,6.16,141.17,Sandy Soil,Rabi,Mehsana,Low,Cumin
88,52,40,30.23,64.18,6.53,885.43,Red Soil,Kharif,Mehsana,High,Maize
31,45,34,21.13,42.0,5.55,173.1,Clay Soil,Rabi,Jamnagar,Low,Gram
75,43,38,27.54,70.17,6.78,895.58,Red Soil,Kharif,Anand,High,Maize
35,55,30,23.04,43.93,6.85,183.34,Loamy Soil,Rabi,Vadodara,Low,Gram
97,56,45,33.3,61.23,5.95,845.83,Black Soil,Kharif,Amreli,Medium,Cotton
85,46,36,29.83,72.1,7.0,894.42,Alluvial Soil,Kharif,Mehsana,High,Maize
106,58,42,31.67,65.98,6.85,664.82,Alluvial Soil,Kharif,Rajkot,Medium,Cotton
33,31,25,30.62,50.21,7.32,372.78,Loamy Soil,Kharif,Kutch,Low,Sesame
63,31,34,21.02,53.93,5.55,164.67,Loamy Soil,Rabi,Mehsana,Low,Mustard
38,43,39,22.24,47.49,5.78,146.7,Clay Soil,Rabi,Junagadh,Low,Gram
63,53,47,19.32,45.83,5.06,175.72,Clay Soil,Rabi,Ahmedabad,Medium,Wheat
51,40,33,29.8,50.54,5.85,415.45,Sandy Soil,Kharif,Mehsana,Low,Castor
58,33,33,17.89,52.71,6.22,163.9,Sandy Soil,Rabi,Ahmedabad,Low,Mustard
38,32,25,33.99,50.78,5.35,407.46,Loamy Soil,Kharif,Kutch,Low,Sesame
27,33,24,23.92,32.18,6.32,108.71,Sandy Soil,Rabi,Rajkot,Low,Cumin
53,35,32,35.31,41.13,6.48,335.36,Sandy Soil,Kharif,Jamnagar,Low,Bajra
53,35,27,30.82,48.95,6.45,390.15,Alluvial Soil,Kharif,Kutch,Low,Castor
57,30,43,35.51,35.77,5.26,246.35,Loamy Soil,Kharif,Jamnagar,Low,Bajra
40,31,27,21.48,35.84,6.61,104.45,Loamy Soil,Rabi,Rajkot,Low,Cumin
90,46,45,25.43,71.6,6.49,807.7,Alluvial Soil,Kharif,Ahmedabad,High,Maize
36,41,35,26.57,75.83,6.88,651.03,Sandy Soil,Kharif,Bhavnagar,Medium,Groundnut
41,53,34,24.0,45.46,6.22,160.07,Clay Soil,Rabi,Jamnagar,Low,Gram
84,42,40,16.89,50.35,6.99,157.56,Alluvial Soil,Rabi,Anand,Medium,Wheat
57,37,31,35.59,41.01,6.52,244.04,Loamy Soil,Kharif,Ahmedabad,Low,Bajra
44,46,42,28.54,72.15,6.07,612.79,Black Soil,Kharif,Bhavnagar,Medium,Groundnut
58,31,25,29.75,57.82,6.48,451.88,Sandy Soil,Kharif,Kutch,Low,Castor
47,39,41,18.41,51.96,7.08,160.78,Sandy Soil,Rabi,Jamnagar,Low,Mustard
81,43,47,32.35,61.99,6.82,689.23,Alluvial Soil,Kharif,Amreli,High,Cotton
82,35,43,17.31,47.1,6.52,237.28,Clay Soil,Rabi,Banaskantha,Medium,Wheat
45,42,21,27.53,56.53,6.19,416.74,Loamy Soil,Kharif,Banaskantha,Low,Castor
99,60,39,30.14,63.05,7.02,698.71,Alluvial Soil,Kharif,Rajkot,Medium,Cotton
47,29,30,34.26,45.29,6.81,224.86,Sandy Soil,Kharif,Mehsana,Low,Bajra
41,57,31,24.36,42.85,6.24,205.78,Clay Soil,Rabi,Jamnagar,Low,Gram
28,36,37,24.81,42.96,5.51,193.65,Loamy Soil,Rabi,Jamnagar,Low,Gram
39,43,39,20.04,45.53,6.56,183.6,Black Soil,Rabi,Junagadh,Low,Gram
28,24,21,21.66,35.01,6.3,130.13,Sandy Soil,Rabi,Banaskantha,Low,Cumin
41,48,35,29.89,67.63,6.83,699.19,Sandy Soil,Kharif,Jamnagar,Medium,Groundnut
104,52,42,32.43,61.07,7.09,769.03,Alluvial Soil,Kharif,Bhavnagar,High,Cotton
104,52,47,28.82,67.48,6.57,828.56,Alluvial Soil,Kharif,Surat,High,Cotton
76,41,41,28.03,64.52,6.49,918.74,Loamy Soil,Kharif,Banaskantha,High,Maize
97,48,44,34.49,62.16,7.72,829.14,Black Soil,Kharif,Surat,High,Cotton
103,51,47,17.83,43.54,6.23,220.84,Clay Soil,Rabi,Anand,Medium,Wheat
54,39,24,31.25,60.55,6.94,526.82,Alluvial Soil,Kharif,Mehsana,Low,Castor
58,29,31,36.18,45.98,6.72,267.95,Sandy Soil,Kharif,Mehsana,Low,Bajra
39,42,30,28.04,72.78,6.27,636.34,Black Soil,Kharif,Bhavnagar,Medium,Groundnut
103,39,47,17.63,47.74,6.87,192.85,Alluvial Soil,Rabi,Anand,Medium,Wheat
45,34,33,28.29,76.67,5.74,727.86,Sandy Soil,Kharif,Rajkot,Medium,Groundnut
98,45,55,18.84,45.25,6.71,177.5,Clay Soil,Rabi,Rajkot,Medium,Wheat
70,46,39,19.53,55.38,5.49,193.04,Loamy Soil,Rabi,Ahmedabad,Low,Mustard
56,36,26,31.15,57.81,6.63,469.38,Alluvial Soil,Kharif,Rajkot,Low,Castor
51,43,38,28.23,69.94,7.42,699.54,Black Soil,Kharif,Amreli,Medium,Groundnut
25,59,44,21.22,44.72,6.74,112.87,Clay Soil,Rabi,Vadodara,Low,Gram
65,34,36,19.32,55.5,6.52,162.24,Loamy Soil,Rabi,Kutch,Low,Mustard
47,52,37,21.7,44.34,6.35,170.95,Clay Soil,Rabi,Vadodara,Low,Gram
67,42,26,16.23,55.37,7.04,183.02,Sandy Soil,Rabi,Mehsana,Low,Mustard
33,28,22,29.63,43.43,6.44,411.16,Alluvial Soil,Kharif,Bhavnagar,Low,Sesame
34,46,38,24.71,38.44,6.16,187.8,Black Soil,Rabi,Rajkot,Low,Gram
32,34,18,22.74,33.7,7.44,120.64,Alluvial Soil,Rabi,Rajkot,Low,Cumin
30,46,38,28.37,74.52,7.05,711.82,Loamy Soil,Kharif,Bhavnagar,Medium,Groundnut
83,45,46,26.63,72.03,5.9,1015.59,Alluvial Soil,Kharif,Mehsana,High,Maize
34,32,26,34.92,54.24,6.38,347.17,Sandy Soil,Kharif,Kutch,Low,Sesame
106,46,45,20.08,54.95,5.93,171.83,Black Soil,Rabi,Ahmedabad,Medium,Wheat
81,31,43,20.85,45.97,7.57,191.45,Alluvial Soil,Rabi,Banaskantha,Medium,Wheat
54,38,33,17.29,53.15,7.58,150.96,Loamy Soil,Rabi,Mehsana,Low,Mustard
39,35,28,34.38,41.15,5.67,265.55,Sandy Soil,Kharif,Jamnagar,Low,Bajra
32,29,28,30.12,48.82,7.66,377.64,Sandy Soil,Kharif,Rajkot,Low,Sesame
92,43,40,23.84,72.49,6.39,928.72,Red Soil,Kharif,Banaskantha,High,Maize
106,64,46,30.94,60.4,6.13,797.79,Black Soil,Kharif,Junagadh,Medium,Cotton
50,36,32,17.91,52.21,5.79,157.79,Loamy Soil,Rabi,Kutch,Low,Mustard
42,33,29,30.21,59.93,6.97,512.03,Sandy Soil,Kharif,Anand,Low,Castor
33,33,31,22.46,38.4,6.12,122.24,Sandy Soil,Rabi,Rajkot,Low,Cumin
33,33,30,28.61,47.71,5.65,329.23,Sandy Soil,Kharif,Junagadh,Low,Sesame
75,53,42,29.65,65.79,6.21,893.85,Alluvial Soil,Kharif,Mehsana,High,Maize
123,48,45,31.92,66.32,6.63,885.61,Alluvial Soil,Kharif,Amreli,Medium,Cotton
86,43,43,20.88,47.18,7.01,251.26,Clay Soil,Rabi,Banaskantha,Medium,Wheat
31,20,25,28.51,49.69,6.13,350.64,Sandy Soil,Kharif,Bhavnagar,Low,Sesame
28,33,26,21.24,39.28,6.57,113.83,Sandy Soil,Rabi,Banaskantha,Low,Cumin
36,29,31,21.58,36.3,6.84,112.66,Alluvial Soil,Rabi,Banaskantha,Low,Cumin
30,33,29,31.68,44.48,6.23,382.38,Alluvial Soil,Kharif,Bhavnagar,Low,Sesame
78,46,48,16.81,44.7,6.94,229.2,Loamy Soil,Rabi,Mehsana,Medium,Wheat
47,38,29,30.98,40.25,6.46,274.96,Sandy Soil,Kharif,Jamnagar,Low,Bajra
57,35,38,17.37,50.52,6.11,80.07,Alluvial Soil,Rabi,Jamnagar,Low,Mustard
77,45,35,27.36,67.56,7.33,927.32,Alluvial Soil,Kharif,Banaskantha,High,Maize
60,44,33,16.5,47.38,6.58,146.14,Alluvial Soil,Rabi,Mehsana,Low,Mustard
101,52,53,32.45,69.93,6.0,809.06,Black Soil,Kharif,Junagadh,Medium,Cotton
58,31,27,38.72,36.98,7.26,291.27,Loamy Soil,Kharif,Jamnagar,Low,Bajra
100,55,62,30.68,61.27,6.12,802.14,Alluvial Soil,Kharif,Vadodara,Medium,Cotton
110,52,55,31.1,64.82,6.04,800.49,Black Soil,Kharif,Surat,Medium,Cotton
29,24,26,30.08,52.24,5.37,391.0,Loamy Soil,Kharif,Rajkot,Low,Sesame
31,45,34,28.69,75.16,6.11,623.37,Black Soil,Kharif,Bhavnagar,Medium,Groundnut
47,37,34,33.53,56.52,6.46,515.81,Alluvial Soil,Kharif,Rajkot,Low,Castor
37,28,24,29.96,41.8,6.57,378.8,Sandy Soil,Kharif,Bhavnagar,Low,Sesame
39,27,24,20.77,36.41,6.56,80.31,Sandy Soil,Rabi,Jamnagar,Low,Cumin
80,50,41,29.77,72.84,6.8,785.55,Loamy Soil,Kharif,Ahmedabad,High,Maize
62,35,31,20.42,50.98,6.91,144.25,Loamy Soil,Rabi,Mehsana,Low,Mustard
48,29,33,33.94,35.63,6.24,240.97,Sandy Soil,Kharif,Jamnagar,Low,Bajra
26,33,31,28.33,69.69,5.96,678.07,Loamy Soil,Kharif,Jamnagar,Medium,Groundnut
42,45,28,24.99,73.58,6.59,619.09,Black Soil,Kharif,Amreli,Medium,Groundnut
33,53,39,19.92,40.93,6.7,136.35,Clay Soil,Rabi,Vadodara,Low,Gram
43,35,16,32.59,49.2,6.71,352.98,Sandy Soil,Kharif,Amreli,Low,Sesame
42,54,35,17.8,42.16,6.17,185.13,Loamy Soil,Rabi,Jamnagar,Low,Gram
52,32,32,31.69,56.24,6.81,376.14,Sandy Soil,Kharif,Rajkot,Low,Castor
67,36,39,20.78,53.95,6.85,236.71,Alluvial Soil,Rabi,Kutch,Low,Mustard
94,45,43,29.42,67.64,6.35,1056.35,Loamy Soil,Kharif,Vadodara,High,Maize
109,43,43,30.97,61.87,6.91,787.08,Alluvial Soil,Kharif,Junagadh,High,Cotton
49,28,29,31.46,56.84,6.82,353.76,Sandy Soil,Kharif,Rajkot,Low,Castor
100,46,48,19.28,47.3,6.56,174.9,Loamy Soil,Rabi,Mehsana,Medium,Wheat
87,45,34,24.73,68.51,6.95,923.1,Loamy Soil,Kharif,Banaskantha,High,Maize
55,42,34,19.03,53.42,5.46,202.36,Loamy Soil,Rabi,Mehsana,Low,Mustard
31,53,30,18.77,41.72,6.04,181.48,Loamy Soil,Rabi,Ahmedabad,Low,Gram
39,35,34,26.52,72.75,6.23,596.11,Sandy Soil,Kharif,Jamnagar,Medium,Groundnut
48,50,31,28.31,69.2,6.75,663.72,Sandy Soil,Kharif,Bhavnagar,Medium,Groundnut
89,50,45,21.6,49.05,6.19,183.43,Loamy Soil,Rabi,Rajkot,Medium,Wheat
88,42,45,32.21,64.68,6.29,736.95,Alluvial Soil,Kharif,Rajkot,Medium,Cotton
44,44,33,20.77,44.26,5.87,135.74,Clay Soil,Rabi,Vadodara,Low,Gram
49,41,33,35.12,39.17,6.6,237.89,Sandy Soil,Kharif,Mehsana,Low,Bajra
84,57,47,30.25,70.74,6.06,870.63,Alluvial Soil,Kharif,Anand,High,Maize
90,62,52,31.68,68.79,5.95,745.03,Alluvial Soil,Kharif,Amreli,High,Cotton
37,32,23,31.09,44.88,6.74,481.82,Sandy Soil,Kharif,Junagadh,Low,Sesame
113,51,52,34.18,69.37,5.95,783.09,Alluvial Soil,Kharif,Vadodara,Medium,Cotton
75,47,47,28.23,76.6,6.59,859.28,Loamy Soil,Kharif,Banaskantha,High,Maize
68,43,37,21.08,52.09,6.96,129.29,Sandy Soil,Rabi,Ahmedabad,Low,Mustard
89,51,41,19.59,43.25,5.53,219.88,Black Soil,Rabi,Rajkot,Medium,Wheat
28,48,28,25.43,38.86,7.26,124.87,Loamy Soil,Rabi,Junagadh,Low,Gram
38,38,31,21.72,34.38,6.51,94.74,Sandy Soil,Rabi,Kutch,Low,Cumin
49,51,38,28.39,72.58,6.94,686.6,Sandy Soil,Kharif,Rajkot,Medium,Groundnut
46,29,37,37.47,40.3,6.57,307.35,Loamy Soil,Kharif,Ahmedabad,Low,Bajra
82,43,42,20.6,48.37,6.85,161.32,Loamy Soil,Rabi,Rajkot,Medium,Wheat
37,24,28,22.47,35.97,7.31,130.27,Sandy Soil,Rabi,Jamnagar,Low,Cumin
47,34,32,27.67,57.16,6.4,518.43,Sandy Soil,Kharif,Anand,Low,Castor
88,48,44,26.27,74.08,7.78,873.83,Loamy Soil,Kharif,Banaskantha,High,Maize
97,46,57,34.24,62.05,6.57,754.63,Alluvial Soil,Kharif,Amreli,Medium,Cotton
32,41,25,29.34,75.68,6.34,635.1,Black Soil,Kharif,Rajkot,Medium,Groundnut
54,38,34,30.17,55.79,6.37,439.91,Sandy Soil,Kharif,Kutch,Low,Castor
105,47,41,20.21,46.77,5.51,231.2,Alluvial Soil,Rabi,Rajkot,Medium,Wheat
60,43,28,17.7,53.83,6.58,144.61,Sandy Soil,Rabi,Ahmedabad,Low,Mustard
30,28,20,28.88,48.55,5.17,402.77,Sandy Soil,Kharif,Rajkot,Low,Sesame
47,35,29,33.37,37.35,7.01,254.54,Loamy Soil,Kharif,Jamnagar,Low,Bajra
102,51,45,33.14,66.85,6.37,872.14,Alluvial Soil,Kharif,Bhavnagar,High,Cotton
92,44,38,20.46,48.66,6.32,190.29,Clay Soil,Rabi,Ahmedabad,Medium,Wheat
48,39,27,17.05,55.17,6.95,207.26,Sandy Soil,Rabi,Ahmedabad,Low,Mustard
68,41,40,32.48,43.67,5.82,208.66,Loamy Soil,Kharif,Jamnagar,Low,Bajra
40,45,36,22.55,43.87,6.13,151.92,Loamy Soil,Rabi,Junagadh,Low,Gram
109,51,47,31.83,68.76,6.06,746.28,Alluvial Soil,Kharif,Junagadh,Medium,Cotton
63,39,32,18.96,51.11,6.15,162.77,Loamy Soil,Rabi,Ahmedabad,Low,Mustard
29,28,29,23.08,35.19,6.11,130.59,Loamy Soil,Rabi,Mehsana,Low,Cumin
51,42,28,28.39,74.29,6.96,601.91,Sandy Soil,Kharif,Jamnagar,Medium,Groundnut
83,41,48,20.18,48.88,6.41,180.94,Alluvial Soil,Rabi,Anand,Medium,Wheat
43,32,31,30.81,58.07,6.38,380.2,Sandy Soil,Kharif,Rajkot,Low,Castor
29,46,34,21.36,41.74,5.83,219.24,Black Soil,Rabi,Vadodara,Low,Gram
63,42,28,19.2,51.16,6.32,136.72,Alluvial Soil,Rabi,Banaskantha,Low,Mustard
83,42,41,21.79,42.7,6.83,156.92,Black Soil,Rabi,Banaskantha,Medium,Wheat
56,46,30,26.43,73.67,7.39,637.63,Black Soil,Kharif,Junagadh,Medium,Groundnut
52,42,40,16.43,52.19,7.08,120.83,Sandy Soil,Rabi,Jamnagar,Low,Mustard
68,35,32,34.04,38.68,6.66,307.3,Sandy Soil,Kharif,Mehsana,Low,Bajra
36,63,32,22.34,41.1,6.59,210.63,Black Soil,Rabi,Junagadh,Low,Gram
87,41,42,22.57,48.06,5.51,182.66,Black Soil,Rabi,Mehsana,Medium,Wheat
52,38,35,33.14,37.13,5.97,269.31,Loamy Soil,Kharif,Mehsana,Low,Bajra
31,34,29,23.9,33.18,5.93,86.57,Alluvial Soil,Rabi,Banaskantha,Low,Cumin
57,47,41,18.89,53.58,5.89,168.15,Sandy Soil,Rabi,Ahmedabad,Low,Mustard
35,33,25,20.72,36.36,6.77,117.14,Sandy Soil,Rabi,Mehsana,Low,Cumin
39,36,33,22.45,32.31,7.25,144.92,Loamy Soil,Rabi,Mehsana,Low,Cumin
71,37,37,19.34,54.78,6.47,127.37,Loamy Soil,Rabi,Jamnagar,Low,Mustard
62,31,27,17.71,54.63,6.83,195.75,Alluvial Soil,Rabi,Jamnagar,Low,Mustard
29,42,32,29.52,73.5,6.66,593.64,Loamy Soil,Kharif,Jamnagar,Medium,Groundnut
39,29,24,28.1,47.92,6.73,373.66,Sandy Soil,Kharif,Bhavnagar,Low,Sesame
48,43,32,21.11,53.12,6.33,135.12,Alluvial Soil,Rabi,Mehsana,Low,Mustard
49,41,30,28.66,60.96,5.73,463.78,Alluvial Soil,Kharif,Anand,Low,Castor
47,36,34,34.94,41.87,6.81,249.01,Sandy Soil,Kharif,Mehsana,Low,Bajra
61,46,29,29.22,55.9,5.89,406.41,Loamy Soil,Kharif,Mehsana,Low,Castor
34,42,38,27.64,67.83,6.47,646.07,Black Soil,Kharif,Bhavnagar,Medium,Groundnut
28,39,31,21.09,31.18,7.42,104.0,Sandy Soil,Rabi,Jamnagar,Low,Cumin
30,39,39,28.06,71.89,5.9,672.38,Black Soil,Kharif,Jamnagar,Medium,Groundnut
36,28,24,29.5,52.41,6.45,417.84,Loamy Soil,Kharif,Kutch,Low,Sesame
103,48,46,30.75,68.73,6.35,896.85,Black Soil,Kharif,Vadodara,Medium,Cotton
31,29,24,28.75,49.58,6.21,400.11,Alluvial Soil,Kharif,Junagadh,Low,Sesame
37,43,30,20.3,41.12,6.24,194.92,Clay Soil,Rabi,Vadodara,Low,Gram
30,33,22,24.38,33.67,6.48,117.16,Loamy Soil,Rabi,Mehsana,Low,Cumin
86,41,43,24.06,73.41,6.95,933.65,Red Soil,Kharif,Mehsana,High,Maize
33,50,37,22.57,43.01,6.73,162.51,Black Soil,Rabi,Junagadh,Low,Gram
59,34,39,36.9,39.23,6.29,259.9,Loamy Soil,Kharif,Banaskantha,Low,Bajra
38,42,30,29.78,52.02,6.54,468.05,Loamy Soil,Kharif,Rajkot,Low,Castor
93,55,42,20.08,53.39,6.21,204.84,Loamy Soil,Rabi,Rajkot,Medium,Wheat
35,30,29,28.82,50.35,6.32,364.77,Alluvial Soil,Kharif,Bhavnagar,Low,Sesame
38,38,34,27.14,67.11,6.31,699.06,Black Soil,Kharif,Jamnagar,Medium,Groundnut
101,42,37,20.3,46.13,7.39,209.87,Clay Soil,Rabi,Anand,Medium,Wheat
52,33,23,31.99,58.05,6.73,466.68,Alluvial Soil,Kharif,Kutch,Low,Castor
94,51,37,30.93,68.22,7.31,717.71,Alluvial Soil,Kharif,Rajkot,Medium,Cotton
87,48,38,26.6,66.59,5.96,980.38,Alluvial Soil,Kharif,Anand,High,Maize
53,34,28,28.52,54.49,6.29,414.72,Alluvial Soil,Kharif,Rajkot,Low,Castor
29,32,33,22.02,37.88,6.88,66.89,Loamy Soil,Rabi,Banaskantha,Low,Cumin
49,31,24,28.81,54.74,6.56,442.59,Loamy Soil,Kharif,Kutch,Low,Castor
67,45,36,19.51,49.5,6.6,133.21,Loamy Soil,Rabi,Banaskantha,Low,Mustard
99,36,47,20.7,46.95,6.53,238.78,Loamy Soil,Rabi,Ahmedabad,Medium,Wheat
58,31,24,27.0,52.12,6.13,490.91,Alluvial Soil,Kharif,Kutch,Low,Castor
102,54,41,30.83,71.0,6.13,910.41,Black Soil,Kharif,Surat,High,Cotton
47,39,32,29.74,60.07,6.42,425.51,Alluvial Soil,Kharif,Kutch,Low,Castor
55,36,24,27.84,55.73,6.3,434.64,Loamy Soil,Kharif,Anand,Low,Castor
50,37,39,20.46,53.35,6.43,232.19,Sandy Soil,Rabi,Jamnagar,Low,Mustard
29,41,26,22.82,27.74,5.83,125.49,Sandy Soil,Rabi,Rajkot,Low,Cumin
34,54,33,23.69,38.84,6.72,164.11,Clay Soil,Rabi,Ahmedabad,Low,Gram
66,35,25,18.62,50.65,6.56,139.11,Loamy Soil,Rabi,Jamnagar,Low,Mustard
30,30,25,19.86,40.45,6.29,111.54,Alluvial Soil,Rabi,Jamnagar,Low,Cumin
91,42,45,19.22,44.0,6.59,155.72,Loamy Soil,Rabi,Ahmedabad,Medium,Wheat
66,33,37,17.06,52.86,7.11,171.04,Loamy Soil,Rabi,Kutch,Low,Mustard
107,55,50,32.0,66.38,7.3,780.99,Black Soil,Kharif,Jamnagar,Medium,Cotton
53,32,26,29.4,57.4,6.88,405.48,Loamy Soil,Kharif,Kutch,Low,Castor
46,46,31,29.28,74.12,6.16,583.61,Loamy Soil,Kharif,Jamnagar,Medium,Groundnut
47,33,26,29.12,57.21,6.1,495.5,Sandy Soil,Kharif,Banaskantha,Low,Castor
35,34,24,23.6,34.9,6.48,100.32,Loamy Soil,Rabi,Jamnagar,Low,Cumin
49,32,29,28.82,50.93,7.09,502.13,Alluvial Soil,Kharif,Banaskantha,Low,Castor
51,38,23,29.85,59.47,5.9,435.81,Alluvial Soil,Kharif,Mehsana,Low,Castor
84,46,43,19.3,46.69,6.74,202.72,Clay Soil,Rabi,Mehsana,Medium,Wheat
59,37,40,18.29,56.43,6.58,166.49,Loamy Soil,Rabi,Ahmedabad,Low,Mustard
56,45,26,19.72,54.6,6.45,144.54,Loamy Soil,Rabi,Mehsana,Low,Mustard
33,24,31,30.58,49.3,6.83,434.28,Alluvial Soil,Kharif,Bhavnagar,Low,Sesame
34,32,22,31.25,41.72,5.85,412.78,Alluvial Soil,Kharif,Rajkot,Low,Sesame
99,46,45,32.11,68.03,6.41,719.39,Black Soil,Kharif,Bhavnagar,Medium,Cotton
40,47,28,30.85,71.66,6.35,632.66,Sandy Soil,Kharif,Bhavnagar,Medium,Groundnut
70,38,30,20.53,53.44,6.32,165.9,Sandy Soil,Rabi,Jamnagar,Low,Mustard
26,37,30,23.81,38.3,6.37,128.06,Alluvial Soil,Rabi,Rajkot,Low,Cumin
38,35,28,23.27,38.78,6.91,102.24,Sandy Soil,Rabi,Banaskantha,Low,Cumin
102,55,44,25.44,69.51,6.74,845.14,Red Soil,Kharif,Vadodara,High,Maize
42,55,33,23.64,40.43,5.95,163.41,Loamy Soil,Rabi,Jamnagar,Low,Gram
27,31,26,29.57,49.63,6.9,467.66,Sandy Soil,Kharif,Amreli,Low,Sesame
54,39,34,35.84,38.31,6.72,150.0,Sandy Soil,Kharif,Mehsana,Low,Bajra
89,54,45,27.57,67.16,6.6,952.85,Alluvial Soil,Kharif,Mehsana,High,Maize
61,36,22,29.79,54.21,5.66,412.09,Sandy Soil,Kharif,Banaskantha,Low,Castor
102,50,46,28.68,64.26,6.98,757.91,Alluvial Soil,Kharif,Bhavnagar,Medium,Cotton
68,41,37,32.3,37.26,5.84,247.27,Loamy Soil,Kharif,Banaskantha,Low,Bajra
31,31,28,21.65,29.05,6.72,67.51,Loamy Soil,Rabi,Banaskantha,Low,Cumin
36,32,25,22.79,30.53,6.59,137.78,Sandy Soil,Rabi,Kutch,Low,Cumin
51,27,25,30.8,61.25,6.4,522.16,Alluvial Soil,Kharif,Banaskantha,Low,Castor
58,43,31,16.55,54.1,6.12,216.79,Alluvial Soil,Rabi,Ahmedabad,Low,Mustard
39,32,24,28.54,43.82,5.96,403.9,Alluvial Soil,Kharif,Kutch,Low,Sesame
95,41,40,19.96,47.61,6.92,218.23,Loamy Soil,Rabi,Banaskantha,Medium,Wheat
111,50,41,33.89,64.62,6.61,882.32,Alluvial Soil,Kharif,Jamnagar,Medium,Cotton
91,47,38,26.09,76.51,6.64,1041.76,Loamy Soil,Kharif,Banaskantha,High,Maize
77,53,47,26.36,73.85,6.7,956.8,Alluvial Soil,Kharif,Banaskantha,High,Maize
42,51,33,27.13,74.71,5.82,595.93,Black Soil,Kharif,Jamnagar,Medium,Groundnut
60,44,36,18.9,52.6,6.54,163.36,Alluvial Soil,Rabi,Ahmedabad,Low,Mustard
109,52,45,32.2,62.22,7.54,692.82,Alluvial Soil,Kharif,Vadodara,High,Cotton
35,30,27,22.94,37.37,6.92,124.52,Sandy Soil,Rabi,Mehsana,Low,Cumin
71,38,28,17.76,53.7,6.45,120.37,Loamy Soil,Rabi,Ahmedabad,Low,Mustard
55,33,35,18.17,53.81,6.54,165.42,Loamy Soil,Rabi,Mehsana,Low,Mustard
56,35,28,28.63,51.53,6.42,348.59,Loamy Soil,Kharif,Banaskantha,Low,Castor
47,38,36,31.72,38.92,6.51,319.92,Loamy Soil,Kharif,Jamnagar,Low,Bajra
49,28,31,35.33,41.85,7.13,318.08,Loamy Soil,Kharif,Mehsana,Low,Bajra
76,46,45,27.49,69.51,5.25,870.97,Red Soil,Kharif,Vadodara,High,Maize
38,44,40,28.92,76.34,6.8,614.43,Loamy Soil,Kharif,Rajkot,Medium,Groundnut
40,56,37,21.29,38.33,7.47,215.07,Loamy Soil,Rabi,Vadodara,Low,Gram
91,41,45,16.05,47.92,5.28,236.26,Clay Soil,Rabi,Mehsana,Medium,Wheat
84,48,41,25.1,71.37,6.43,849.51,Red Soil,Kharif,Anand,High,Maize
20,30,26,25.58,34.88,6.17,133.06,Alluvial Soil,Rabi,Banaskantha,Low,Cumin
51,36,30,33.91,32.85,6.96,196.86,Sandy Soil,Kharif,Mehsana,Low,Bajra
34,28,27,28.81,51.45,6.81,336.9,Alluvial Soil,Kharif,Bhavnagar,Low,Sesame
35,28,29,23.32,36.67,7.26,110.01,Loamy Soil,Rabi,Mehsana,Low,Cumin
55,28,36,17.02,52.29,6.32,134.57,Alluvial Soil,Rabi,Banaskantha,Low,Mustard
52,42,28,33.97,43.96,6.92,367.34,Sandy Soil,Kharif,Banaskantha,Low,Bajra
49,42,21,28.97,57.37,7.15,480.45,Sandy Soil,Kharif,Kutch,Low,Castor
83,61,46,31.43,61.63,5.67,854.88,Black Soil,Kharif,Rajkot,Medium,Cotton
53,31,28,30.05,53.83,6.62,403.57,Sandy Soil,Kharif,Banaskantha,Low,Castor
64,38,38,19.03,52.08,6.47,154.84,Loamy Soil,Rabi,Ahmedabad,Low,Mustard
38,61,38,20.51,42.11,6.25,175.2,Clay Soil,Rabi,Jamnagar,Low,Gram
30,52,33,21.95,45.92,6.72,158.94,Loamy Soil,Rabi,Junagadh,Low,Gram
93,37,50,20.74,48.7,7.18,215.08,Loamy Soil,Rabi,Rajkot,Medium,Wheat
91,50,41,20.4,47.58,7.51,192.79,Alluvial Soil,Rabi,Anand,Medium,Wheat
59,42,39,19.05,54.5,6.69,205.22,Sandy Soil,Rabi,Ahmedabad,Low,Mustard
99,48,46,32.24,62.28,5.76,920.37,Alluvial Soil,Kharif,Vadodara,High,Cotton
38,30,33,19.89,37.93,6.2,123.13,Loamy Soil,Rabi,Kutch,Low,Cumin
35,21,26,28.49,50.49,6.2,393.15,Sandy Soil,Kharif,Kutch,Low,Sesame
90,48,48,16.47,44.65,5.99,172.8,Black Soil,Rabi,Mehsana,Medium,Wheat
51,42,36,18.74,52.57,7.1,135.47,Sandy Soil,Rabi,Mehsana,Low,Mustard
83,51,43,28.8,72.12,6.79,913.43,Red Soil,Kharif,Mehsana,High,Maize
72,36,36,17.23,53.93,6.64,95.47,Sandy Soil,Rabi,Mehsana,Low,Mustard
68,32,36,19.96,51.17,7.14,156.83,Sandy Soil,Rabi,Jamnagar,Low,Mustard
37,27,30,20.74,37.18,6.38,111.67,Alluvial Soil,Rabi,Jamnagar,Low,Cumin
42,40,20,32.66,59.29,6.04,429.18,Sandy Soil,Kharif,Banaskantha,Low,Castor
105,55,52,32.43,63.22,6.92,709.5,Black Soil,Kharif,Junagadh,High,Cotton
28,48,38,20.04,37.12,6.76,151.44,Clay Soil,Rabi,Vadodara,Low,Gram
37,39,23,31.87,61.6,5.77,447.48,Sandy Soil,Kharif,Mehsana,Low,Castor
55,39,31,34.38,43.76,6.57,281.99,Sandy Soil,Kharif,Kutch,Low,Bajra
31,54,40,21.02,41.4,6.28,153.71,Clay Soil,Rabi,Jamnagar,Low,Gram
44,30,28,28.68,49.92,6.84,409.62,Sandy Soil,Kharif,Bhavnagar,Low,Sesame
37,53,34,28.45,72.18,6.47,636.83,Loamy Soil,Kharif,Jamnagar,Medium,Groundnut
98,53,54,30.91,66.23,6.3,801.92,Alluvial Soil,Kharif,Vadodara,Medium,Cotton
57,36,28,17.17,51.03,7.1,250.0,Sandy Soil,Rabi,Kutch,Low,Mustard
30,46,41,26.23,71.79,5.24,634.95,Loamy Soil,Kharif,Amreli,Medium,Groundnut
28,36,22,21.38,35.46,6.19,102.99,Sandy Soil,Rabi,Mehsana,Low,Cumin
46,32,28,36.11,46.18,6.65,291.29,Loamy Soil,Kharif,Banaskantha,Low,Bajra
58,26,35,32.33,52.9,5.94,502.65,Sandy Soil,Kharif,Banaskantha,Low,Castor
82,51,42,18.3,48.3,6.45,209.82,Clay Soil,Rabi,Rajkot,Medium,Wheat
49,30,26,29.1,58.77,5.66,494.46,Sandy Soil,Kharif,Mehsana,Low,Castor
54,34,37,20.5,55.57,6.37,178.3,Loamy Soil,Rabi,Kutch,Low,Mustard
33,28,18,30.79,53.13,6.42,370.1,Sandy Soil,Kharif,Amreli,Low,Sesame
35,45,35,29.06,68.94,7.46,617.94,Black Soil,Kharif,Jamnagar,Medium,Groundnut
59,38,30,17.89,51.48,6.75,189.15,Alluvial Soil,Rabi,Kutch,Low,Mustard
29,27,26,32.38,47.28,6.72,365.78,Alluvial Soil,Kharif,Bhavnagar,Low,Sesame
48,33,37,20.05,48.84,6.94,164.6,Sandy Soil,Rabi,Ahmedabad,Low,Mustard
43,52,32,28.19,72.55,7.39,631.56,Sandy Soil,Kharif,Junagadh,Medium,Groundnut
38,29,29,27.86,47.7,6.4,446.76,Loamy Soil,Kharif,Rajkot,Low,Sesame
54,37,30,31.87,37.64,7.22,314.83,Sandy Soil,Kharif,Kutch,Low,Bajra
33,34,23,21.56,34.99,6.04,120.62,Alluvial Soil,Rabi,Banaskantha,Low,Cumin
113,52,49,31.42,65.61,6.72,793.45,Alluvial Soil,Kharif,Rajkot,High,Cotton
36,44,36,27.19,74.49,6.5,641.14,Sandy Soil,Kharif,Jamnagar,Medium,Groundnut
47,37,32,29.74,55.03,5.91,438.87,Sandy Soil,Kharif,Banaskantha,Low,Castor
84,47,37,26.48,70.27,7.52,813.67,Alluvial Soil,Kharif,Banaskantha,High,Maize
29,27,25,30.8,48.58,7.14,355.82,Alluvial Soil,Kharif,Amreli,Low,Sesame
34,43,33,27.8,73.58,7.38,624.61,Black Soil,Kharif,Junagadh,Medium,Groundnut
38,46,41,21.85,43.72,6.56,157.28,Clay Soil,Rabi,Junagadh,Low,Gram
93,47,41,20.14,50.48,6.85,231.08,Alluvial Soil,Rabi,Ahmedabad,Medium,Wheat
41,53,25,27.2,74.56,6.67,659.02,Loamy Soil,Kharif,Junagadh,Medium,Groundnut
82,58,41,27.93,69.44,7.32,905.79,Red Soil,Kharif,Vadodara,High,Maize
98,56,53,30.95,60.56,5.58,833.87,Alluvial Soil,Kharif,Junagadh,Medium,Cotton
53,42,29,18.38,51.79,7.28,198.8,Alluvial Soil,Rabi,Banaskantha,Low,Mustard
48,41,27,30.23,55.94,7.55,388.03,Alluvial Soil,Kharif,Kutch,Low,Castor
26,45,32,25.05,49.3,5.83,202.29,Black Soil,Rabi,Jamnagar,Low,Gram
28,28,23,30.44,48.78,6.62,460.17,Alluvial Soil,Kharif,Amreli,Low,Sesame
59,52,36,15.29,54.43,6.78,197.85,Sandy Soil,Rabi,Banaskantha,Low,Mustard
65,41,38,18.67,53.51,7.41,126.88,Alluvial Soil,Rabi,Mehsana,Low,Mustard
46,22,30,30.87,40.57,6.59,234.45,Loamy Soil,Kharif,Jamnagar,Low,Bajra
32,50,45,19.33,42.98,7.18,190.37,Black Soil,Rabi,Vadodara,Low,Gram
88,47,45,20.07,45.7,6.2,195.05,Loamy Soil,Rabi,Anand,Medium,Wheat
37,54,35,24.63,39.67,6.3,186.48,Clay Soil,Rabi,Vadodara,Low,Gram
47,43,31,18.55,51.95,6.49,169.14,Alluvial Soil,Rabi,Mehsana,Low,Mustard
42,46,34,28.36,72.37,7.26,584.37,Loamy Soil,Kharif,Bhavnagar,Medium,Groundnut
70,44,31,21.25,54.39,6.74,179.92,Sandy Soil,Rabi,Mehsana,Low,Mustard
23,51,38,20.16,44.13,6.51,220.27,Clay Soil,Rabi,Junagadh,Low,Gram
36,24,24,32.31,46.08,5.65,427.66,Alluvial Soil,Kharif,Rajkot,Low,Sesame
41,45,38,29.3,69.26,5.91,678.95,Loamy Soil,Kharif,Rajkot,Medium,Groundnut
82,46,42,26.07,70.33,5.76,885.73,Alluvial Soil,Kharif,Mehsana,High,Maize
33,31,19,23.07,33.38,6.82,95.55,Loamy Soil,Rabi,Banaskantha,Low,Cumin
54,26,30,30.75,57.47,6.27,475.49,Loamy Soil,Kharif,Rajkot,Low,Castor
35,31,23,30.48,48.84,6.43,405.54,Sandy Soil,Kharif,Bhavnagar,Low,Sesame
64,43,33,19.61,51.38,7.16,154.83,Sandy Soil,Rabi,Mehsana,Low,Mustard
87,47,36,24.95,71.38,5.95,906.93,Red Soil,Kharif,Vadodara,High,Maize
67,44,32,19.47,48.77,6.11,212.29,Alluvial Soil,Rabi,Mehsana,Low,Mustard
36,54,27,24.94,42.02,7.43,176.78,Clay Soil,Rabi,Rajkot,Low,Gram
37,38,34,23.3,30.64,5.6,132.91,Alluvial Soil,Rabi,Kutch,Low,Cumin
60,39,28,17.72,50.25,6.32,167.82,Alluvial Soil,Rabi,Mehsana,Low,Mustard
40,36,32,19.52,53.87,6.69,190.42,Loamy Soil,Rabi,Jamnagar,Low,Mustard
38,39,40,26.99,74.16,7.03,622.24,Loamy Soil,Kharif,Rajkot,Medium,Groundnut
55,28,28,31.28,41.64,5.91,283.02,Sandy Soil,Kharif,Ahmedabad,Low,Bajra
62,34,44,15.87,52.64,6.6,115.5,Alluvial Soil,Rabi,Kutch,Low,Mustard
50,33,24,32.61,53.1,6.03,445.97,Alluvial Soil,Kharif,Anand,Low,Castor
98,55,38,30.5,61.02,6.57,915.5,Alluvial Soil,Kharif,Rajkot,Medium,Cotton
90,47,43,18.18,51.72,7.71,204.78,Loamy Soil,Rabi,Rajkot,Medium,Wheat
59,36,35,31.67,33.96,6.1,292.79,Loamy Soil,Kharif,Ahmedabad,Low,Bajra
32,41,42,25.75,43.52,6.18,146.54,Clay Soil,Rabi,Vadodara,Low,Gram
55,36,27,34.72,57.85,7.12,453.34,Sandy Soil,Kharif,Mehsana,Low,Castor
37,30,22,26.99,48.4,6.82,343.48,Alluvial Soil,Kharif,Junagadh,Low,Sesame
43,40,33,27.02,70.26,6.18,631.23,Loamy Soil,Kharif,Jamnagar,Medium,Groundnut
30,48,47,18.99,46.06,6.67,144.4,Black Soil,Rabi,Jamnagar,Low,Gram
23,35,32,24.2,38.92,5.62,117.05,Alluvial Soil,Rabi,Kutch,Low,Cumin
24,38,24,25.02,31.95,5.68,108.03,Alluvial Soil,Rabi,Rajkot,Low,Cumin
63,36,39,20.09,50.68,6.7,202.65,Loamy Soil,Rabi,Banaskantha,Low,Mustard
48,34,33,32.54,32.53,6.6,243.62,Sandy Soil,Kharif,Kutch,Low,Bajra
49,45,32,19.84,51.25,5.62,190.08,Loamy Soil,Rabi,Jamnagar,Low,Mustard
35,28,36,21.59,38.18,6.8,97.55,Sandy Soil,Rabi,Banaskantha,Low,Cumin
70,43,31,16.42,50.44,6.61,151.65,Alluvial Soil,Rabi,Banaskantha,Low,Mustard
57,26,21,31.63,53.5,6.61,425.45,Loamy Soil,Kharif,Banaskantha,Low,Castor
44,31,27,29.35,55.87,6.94,414.51,Loamy Soil,Kharif,Anand,Low,Castor
53,38,41,19.88,52.12,6.51,155.96,Alluvial Soil,Rabi,Jamnagar,Low,Mustard
43,35,37,33.88,35.06,6.55,243.5,Sandy Soil,Kharif,Mehsana,Low,Bajra
30,47,43,22.51,47.37,7.24,203.27,Clay Soil,Rabi,Ahmedabad,Low,Gram
47,40,31,28.98,57.59,6.91,487.0,Loamy Soil,Kharif,Rajkot,Low,Castor
56,42,32,18.62,49.56,7.07,208.99,Loamy Soil,Rabi,Kutch,Low,Mustard
76,50,39,24.44,69.45,7.27,802.76,Red Soil,Kharif,Banaskantha,High,Maize
37,43,34,19.69,47.27,6.31,162.64,Loamy Soil,Rabi,Jamnagar,Low,Gram
82,46,42,26.47,73.77,6.06,784.58,Alluvial Soil,Kharif,Banaskantha,High,Maize
55,41,36,27.48,69.78,6.55,682.45,Black Soil,Kharif,Rajkot,Medium,Groundnut
106,48,45,31.98,65.5,6.55,829.07,Black Soil,Kharif,Rajkot,Medium,Cotton
92,50,52,15.71,45.41,6.35,215.34,Black Soil,Rabi,Rajkot,Medium,Wheat
51,36,23,31.34,51.03,6.72,466.85,Loamy Soil,Kharif,Banaskantha,Low,Castor
60,36,25,29.51,52.45,5.99,380.53,Alluvial Soil,Kharif,Anand,Low,Castor
78,42,47,19.56,47.3,7.47,224.37,Black Soil,Rabi,Banaskantha,Medium,Wheat
24,24,24,31.44,45.86,6.57,397.27,Alluvial Soil,Kharif,Kutch,Low,Sesame
66,47,37,21.36,55.32,6.37,188.68,Loamy Soil,Rabi,Banaskantha,Low,Mustard
96,48,37,25.03,63.87,6.27,874.39,Alluvial Soil,Kharif,Banaskantha,High,Maize
79,49,33,28.28,63.16,6.83,813.81,Loamy Soil,Kharif,Vadodara,High,Maize
37,51,32,26.79,73.9,6.3,588.78,Sandy Soil,Kharif,Jamnagar,Medium,Groundnut
36,41,34,25.86,68.89,6.51,648.88,Black Soil,Kharif,Amreli,Medium,Groundnut
33,26,31,22.02,32.14,6.25,110.82,Alluvial Soil,Rabi,Banaskantha,Low,Cumin
50,45,31,17.76,55.75,6.58,187.09,Loamy Soil,Rabi,Jamnagar,Low,Mustard
88,53,45,26.55,70.85,6.17,1011.65,Alluvial Soil,Kharif,Ahmedabad,High,Maize
47,45,38,27.3,71.41,6.91,568.85,Loamy Soil,Kharif,Amreli,Medium,Groundnut
38,50,33,30.15,75.49,6.27,560.24,Black Soil,Kharif,Amreli,Medium,Groundnut
33,49,34,20.82,42.69,6.93,169.03,Black Soil,Rabi,Ahmedabad,Low,Gram
50,39,29,30.18,47.99,6.82,486.46,Loamy Soil,Kharif,Rajkot,Low,Castor
86,47,44,26.68,66.04,7.02,923.57,Alluvial Soil,Kharif,Ahmedabad,High,Maize
36,26,28,31.0,52.0,6.36,370.16,Loamy Soil,Kharif,Bhavnagar,Low,Sesame
39,32,27,22.56,34.66,6.51,117.66,Alluvial Soil,Rabi,Mehsana,Low,Cumin
61,36,33,30.27,54.59,7.42,486.07,Loamy Soil,Kharif,Rajkot,Low,Castor
56,37,34,18.45,56.1,6.9,187.84,Sandy Soil,Rabi,Banaskantha,Low,Mustard
35,34,27,25.0,34.93,6.91,91.85,Loamy Soil,Rabi,Kutch,Low,Cumin
46,48,24,29.76,72.73,6.7,606.76,Sandy Soil,Kharif,Junagadh,Medium,Groundnut
51,39,29,34.56,44.75,5.3,260.78,Loamy Soil,Kharif,Banaskantha,Low,Bajra
94,45,45,20.81,47.62,6.74,223.86,Black Soil,Rabi,Banaskantha,Medium,Wheat
49,27,33,33.25,41.78,6.73,284.56,Loamy Soil,Kharif,Kutch,Low,Bajra
33,41,35,22.08,48.1,6.03,152.85,Black Soil,Rabi,Jamnagar,Low,Gram
44,27,30,27.79,58.02,6.73,446.23,Loamy Soil,Kharif,Anand,Low,Castor
89,50,57,32.85,63.1,6.79,893.29,Black Soil,Kharif,Jamnagar,Medium,Cotton
40,47,33,23.18,42.64,6.18,191.54,Black Soil,Rabi,Vadodara,Low,Gram
36,30,27,29.7,51.86,6.42,414.61,Alluvial Soil,Kharif,Rajkot,Low,Sesame
49,42,30,28.92,49.39,6.52,462.57,Sandy Soil,Kharif,Kutch,Low,Castor
87,48,44,27.66,66.68,6.03,898.15,Red Soil,Kharif,Banaskantha,High,Maize
41,47,36,27.34,73.21,6.98,708.28,Black Soil,Kharif,Bhavnagar,Medium,Groundnut
47,53,36,29.69,71.64,6.18,611.07,Black Soil,Kharif,Junagadh,Medium,Groundnut
113,50,32,31.52,64.79,5.99,765.65,Alluvial Soil,Kharif,Junagadh,High,Cotton
39,51,29,21.86,39.3,6.96,181.96,Black Soil,Rabi,Jamnagar,Low,Gram
107,53,46,30.84,65.24,6.87,723.78,Black Soil,Kharif,Bhavnagar,High,Cotton
85,50,38,26.77,68.84,7.04,925.29,Alluvial Soil,Kharif,Banaskantha,High,Maize
104,59,47,30.1,67.81,6.88,670.54,Alluvial Soil,Kharif,Vadodara,Medium,Cotton
99,59,46,32.97,66.17,6.67,781.91,Black Soil,Kharif,Surat,High,Cotton
106,44,46,19.56,46.49,6.52,134.6,Black Soil,Rabi,Mehsana,Medium,Wheat
36,28,29,27.79,54.86,6.87,402.58,Loamy Soil,Kharif,Amreli,Low,Sesame
122,63,40,34.11,63.67,6.56,795.78,Alluvial Soil,Kharif,Bhavnagar,Medium,Cotton
31,25,23,30.04,50.53,6.62,429.54,Sandy Soil,Kharif,Junagadh,Low,Sesame
52,40,36,20.66,51.21,6.47,169.82,Sandy Soil,Rabi,Jamnagar,Low,Mustard
28,42,33,21.54,38.39,6.75,155.49,Black Soil,Rabi,Rajkot,Low,Gram
41,41,36,27.72,70.53,6.61,748.18,Sandy Soil,Kharif,Amreli,Medium,Groundnut
34,52,30,23.09,42.88,5.85,142.63,Loamy Soil,Rabi,Junagadh,Low,Gram
95,49,41,19.95,47.04,5.95,223.91,Clay Soil,Rabi,Rajkot,Medium,Wheat
40,44,36,18.85,49.27,5.67,186.28,Sandy Soil,Rabi,Mehsana,Low,Mustard
63,40,34,31.33,52.18,6.75,398.98,Alluvial Soil,Kharif,Kutch,Low,Castor
93,55,58,31.75,67.4,5.85,736.24,Alluvial Soil,Kharif,Bhavnagar,High,Cotton
59,52,29,28.03,74.38,6.89,672.12,Black Soil,Kharif,Junagadh,Medium,Groundnut
114,62,53,32.11,62.31,6.08,834.83,Black Soil,Kharif,Vadodara,High,Cotton
53,27,33,28.07,50.67,5.08,473.69,Sandy Soil,Kharif,Mehsana,Low,Castor
46,40,25,37.59,36.19,6.59,207.12,Loamy Soil,Kharif,Jamnagar,Low,Bajra
80,48,42,28.89,74.48,6.74,982.19,Loamy Soil,Kharif,Mehsana,High,Maize
62,32,32,16.98,48.93,6.93,123.08,Loamy Soil,Rabi,Kutch,Low,Mustard
36,22,25,31.18,54.24,6.34,420.82,Loamy Soil,Kharif,Junagadh,Low,Sesame
74,47,43,27.73,65.77,6.03,948.31,Red Soil,Kharif,Mehsana,High,Maize
55,30,32,30.01,57.8,6.65,456.13,Sandy Soil,Kharif,Rajkot,Low,Castor
59,46,32,17.64,53.39,6.83,152.37,Loamy Soil,Rabi,Banaskantha,Low,Mustard
40,46,31,27.62,69.9,6.54,610.54,Sandy Soil,Kharif,Bhavnagar,Medium,Groundnut
106,44,54,32.35,63.77,6.57,681.58,Alluvial Soil,Kharif,Junagadh,Medium,Cotton
86,46,44,19.13,44.5,5.46,227.26,Alluvial Soil,Rabi,Ahmedabad,Medium,Wheat
34,33,28,25.11,36.46,7.09,147.65,Alluvial Soil,Rabi,Mehsana,Low,Cumin
90,37,45,33.47,71.53,5.89,833.11,Alluvial Soil,Kharif,Jamnagar,High,Cotton
63,37,45,21.34,44.09,6.54,187.48,Black Soil,Rabi,Rajkot,Medium,Wheat
52,38,30,30.03,55.09,5.05,417.17,Loamy Soil,Kharif,Banaskantha,Low,Castor
36,35,24,32.53,51.74,6.56,428.56,Sandy Soil,Kharif,Banaskantha,Low,Castor
71,47,43,26.26,70.97,6.38,928.71,Red Soil,Kharif,Ahmedabad,High,Maize
37,29,32,22.23,33.27,6.5,150.08,Sandy Soil,Rabi,Rajkot,Low,Cumin
74,48,45,23.54,72.63,6.32,885.11,Red Soil,Kharif,Mehsana,High,Maize
82,49,44,21.86,45.05,6.13,171.76,Loamy Soil,Rabi,Rajkot,Medium,Wheat
50,28,20,28.16,50.36,5.82,462.29,Loamy Soil,Kharif,Kutch,Low,Sesame
57,28,27,30.61,39.46,7.03,259.03,Sandy Soil,Kharif,Mehsana,Low,Bajra
63,42,29,19.87,51.5,6.59,180.64,Sandy Soil,Rabi,Banaskantha,Low,Mustard
81,52,39,25.24,68.17,7.12,807.13,Loamy Soil,Kharif,Ahmedabad,High,Maize
83,51,57,32.03,65.77,5.87,758.91,Black Soil,Kharif,Junagadh,Medium,Cotton
91,39,37,26.44,70.08,6.47,959.29,Loamy Soil,Kharif,Ahmedabad,High,Maize
98,57,44,29.86,70.83,7.19,713.85,Black Soil,Kharif,Amreli,High,Cotton
104,64,46,32.79,64.64,7.47,683.52,Black Soil,Kharif,Jamnagar,High,Cotton
29,23,24,32.92,55.81,6.65,346.85,Alluvial Soil,Kharif,Bhavnagar,Low,Sesame
50,35,30,32.23,43.79,6.44,253.0,Loamy Soil,Kharif,Ahmedabad,Low,Bajra
54,35,39,16.7,49.9,7.14,153.89,Sandy Soil,Rabi,Banaskantha,Low,Mustard
75,53,40,22.0,78.21,6.21,861.56,Loamy Soil,Kharif,Banaskantha,High,Maize
53,36,28,27.7,52.87,6.03,469.97,Alluvial Soil,Kharif,Mehsana,Low,Castor
29,51,32,21.63,40.9,5.82,169.29,Clay Soil,Rabi,Jamnagar,Low,Gram
82,53,54,20.63,49.46,6.21,264.91,Loamy Soil,Rabi,Ahmedabad,Medium,Wheat
98,47,39,33.23,71.36,5.8,837.53,Alluvial Soil,Kharif,Vadodara,Medium,Cotton
62,38,23,33.22,55.93,7.44,436.7,Sandy Soil,Kharif,Banaskantha,Low,Castor
37,49,37,21.56,38.87,5.92,116.63,Loamy Soil,Rabi,Vadodara,Low,Gram
35,28,26,23.7,37.82,5.88,98.78,Sandy Soil,Rabi,Kutch,Low,Cumin
33,55,30,23.39,41.02,7.06,194.58,Black Soil,Rabi,Vadodara,Low,Gram
50,41,32,27.0,74.61,6.23,645.12,Sandy Soil,Kharif,Rajkot,Medium,Groundnut
27,41,29,20.36,37.04,5.95,135.13,Alluvial Soil,Rabi,Mehsana,Low,Cumin
41,28,24,30.26,49.81,6.24,434.77,Sandy Soil,Kharif,Rajkot,Low,Sesame
57,34,25,30.29,57.06,5.55,476.11,Loamy Soil,Kharif,Rajkot,Low,Castor
40,47,34,27.0,69.69,7.75,625.8,Black Soil,Kharif,Rajkot,Medium,Groundnut
46,33,30,28.87,63.73,6.03,480.6,Loamy Soil,Kharif,Banaskantha,Low,Castor
58,39,40,17.86,53.02,7.05,172.12,Loamy Soil,Rabi,Jamnagar,Low,Mustard
32,44,23,28.45,73.63,7.34,640.3,Sandy Soil,Kharif,Rajkot,Medium,Groundnut
82,35,38,20.81,47.14,6.25,199.82,Loamy Soil,Rabi,Mehsana,Medium,Wheat
31,51,34,25.83,74.41,6.96,656.22,Loamy Soil,Kharif,Rajkot,Medium,Groundnut
89,58,42,25.22,68.72,5.85,924.79,Loamy Soil,Kharif,Mehsana,High,Maize
50,33,35,32.93,45.53,6.81,283.25,Sandy Soil,Kharif,Mehsana,Low,Bajra
35,34,34,28.33,72.59,6.18,648.27,Loamy Soil,Kharif,Junagadh,Medium,Groundnut
33,45,25,23.15,44.12,6.67,169.62,Loamy Soil,Rabi,Ahmedabad,Low,Gram
28,42,45,26.71,75.37,6.21,675.45,Loamy Soil,Kharif,Jamnagar,Medium,Groundnut
33,49,31,20.12,43.03,7.03,153.04,Clay Soil,Rabi,Jamnagar,Low,Gram
64,40,26,19.63,52.78,6.06,169.55,Sandy Soil,Rabi,Jamnagar,Low,Mustard
112,43,54,34.98,60.6,6.89,800.07,Alluvial Soil,Kharif,Vadodara,Medium,Cotton
39,19,27,30.94,49.69,5.33,426.09,Loamy Soil,Kharif,Kutch,Low,Sesame
65,36,35,17.96,50.07,5.55,174.61,Sandy Soil,Rabi,Jamnagar,Low,Mustard
55,32,29,35.0,60.28,6.44,521.08,Sandy Soil,Kharif,Banaskantha,Low,Castor
86,45,43,16.63,46.05,6.84,247.92,Loamy Soil,Rabi,Rajkot,Medium,Wheat
98,48,50,30.8,65.09,6.5,872.39,Alluvial Soil,Kharif,Amreli,High,Cotton
95,48,50,26.69,72.76,7.47,909.29,Alluvial Soil,Kharif,Ahmedabad,High,Maize
49,43,33,28.97,73.89,6.19,654.82,Sandy Soil,Kharif,Junagadh,Medium,Groundnut
33,48,26,22.86,43.32,6.33,186.84,Loamy Soil,Rabi,Vadodara,Low,Gram
37,30,25,27.79,47.34,6.54,379.56,Alluvial Soil,Kharif,Junagadh,Low,Sesame
60,37,29,22.4,54.77,6.7,160.3,Sandy Soil,Rabi,Jamnagar,Low,Mustard
43,41,39,26.97,75.36,6.59,662.61,Sandy Soil,Kharif,Jamnagar,Medium,Groundnut
61,34,37,19.76,48.79,6.34,204.92,Sandy Soil,Rabi,Banaskantha,Low,Mustard
84,47,38,28.65,67.92,6.31,928.63,Alluvial Soil,Kharif,Banaskantha,High,Maize
104,50,46,32.99,58.64,7.16,804.85,Black Soil,Kharif,Vadodara,Medium,Cotton
116,47,50,31.88,69.19,6.7,784.34,Black Soil,Kharif,Amreli,Medium,Cotton
24,50,31,24.19,43.09,6.38,212.97,Black Soil,Rabi,Junagadh,Low,Gram
58,36,27,31.55,52.92,6.34,388.82,Loamy Soil,Kharif,Banaskantha,Low,Castor
101,44,42,21.51,45.86,6.81,198.05,Alluvial Soil,Rabi,Anand,Medium,Wheat
85,51,43,28.91,66.34,6.79,950.34,Alluvial Soil,Kharif,Ahmedabad,High,Maize
33,57,38,22.9,41.89,6.55,163.81,Loamy Soil,Rabi,Rajkot,Low,Gram
63,35,37,20.79,52.21,6.16,156.15,Loamy Soil,Rabi,Banaskantha,Low,Mustard
49,32,29,30.17,58.77,6.13,440.38,Sandy Soil,Kharif,Kutch,Low,Castor
30,50,32,28.05,73.5,6.11,672.82,Sandy Soil,Kharif,Jamnagar,Medium,Groundnut
51,30,36,29.11,54.1,6.65,374.6,Sandy Soil,Kharif,Kutch,Low,Castor
33,29,22,28.87,55.74,6.85,425.33,Sandy Soil,Kharif,Rajkot,Low,Sesame
51,38,24,30.41,54.96,7.06,504.35,Sandy Soil,Kharif,Kutch,Low,Castor
75,51,44,29.43,70.03,5.62,884.12,Loamy Soil,Kharif,Vadodara,High,Maize
38,37,39,22.62,42.59,5.88,194.3,Clay Soil,Rabi,Jamnagar,Low,Gram
32,29,25,23.15,32.01,6.92,145.6,Loamy Soil,Rabi,Kutch,Low,Cumin
64,44,35,18.65,50.47,6.28,199.18,Sandy Soil,Rabi,Kutch,Low,Mustard
101,50,51,31.18,64.81,7.09,822.79,Black Soil,Kharif,Vadodara,High,Cotton
31,24,25,27.47,49.28,6.69,375.82,Alluvial Soil,Kharif,Amreli,Low,Sesame
95,50,53,19.96,45.58,5.65,234.72,Black Soil,Rabi,Anand,Medium,Wheat
54,34,25,38.66,40.77,6.72,260.83,Sandy Soil,Kharif,Jamnagar,Low,Bajra
45,42,22,30.8,53.36,6.71,452.51,Alluvial Soil,Kharif,Anand,Low,Castor
31,25,28,29.92,46.92,6.02,421.88,Sandy Soil,Kharif,Kutch,Low,Sesame
48,41,36,30.12,63.06,6.22,435.86,Loamy Soil,Kharif,Anand,Low,Castor
43,53,27,22.74,43.41,6.43,160.1,Black Soil,Rabi,Junagadh,Low,Gram
37,43,42,22.13,43.19,6.56,180.26,Clay Soil,Rabi,Ahmedabad,Low,Gram
88,45,39,25.32,72.0,6.13,917.01,Red Soil,Kharif,Vadodara,High,Maize
42,45,36,18.71,48.33,7.05,152.6,Loamy Soil,Rabi,Kutch,Low,Mustard
81,53,35,26.24,73.62,6.28,758.96,Loamy Soil,Kharif,Anand,High,Maize
25,25,25,29.0,50.5,5.83,338.49,Loamy Soil,Kharif,Junagadh,Low,Sesame
45,45,35,27.42,75.18,6.65,616.03,Loamy Soil,Kharif,Rajkot,Medium,Groundnut
53,31,30,31.48,36.77,6.95,288.84,Sandy Soil,Kharif,Jamnagar,Low,Bajra
54,54,32,20.22,57.27,5.83,182.32,Loamy Soil,Rabi,Ahmedabad,Low,Mustard
33,51,40,21.83,42.87,6.47,181.63,Black Soil,Rabi,Jamnagar,Low,Gram
38,31,23,22.53,32.94,7.36,164.01,Loamy Soil,Rabi,Mehsana,Low,Cumin
31,33,25,31.75,45.7,7.08,387.59,Sandy Soil,Kharif,Kutch,Low,Sesame
54,37,36,36.1,34.63,6.47,358.79,Sandy Soil,Kharif,Banaskantha,Low,Bajra
56,35,31,31.56,36.44,5.81,298.09,Loamy Soil,Kharif,Mehsana,Low,Bajra
29,52,35,21.09,47.61,6.34,179.24,Black Soil,Rabi,Rajkot,Low,Gram
92,46,44,29.74,67.45,6.62,926.99,Red Soil,Kharif,Banaskantha,High,Maize
48,36,35,26.31,77.21,5.73,707.61,Loamy Soil,Kharif,Amreli,Medium,Groundnut
33,45,34,20.61,46.59,7.16,193.09,Clay Soil,Rabi,Vadodara,Low,Gram
34,29,28,28.05,50.07,6.93,363.53,Loamy Soil,Kharif,Bhavnagar,Low,Sesame
57,40,38,17.74,53.43,6.81,138.57,Sandy Soil,Rabi,Kutch,Low,Mustard
89,54,42,28.26,64.11,7.02,845.34,Loamy Soil,Kharif,Mehsana,High,Maize
37,34,31,22.37,35.0,5.27,100.49,Alluvial Soil,Rabi,Rajkot,Low,Cumin
78,44,44,28.99,68.79,6.2,872.39,Loamy Soil,Kharif,Anand,High,Maize
28,46,38,21.2,43.01,6.77,179.11,Loamy Soil,Rabi,Rajkot,Low,Gram
52,41,34,32.13,39.61,6.03,255.48,Sandy Soil,Kharif,Kutch,Low,Bajra
47,49,35,30.43,72.29,6.82,620.78,Loamy Soil,Kharif,Amreli,Medium,Groundnut
111,54,54,32.38,61.14,5.83,696.57,Alluvial Soil,Kharif,Jamnagar,Medium,Cotton
55,40,39,19.05,56.02,7.27,208.2,Alluvial Soil,Rabi,Banaskantha,Low,Mustard
61,34,33,30.93,39.77,5.49,253.49,Sandy Soil,Kharif,Jamnagar,Low,Bajra
47,39,31,27.54,59.42,7.69,432.23,Loamy Soil,Kharif,Rajkot,Low,Castor
44,44,38,28.88,70.44,5.98,690.9,Loamy Soil,Kharif,Rajkot,Medium,Groundnut
84,41,44,29.82,63.58,6.75,740.62,Alluvial Soil,Kharif,Bhavnagar,High,Cotton
99,50,55,31.34,60.29,6.24,841.27,Alluvial Soil,Kharif,Vadodara,High,Cotton
96,50,48,32.21,65.01,6.72,879.38,Alluvial Soil,Kharif,Jamnagar,Medium,Cotton
99,59,43,31.95,70.9,6.19,920.83,Alluvial Soil,Kharif,Amreli,High,Cotton
60,33,31,34.04,43.95,5.63,237.11,Loamy Soil,Kharif,Kutch,Low,Bajra
40,42,33,28.98,75.92,6.66,605.47,Sandy Soil,Kharif,Rajkot,Medium,Groundnut
46,34,29,30.98,57.54,5.76,513.2,Sandy Soil,Kharif,Rajkot,Low,Castor
67,40,36,34.02,45.03,5.95,306.37,Sandy Soil,Kharif,Ahmedabad,Low,Bajra
31,55,41,20.43,46.2,6.98,161.2,Black Soil,Rabi,Vadodara,Low,Gram
74,52,45,18.91,46.56,5.49,219.78,Loamy Soil,Rabi,Ahmedabad,Medium,Wheat
41,35,24,22.68,38.68,6.19,91.47,Loamy Soil,Rabi,Kutch,Low,Cumin
35,32,24,22.52,40.13,7.49,110.23,Loamy Soil,Rabi,Banaskantha,Low,Cumin
32,27,28,21.37,33.14,7.63,133.74,Sandy Soil,Rabi,Mehsana,Low,Cumin
63,38,32,32.76,35.63,6.44,239.18,Loamy Soil,Kharif,Ahmedabad,Low,Bajra
35,35,24,23.49,31.11,6.23,108.57,Alluvial Soil,Rabi,Banaskantha,Low,Cumin
90,48,45,16.49,43.13,7.46,200.0,Black Soil,Rabi,Mehsana,Medium,Wheat
48,38,30,32.46,35.71,6.7,253.81,Loamy Soil,Kharif,Banaskantha,Low,Bajra
98,43,44,20.35,49.92,6.66,236.85,Loamy Soil,Rabi,Anand,Medium,Wheat
92,49,44,30.93,63.84,6.89,729.74,Black Soil,Kharif,Vadodara,Medium,Cotton
78,45,49,19.36,44.87,6.45,219.94,Alluvial Soil,Rabi,Rajkot,Medium,Wheat
81,51,46,18.05,46.03,6.12,198.55,Clay Soil,Rabi,Anand,Medium,Wheat
45,40,38,28.19,70.82,6.83,694.66,Sandy Soil,Kharif,Rajkot,Medium,Groundnut
65,49,38,19.48,55.66,6.39,136.95,Alluvial Soil,Rabi,Ahmedabad,Low,Mustard
39,38,29,23.14,36.21,7.06,152.92,Sandy Soil,Rabi,Kutch,Low,Cumin
33,22,16,33.17,51.02,5.95,357.98,Alluvial Soil,Kharif,Bhavnagar,Low,Sesame
70,53,42,27.08,66.71,6.41,973.11,Alluvial Soil,Kharif,Ahmedabad,High,Maize
35,43,19,22.78,37.71,5.88,123.04,Sandy Soil,Rabi,Mehsana,Low,Cumin
61,41,19,28.72,58.14,6.49,449.1,Loamy Soil,Kharif,Rajkot,Low,Castor
77,57,44,26.54,70.36,6.95,912.4,Loamy Soil,Kharif,Banaskantha,High,Maize
99,59,53,30.56,62.75,6.98,619.16,Alluvial Soil,Kharif,Vadodara,Medium,Cotton
103,44,47,20.51,45.93,6.4,244.48,Alluvial Soil,Rabi,Ahmedabad,Medium,Wheat
39,35,26,28.72,59.14,7.7,404.04,Alluvial Soil,Kharif,Rajkot,Low,Castor
59,43,33,18.65,54.41,6.31,124.21,Loamy Soil,Rabi,Banaskantha,Low,Mustard
37,55,40,20.1,43.79,5.92,203.99,Black Soil,Rabi,Ahmedabad,Low,Gram
52,36,27,20.93,51.35,6.33,155.15,Loamy Soil,Rabi,Mehsana,Low,Mustard
32,32,29,24.7,33.04,6.13,158.87,Loamy Soil,Rabi,Mehsana,Low,Cumin
47,34,25,27.81,55.12,7.05,385.56,Loamy Soil,Kharif,Banaskantha,Low,Castor
36,30,29,18.0,33.66,6.49,94.32,Sandy Soil,Rabi,Jamnagar,Low,Cumin
39,34,21,28.63,50.16,7.21,414.57,Loamy Soil,Kharif,Bhavnagar,Low,Sesame
81,51,40,19.01,46.71,6.32,224.08,Alluvial Soil,Rabi,Ahmedabad,Medium,Wheat
40,41,40,16.15,53.82,7.1,164.88,Sandy Soil,Rabi,Kutch,Low,Mustard
68,33,25,18.32,53.79,6.03,119.92,Loamy Soil,Rabi,Ahmedabad,Low,Mustard
44,44,30,26.2,76.05,6.8,614.67,Loamy Soil,Kharif,Rajkot,Medium,Groundnut
38,45,49,21.04,42.32,6.22,194.45,Loamy Soil,Rabi,Vadodara,Low,Gram
94,43,47,31.77,63.55,6.72,749.95,Alluvial Soil,Kharif,Junagadh,High,Cotton
51,35,25,31.69,58.3,7.1,411.82,Loamy Soil,Kharif,Anand,Low,Castor
57,33,31,35.7,41.44,6.34,228.48,Sandy Soil,Kharif,Mehsana,Low,Bajra
97,47,49,31.71,61.07,7.23,758.52,Black Soil,Kharif,Junagadh,High,Cotton
65,41,40,32.44,37.1,6.57,291.95,Loamy Soil,Kharif,Ahmedabad,Low,Bajra
98,39,44,19.95,45.51,6.06,195.5,Loamy Soil,Rabi,Mehsana,Medium,Wheat
32,30,28,31.19,49.1,6.73,374.25,Loamy Soil,Kharif,Junagadh,Low,Sesame
58,28,30,26.93,55.15,5.82,546.31,Loamy Soil,Kharif,Banaskantha,Low,Castor
50,30,28,34.74,42.53,6.9,259.23,Loamy Soil,Kharif,Mehsana,Low,Bajra
35,35,26,33.1,56.63,6.35,440.16,Loamy Soil,Kharif,Banaskantha,Low,Castor
87,45,44,26.55,67.67,6.89,848.2,Red Soil,Kharif,Ahmedabad,High,Maize
84,45,45,25.46,69.93,6.47,886.19,Alluvial Soil,Kharif,Mehsana,High,Maize
34,26,26,31.23,49.67,6.73,371.99,Sandy Soil,Kharif,Kutch,Low,Sesame
55,39,27,20.05,50.93,7.11,182.01,Loamy Soil,Rabi,Mehsana,Low,Mustard
47,33,23,30.26,45.0,6.38,513.45,Alluvial Soil,Kharif,Anand,Low,Castor
107,47,54,21.4,51.76,5.96,219.77,Clay Soil,Rabi,Rajkot,Medium,Wheat
92,53,51,33.28,60.91,7.6,851.17,Alluvial Soil,Kharif,Rajkot,High,Cotton
32,48,40,23.05,37.84,5.86,171.62,Black Soil,Rabi,Vadodara,Low,Gram
31,45,34,25.85,70.2,6.43,605.67,Black Soil,Kharif,Junagadh,Medium,Groundnut
38,19,26,28.08,46.92,6.75,367.68,Loamy Soil,Kharif,Junagadh,Low,Sesame
46,34,30,30.8,35.28,5.87,272.57,Loamy Soil,Kharif,Banaskantha,Low,Bajra
37,56,33,21.31,42.83,6.51,185.81,Black Soil,Rabi,Junagadh,Low,Gram
78,48,44,26.74,70.65,7.29,874.39,Loamy Soil,Kharif,Anand,High,Maize
81,40,43,18.75,47.41,6.46,137.47,Alluvial Soil,Rabi,Banaskantha,Medium,Wheat
28,27,25,29.22,42.91,5.99,383.06,Loamy Soil,Kharif,Kutch,Low,Sesame
55,35,33,20.42,56.22,7.15,193.16,Loamy Soil,Rabi,Mehsana,Low,Mustard
39,50,27,28.72,68.32,6.08,589.37,Loamy Soil,Kharif,Jamnagar,Medium,Groundnut
32,52,33,24.16,41.5,6.56,171.99,Loamy Soil,Rabi,Jamnagar,Low,Gram
32,28,21,27.37,45.93,6.29,366.65,Loamy Soil,Kharif,Rajkot,Low,Sesame
58,28,28,27.96,52.22,6.24,526.03,Loamy Soil,Kharif,Kutch,Low,Castor
55,32,31,31.63,54.7,6.0,430.43,Alluvial Soil,Kharif,Kutch,Low,Castor
35,32,29,23.63,36.37,6.31,149.01,Loamy Soil,Rabi,Mehsana,Low,Cumin
54,30,30,29.14,49.85,5.63,433.81,Alluvial Soil,Kharif,Anand,Low,Castor
34,30,27,30.44,45.36,7.05,403.21,Sandy Soil,Kharif,Rajkot,Low,Sesame
76,37,41,27.43,69.62,7.93,925.26,Alluvial Soil,Kharif,Mehsana,High,Maize
79,49,43,23.76,64.63,6.95,855.75,Red Soil,Kharif,Vadodara,High,Maize
62,35,36,37.82,43.97,6.96,241.39,Loamy Soil,Kharif,Banaskantha,Low,Bajra
103,42,53,18.46,48.6,6.35,189.77,Alluvial Soil,Rabi,Anand,Medium,Wheat
35,17,30,30.92,48.73,6.29,423.34,Sandy Soil,Kharif,Junagadh,Low,Sesame
67,35,26,18.87,53.94,6.52,182.18,Alluvial Soil,Rabi,Banaskantha,Low,Mustard
31,32,30,23.82,39.73,5.9,98.61,Sandy Soil,Rabi,Mehsana,Low,Cumin
38,32,23,24.5,39.67,7.08,134.55,Loamy Soil,Rabi,Mehsana,Low,Cumin
43,29,24,31.51,49.15,6.72,462.9,Loamy Soil,Kharif,Mehsana,Low,Castor
35,25,18,31.98,46.89,6.49,415.7,Sandy Soil,Kharif,Junagadh,Low,Sesame
38,32,26,24.89,36.98,6.84,113.21,Sandy Soil,Rabi,Kutch,Low,Cumin
28,47,33,26.6,70.19,6.49,667.49,Sandy Soil,Kharif,Amreli,Medium,Groundnut
31,52,32,20.59,44.56,6.09,237.04,Clay Soil,Rabi,Ahmedabad,Low,Gram
46,46,31,29.02,53.42,5.49,456.87,Sandy Soil,Kharif,Anand,Low,Castor
55,36,23,28.38,57.06,6.24,419.23,Alluvial Soil,Kharif,Banaskantha,Low,Castor
104,39,38,17.54,45.25,7.05,218.68,Loamy Soil,Rabi,Anand,Medium,Wheat
83,49,35,33.0,58.12,6.51,661.48,Alluvial Soil,Kharif,Junagadh,High,Cotton
32,35,36,26.27,72.05,6.88,619.25,Sandy Soil,Kharif,Jamnagar,Medium,Groundnut
55,33,24,27.48,53.59,6.15,445.68,Loamy Soil,Kharif,Banaskantha,Low,Castor
65,42,34,16.98,50.08,6.59,171.33,Alluvial Soil,Rabi,Ahmedabad,Low,Mustard
58,39,33,21.64,51.36,6.21,140.71,Sandy Soil,Rabi,Banaskantha,Low,Mustard
41,33,20,21.95,33.32,6.32,94.78,Alluvial Soil,Rabi,Banaskantha,Low,Cumin
31,24,28,30.42,52.12,6.43,428.45,Loamy Soil,Kharif,Kutch,Low,Sesame
92,51,40,28.77,68.45,7.29,907.41,Red Soil,Kharif,Mehsana,High,Maize
25,33,26,30.03,50.06,6.99,472.84,Alluvial Soil,Kharif,Amreli,Low,Sesame
96,53,37,27.36,72.0,5.56,897.09,Loamy Soil,Kharif,Ahmedabad,High,Maize
55,36,34,34.13,43.09,6.51,257.95,Loamy Soil,Kharif,Banaskantha,Low,Bajra
33,27,29,21.8,34.77,5.85,129.06,Sandy Soil,Rabi,Mehsana,Low,Cumin
78,53,38,27.76,71.61,6.29,921.18,Alluvial Soil,Kharif,Anand,High,Maize
50,35,35,30.94,54.3,6.45,414.34,Alluvial Soil,Kharif,Rajkot,Low,Castor
90,49,42,21.03,47.65,6.42,225.2,Black Soil,Rabi,Ahmedabad,Medium,Wheat
30,32,24,20.22,36.86,6.93,109.57,Alluvial Soil,Rabi,Kutch,Low,Cumin
58,38,34,30.97,40.76,6.2,234.88,Loamy Soil,Kharif,Ahmedabad,Low,Bajra
37,51,36,28.49,68.74,6.48,620.5,Black Soil,Kharif,Amreli,Medium,Groundnut
82,46,45,29.73,78.87,6.13,778.61,Loamy Soil,Kharif,Anand,High,Maize
64,30,37,19.13,53.43,6.24,197.61,Alluvial Soil,Rabi,Jamnagar,Low,Mustard
35,28,22,22.99,35.34,6.84,127.47,Sandy Soil,Rabi,Mehsana,Low,Cumin
113,57,52,30.71,64.74,6.35,732.96,Alluvial Soil,Kharif,Jamnagar,Medium,Cotton
95,38,43,21.29,44.52,7.24,164.42,Clay Soil,Rabi,Banaskantha,Medium,Wheat
80,41,49,19.55,43.01,7.37,182.33,Black Soil,Rabi,Anand,Medium,Wheat
32,38,27,24.85,35.99,6.79,103.08,Loamy Soil,Rabi,Banaskantha,Low,Cumin
74,48,37,26.73,70.8,6.09,928.36,Loamy Soil,Kharif,Anand,High,Maize
89,49,45,19.75,46.52,6.29,197.11,Alluvial Soil,Rabi,Rajkot,Medium,Wheat
57,32,27,30.13,51.34,6.72,501.13,Alluvial Soil,Kharif,Anand,Low,Castor
57,34,32,36.13,35.27,5.87,307.37,Loamy Soil,Kharif,Kutch,Low,Bajra
32,43,35,28.68,73.16,6.97,631.91,Black Soil,Kharif,Amreli,Medium,Groundnut
36,33,22,20.71,38.52,6.17,77.71,Alluvial Soil,Rabi,Rajkot,Low,Cumin
90,46,49,18.49,46.28,6.17,188.93,Black Soil,Rabi,Anand,Medium,Wheat
52,42,30,30.28,54.43,6.75,423.4,Sandy Soil,Kharif,Kutch,Low,Castor
74,52,38,28.08,66.11,6.16,875.91,Red Soil,Kharif,Mehsana,High,Maize
40,53,29,20.67,43.48,6.64,148.76,Loamy Soil,Rabi,Jamnagar,Low,Gram
35,32,24,23.25,38.46,6.45,99.21,Sandy Soil,Rabi,Kutch,Low,Cumin
61,42,25,31.11,56.83,6.48,458.85,Loamy Soil,Kharif,Kutch,Low,Castor
34,44,34,29.02,72.86,6.67,654.24,Sandy Soil,Kharif,Rajkot,Medium,Groundnut
44,20,23,31.17,50.35,5.91,378.26,Sandy Soil,Kharif,Rajkot,Low,Castor
95,49,39,31.43,68.22,7.15,864.02,Alluvial Soil,Kharif,Rajkot,High,Cotton
83,59,43,28.34,70.48,5.95,936.66,Red Soil,Kharif,Banaskantha,High,Maize
102,54,40,30.56,68.51,6.48,845.43,Alluvial Soil,Kharif,Vadodara,Medium,Cotton
86,53,45,30.21,64.06,6.75,835.19,Black Soil,Kharif,Jamnagar,Medium,Cotton
114,43,47,21.65,46.35,5.81,146.28,Clay Soil,Rabi,Banaskantha,Medium,Wheat
28,19,21,26.37,50.31,6.27,387.25,Loamy Soil,Kharif,Bhavnagar,Low,Sesame
110,48,60,33.31,63.92,5.25,952.73,Black Soil,Kharif,Amreli,High,Cotton
58,40,27,28.53,57.64,5.93,399.77,Sandy Soil,Kharif,Rajkot,Low,Castor
51,28,30,37.03,39.9,6.12,354.82,Sandy Soil,Kharif,Ahmedabad,Low,Bajra
93,46,57,32.74,61.88,7.05,813.38,Black Soil,Kharif,Vadodara,Medium,Cotton
53,34,36,34.01,39.58,7.01,300.03,Sandy Soil,Kharif,Ahmedabad,Low,Bajra
42,33,22,28.97,58.99,6.41,479.79,Loamy Soil,Kharif,Anand,Low,Castor
86,50,46,22.62,66.94,6.78,903.36,Loamy Soil,Kharif,Ahmedabad,High,Maize
107,44,37,17.71,47.61,6.57,265.66,Alluvial Soil,Rabi,Anand,Medium,Wheat
52,38,21,30.25,59.24,6.2,491.62,Sandy Soil,Kharif,Mehsana,Low,Castor
77,46,43,18.63,47.58,6.02,162.15,Loamy Soil,Rabi,Mehsana,Medium,Wheat
60,44,36,18.85,52.15,7.04,144.59,Alluvial Soil,Rabi,Ahmedabad,Low,Mustard
52,34,28,30.87,57.52,6.7,401.02,Sandy Soil,Kharif,Rajkot,Low,Castor
37,34,29,23.93,35.41,6.38,153.35,Loamy Soil,Rabi,Kutch,Low,Cumin
58,41,31,37.11,43.73,6.28,355.16,Sandy Soil,Kharif,Jamnagar,Low,Bajra
59,34,29,32.84,46.08,6.59,330.41,Sandy Soil,Kharif,Kutch,Low,Bajra
35,27,31,31.57,49.92,6.56,442.36,Sandy Soil,Kharif,Amreli,Low,Sesame
89,49,49,20.19,46.52,6.95,177.69,Black Soil,Rabi,Mehsana,Medium,Wheat
40,35,29,27.09,70.51,6.6,641.97,Sandy Soil,Kharif,Jamnagar,Medium,Groundnut
33,41,34,21.82,42.18,5.66,178.6,Black Soil,Rabi,Junagadh,Low,Gram
94,51,44,33.94,66.09,6.65,841.48,Black Soil,Kharif,Bhavnagar,Medium,Cotton
35,47,38,27.33,73.83,5.98,772.29,Black Soil,Kharif,Jamnagar,Medium,Groundnut
90,55,46,27.9,64.8,6.26,954.63,Red Soil,Kharif,Ahmedabad,High,Maize
95,45,46,17.28,47.89,6.54,169.86,Loamy Soil,Rabi,Anand,Medium,Wheat
37,38,25,25.28,32.42,5.5,85.43,Loamy Soil,Rabi,Kutch,Low,Cumin
57,42,33,33.47,35.68,6.45,219.49,Loamy Soil,Kharif,Mehsana,Low,Bajra
39,26,22,28.41,51.18,7.15,389.11,Sandy Soil,Kharif,Junagadh,Low,Sesame
41,36,28,28.82,56.19,5.71,403.66,Loamy Soil,Kharif,Anand,Low,Castor
53,35,30,32.69,40.52,6.38,346.84,Loamy Soil,Kharif,Jamnagar,Low,Bajra
57,38,39,19.35,53.74,6.46,150.09,Sandy Soil,Rabi,Ahmedabad,Low,Mustard
37,55,30,23.62,40.97,5.83,159.72,Black Soil,Rabi,Junagadh,Low,Gram
45,35,26,35.58,42.69,6.06,281.07,Loamy Soil,Kharif,Jamnagar,Low,Bajra
34,53,37,20.44,43.54,6.96,150.59,Clay Soil,Rabi,Junagadh,Low,Gram
27,36,31,24.26,40.62,6.73,117.03,Sandy Soil,Rabi,Mehsana,Low,Cumin
99,47,35,18.99,53.26,6.69,212.26,Clay Soil,Rabi,Banaskantha,Medium,Wheat
50,35,35,31.51,53.31,6.75,358.65,Sandy Soil,Kharif,Banaskantha,Low,Castor
35,30,31,30.07,55.11,6.56,382.19,Loamy Soil,Kharif,Bhavnagar,Low,Sesame
26,31,25,24.75,38.93,7.14,127.95,Loamy Soil,Rabi,Kutch,Low,Cumin
30,53,30,28.71,68.86,6.4,664.57,Sandy Soil,Kharif,Junagadh,Medium,Groundnut
42,23,25,24.1,36.97,5.77,141.15,Sandy Soil,Rabi,Banaskantha,Low,Cumin
29,50,34,23.58,44.42,6.06,126.61,Black Soil,Rabi,Junagadh,Low,Gram
34,43,30,20.91,46.58,6.52,241.1,Black Soil,Rabi,Jamnagar,Low,Gram
99,58,48,32.28,61.36,6.62,869.03,Black Soil,Kharif,Bhavnagar,High,Cotton
38,50,41,23.32,42.99,6.35,204.22,Clay Soil,Rabi,Vadodara,Low,Gram
37,44,34,29.44,71.67,7.26,543.21,Loamy Soil,Kharif,Jamnagar,Medium,Groundnut
61,36,32,20.5,52.29,6.5,159.4,Sandy Soil,Rabi,Mehsana,Low,Mustard
61,44,37,17.74,48.85,6.76,131.63,Alluvial Soil,Rabi,Banaskantha,Low,Mustard
37,45,37,23.55,44.84,6.46,200.39,Loamy Soil,Rabi,Jamnagar,Low,Gram
59,34,24,33.74,43.47,5.91,306.13,Sandy Soil,Kharif,Banaskantha,Low,Bajra
111,59,51,30.48,70.44,5.93,820.18,Black Soil,Kharif,Junagadh,Medium,Cotton
110,50,42,30.61,58.45,7.53,726.45,Black Soil,Kharif,Amreli,Medium,Cotton
32,36,28,21.5,38.13,6.8,134.41,Alluvial Soil,Rabi,Mehsana,Low,Cumin
50,29,26,27.76,61.89,6.37,440.86,Sandy Soil,Kharif,Kutch,Low,Castor
57,34,35,37.24,31.75,7.04,339.46,Sandy Soil,Kharif,Jamnagar,Low,Bajra
110,42,47,19.72,48.38,6.71,229.38,Alluvial Soil,Rabi,Mehsana,Medium,Wheat
30,32,28,23.67,39.69,6.45,122.86,Alluvial Soil,Rabi,Banaskantha,Low,Cumin
80,47,41,19.75,48.53,6.21,159.87,Clay Soil,Rabi,Ahmedabad,Medium,Wheat
36,47,33,27.78,72.47,6.01,575.14,Black Soil,Kharif,Amreli,Medium,Groundnut
36,41,34,23.15,41.04,5.99,195.94,Loamy Soil,Rabi,Ahmedabad,Low,Gram
80,50,39,26.71,68.88,5.87,743.26,Red Soil,Kharif,Anand,High,Maize
40,20,28,29.87,45.38,5.09,416.72,Alluvial Soil,Kharif,Kutch,Low,Sesame
27,52,32,23.54,41.69,6.01,161.6,Clay Soil,Rabi,Rajkot,Low,Gram
30,35,28,23.82,33.64,6.07,92.59,Sandy Soil,Rabi,Jamnagar,Low,Cumin
58,37,31,18.63,51.03,6.84,165.87,Alluvial Soil,Rabi,Kutch,Low,Mustard
56,32,35,34.04,38.51,6.85,302.13,Sandy Soil,Kharif,Kutch,Low,Bajra
53,36,24,30.75,60.16,5.99,487.69,Sandy Soil,Kharif,Rajkot,Low,Castor
75,52,42,26.07,69.66,7.04,820.52,Alluvial Soil,Kharif,Banaskantha,High,Maize
51,40,31,36.71,47.37,7.01,278.94,Loamy Soil,Kharif,Mehsana,Low,Bajra
38,49,40,22.14,43.19,6.25,178.92,Clay Soil,Rabi,Vadodara,Low,Gram
54,38,39,32.12,38.25,6.45,234.39,Loamy Soil,Kharif,Banaskantha,Low,Bajra
61,41,26,32.59,41.92,6.57,287.22,Sandy Soil,Kharif,Kutch,Low,Bajra
59,34,24,29.15,56.38,5.93,427.31,Loamy Soil,Kharif,Anand,Low,Castor
86,35,37,29.93,74.82,6.74,920.49,Loamy Soil,Kharif,Vadodara,High,Maize
44,40,27,31.29,56.33,7.03,403.24,Alluvial Soil,Kharif,Kutch,Low,Castor
58,41,34,36.65,40.77,7.26,325.28,Loamy Soil,Kharif,Kutch,Low,Bajra
59,38,31,35.83,35.76,6.46,266.94,Loamy Soil,Kharif,Mehsana,Low,Bajra
88,46,43,30.74,63.17,6.39,855.81,Black Soil,Kharif,Vadodara,High,Cotton
39,50,34,20.63,40.6,6.02,162.25,Black Soil,Rabi,Vadodara,Low,Gram
33,42,25,19.53,44.51,6.32,155.7,Black Soil,Rabi,Vadodara,Low,Gram
80,55,42,17.77,47.27,6.95,200.58,Loamy Soil,Rabi,Ahmedabad,Medium,Wheat
88,49,41,27.87,72.63,6.53,974.68,Loamy Soil,Kharif,Banaskantha,High,Maize
92,54,44,21.51,49.69,6.87,132.95,Black Soil,Rabi,Rajkot,Medium,Wheat
37,26,28,29.09,53.63,6.57,389.61,Loamy Soil,Kharif,Kutch,Low,Sesame
52,38,34,33.09,37.07,5.63,298.05,Sandy Soil,Kharif,Banaskantha,Low,Bajra
77,47,52,18.65,49.07,5.74,206.01,Alluvial Soil,Rabi,Ahmedabad,Medium,Wheat
94,54,50,31.87,64.81,6.71,784.6,Alluvial Soil,Kharif,Junagadh,High,Cotton
99,51,47,17.96,47.15,5.67,213.84,Loamy Soil,Rabi,Anand,Medium,Wheat
51,28,25,29.87,53.91,6.4,531.07,Loamy Soil,Kharif,Anand,Low,Castor
29,47,31,22.5,48.18,6.6,181.8,Clay Soil,Rabi,Junagadh,Low,Gram
31,52,33,20.79,40.69,6.62,203.17,Loamy Soil,Rabi,Rajkot,Low,Gram
62,45,31,18.21,55.04,6.85,182.04,Loamy Soil,Rabi,Ahmedabad,Low,Mustard
84,48,51,31.74,63.45,6.52,683.62,Black Soil,Kharif,Junagadh,Medium,Cotton
29,44,29,23.96,42.04,6.13,149.9,Loamy Soil,Rabi,Vadodara,Low,Gram
92,46,43,19.15,45.1,6.92,141.95,Loamy Soil,Rabi,Banaskantha,Medium,Wheat
104,60,53,34.87,62.44,6.94,812.22,Black Soil,Kharif,Vadodara,Medium,Cotton
78,47,45,24.5,73.69,6.36,845.43,Red Soil,Kharif,Vadodara,High,Maize
34,31,30,21.24,37.77,6.25,108.52,Loamy Soil,Rabi,Mehsana,Low,Cumin
41,48,30,27.15,76.65,6.99,689.53,Loamy Soil,Kharif,Amreli,Medium,Groundnut
39,20,24,30.9,49.16,7.09,352.84,Loamy Soil,Kharif,Amreli,Low,Sesame
39,24,18,29.66,48.81,6.23,435.02,Loamy Soil,Kharif,Bhavnagar,Low,Sesame
34,49,37,26.68,71.27,6.23,781.62,Sandy Soil,Kharif,Rajkot,Medium,Groundnut
28,16,29,29.92,47.6,6.21,374.17,Alluvial Soil,Kharif,Amreli,Low,Sesame
42,36,32,31.62,56.69,6.46,374.99,Alluvial Soil,Kharif,Anand,Low,Castor
82,47,50,34.29,64.67,6.66,863.5,Alluvial Soil,Kharif,Bhavnagar,High,Cotton
61,30,28,37.31,35.97,6.74,200.93,Sandy Soil,Kharif,Jamnagar,Low,Bajra
57,39,23,17.06,46.8,6.65,162.68,Loamy Soil,Rabi,Mehsana,Low,Mustard
39,28,28,21.58,34.78,6.82,108.74,Sandy Soil,Rabi,Mehsana,Low,Cumin
92,57,48,31.99,67.93,6.74,896.44,Black Soil,Kharif,Surat,High,Cotton
94,39,38,19.87,47.43,6.58,210.92,Loamy Soil,Rabi,Anand,Medium,Wheat
25,32,31,21.75,35.9,6.03,115.72,Sandy Soil,Rabi,Mehsana,Low,Cumin
56,34,37,21.08,51.25,7.43,175.67,Alluvial Soil,Rabi,Kutch,Low,Mustard
85,41,41,26.37,69.93,7.02,1036.83,Alluvial Soil,Kharif,Vadodara,High,Maize
46,28,22,29.82,54.33,6.26,552.65,Sandy Soil,Kharif,Mehsana,Low,Castor
36,39,34,25.32,43.19,7.3,161.0,Loamy Soil,Rabi,Junagadh,Low,Gram
98,49,38,32.68,63.22,5.92,608.52,Alluvial Soil,Kharif,Jamnagar,High,Cotton
68,34,31,20.78,51.64,7.47,184.57,Alluvial Soil,Rabi,Jamnagar,Low,Mustard
28,41,31,28.89,72.97,7.3,598.22,Black Soil,Kharif,Bhavnagar,Medium,Groundnut
78,40,47,27.18,66.21,7.23,853.24,Loamy Soil,Kharif,Ahmedabad,High,Maize
65,40,26,33.83,44.85,6.39,263.79,Loamy Soil,Kharif,Kutch,Low,Bajra
85,48,50,19.86,47.43,6.91,171.46,Loamy Soil,Rabi,Ahmedabad,Medium,Wheat
74,59,39,28.55,72.81,5.87,833.17,Loamy Soil,Kharif,Vadodara,High,Maize
94,56,51,31.97,65.39,7.14,760.56,Alluvial Soil,Kharif,Amreli,High,Cotton
44,50,34,19.15,46.33,6.46,159.78,Clay Soil,Rabi,Jamnagar,Low,Gram
37,45,34,22.83,39.33,6.11,174.67,Clay Soil,Rabi,Ahmedabad,Low,Gram
84,42,39,30.36,64.97,6.37,898.91,Alluvial Soil,Kharif,Ahmedabad,High,Maize
93,53,42,27.28,70.04,6.28,899.83,Alluvial Soil,Kharif,Vadodara,High,Maize
43,27,26,27.86,49.44,7.33,400.01,Sandy Soil,Kharif,Bhavnagar,Low,Sesame
40,35,32,28.3,72.28,6.22,602.67,Black Soil,Kharif,Bhavnagar,Medium,Groundnut
54,33,37,30.38,59.66,6.29,503.39,Loamy Soil,Kharif,Kutch,Low,Castor
39,27,22,29.14,49.68,6.45,410.33,Sandy Soil,Kharif,Kutch,Low,Sesame
75,47,44,26.63,68.37,7.21,1000.9,Loamy Soil,Kharif,Vadodara,High,Maize
39,41,43,27.77,75.73,5.72,623.5,Sandy Soil,Kharif,Rajkot,Medium,Groundnut
40,21,24,32.02,48.12,6.38,426.03,Sandy Soil,Kharif,Kutch,Low,Sesame
57,41,22,29.65,53.56,6.66,336.69,Alluvial Soil,Kharif,Anand,Low,Castor
49,49,37,27.11,74.51,7.48,615.57,Sandy Soil,Kharif,Rajkot,Medium,Groundnut
47,29,28,33.76,56.38,6.64,416.67,Alluvial Soil,Kharif,Mehsana,Low,Castor
48,36,36,36.16,34.0,6.56,277.13,Loamy Soil,Kharif,Jamnagar,Low,Bajra
68,42,36,17.35,51.98,6.32,174.35,Sandy Soil,Rabi,Banaskantha,Low,Mustard
31,50,27,25.57,77.17,5.8,659.21,Sandy Soil,Kharif,Jamnagar,Medium,Groundnut
99,53,53,32.7,64.36,6.4,834.01,Alluvial Soil,Kharif,Bhavnagar,Medium,Cotton
33,60,33,25.38,44.69,6.93,171.04,Loamy Soil,Rabi,Rajkot,Low,Gram
38,38,34,22.65,37.75,6.62,112.41,Sandy Soil,Rabi,Kutch,Low,Cumin
100,53,48,33.23,68.4,6.2,758.92,Alluvial Soil,Kharif,Vadodara,High,Cotton
59,37,30,20.84,57.62,5.64,138.81,Sandy Soil,Rabi,Kutch,Low,Mustard
82,44,39,16.88,46.73,6.85,242.74,Loamy Soil,Rabi,Rajkot,Medium,Wheat
86,47,44,25.77,67.98,7.33,982.06,Red Soil,Kharif,Mehsana,High,Maize
89,38,41,15.0,46.26,6.52,195.46,Loamy Soil,Rabi,Banaskantha,Medium,Wheat
38,39,26,23.35,33.15,6.43,150.09,Loamy Soil,Rabi,Banaskantha,Low,Cumin
107,47,40,19.14,46.78,6.76,234.73,Black Soil,Rabi,Ahmedabad,Medium,Wheat
63,38,40,21.25,49.26,7.06,228.39,Sandy Soil,Rabi,Jamnagar,Low,Mustard
59,41,24,28.72,60.88,6.45,450.16,Sandy Soil,Kharif,Banaskantha,Low,Castor
82,49,41,32.42,61.97,5.79,897.71,Black Soil,Kharif,Surat,Medium,Cotton
75,51,49,17.15,46.52,6.21,224.93,Clay Soil,Rabi,Anand,Medium,Wheat
37,24,26,23.62,34.63,4.84,116.38,Loamy Soil,Rabi,Rajkot,Low,Cumin
37,43,32,27.56,68.98,6.23,645.12,Sandy Soil,Kharif,Amreli,Medium,Groundnut
36,49,34,23.53,43.09,4.9,163.8,Clay Soil,Rabi,Ahmedabad,Low,Gram
54,41,37,19.67,56.01,7.6,132.88,Alluvial Soil,Rabi,Jamnagar,Low,Mustard
123,51,46,33.33,70.68,5.68,680.91,Black Soil,Kharif,Amreli,High,Cotton
39,54,29,21.69,39.64,6.35,163.57,Black Soil,Rabi,Junagadh,Low,Gram
35,56,40,26.67,43.31,7.53,195.25,Loamy Soil,Rabi,Rajkot,Low,Gram
40,39,28,21.16,39.17,7.26,113.7,Sandy Soil,Rabi,Jamnagar,Low,Cumin
30,54,30,21.29,44.23,6.57,179.16,Black Soil,Rabi,Junagadh,Low,Gram
89,40,38,26.74,70.49,6.93,902.88,Red Soil,Kharif,Anand,High,Maize
34,33,27,30.51,54.36,6.58,397.45,Alluvial Soil,Kharif,Bhavnagar,Low,Sesame
94,43,52,30.16,63.55,6.37,795.36,Alluvial Soil,Kharif,Surat,High,Cotton
96,40,40,27.04,67.07,6.09,931.66,Loamy Soil,Kharif,Anand,High,Maize
101,41,43,21.95,47.01,5.87,177.69,Alluvial Soil,Rabi,Banaskantha,Medium,Wheat
51,44,20,30.8,46.09,6.47,501.05,Sandy Soil,Kharif,Mehsana,Low,Castor
59,34,39,19.37,54.53,6.74,116.45,Loamy Soil,Rabi,Jamnagar,Low,Mustard
94,51,34,20.7,43.65,7.11,178.77,Black Soil,Rabi,Rajkot,Medium,Wheat
41,32,29,21.29,35.15,6.99,108.43,Alluvial Soil,Rabi,Rajkot,Low,Cumin
33,33,27,24.31,31.0,7.36,144.15,Sandy Soil,Rabi,Kutch,Low,Cumin
55,35,29,19.14,52.01,6.77,169.17,Loamy Soil,Rabi,Mehsana,Low,Mustard
61,41,28,21.71,52.09,6.09,170.89,Loamy Soil,Rabi,Banaskantha,Low,Mustard
79,42,31,16.27,48.24,6.51,180.43,Alluvial Soil,Rabi,Jamnagar,Low,Mustard
36,41,31,23.22,34.69,6.67,88.28,Loamy Soil,Rabi,Kutch,Low,Cumin
33,47,31,20.2,44.63,6.27,146.71,Loamy Soil,Rabi,Ahmedabad,Low,Gram
41,48,31,28.91,70.72,5.44,628.8,Sandy Soil,Kharif,Rajkot,Medium,Groundnut
93,47,33,19.14,47.41,7.14,201.59,Clay Soil,Rabi,Banaskantha,Medium,Wheat
45,38,41,21.05,52.92,6.13,153.18,Loamy Soil,Rabi,Mehsana,Low,Mustard
36,25,22,30.39,45.29,5.97,399.35,Loamy Soil,Kharif,Amreli,Low,Sesame
66,46,38,18.51,52.97,7.66,192.92,Sandy Soil,Rabi,Mehsana,Low,Mustard
25,31,29,28.95,50.64,6.81,455.34,Loamy Soil,Kharif,Kutch,Low,Sesame
57,36,29,34.1,38.93,6.33,288.21,Sandy Soil,Kharif,Kutch,Low,Bajra
37,57,31,21.07,44.38,6.32,119.38,Loamy Soil,Rabi,Ahmedabad,Low,Gram
71,35,32,21.42,51.77,6.88,201.52,Sandy Soil,Rabi,Ahmedabad,Low,Mustard
40,35,29,31.0,55.59,6.58,450.25,Alluvial Soil,Kharif,Rajkot,Low,Castor
57,41,30,30.65,56.18,5.76,371.47,Loamy Soil,Kharif,Rajkot,Low,Castor
57,39,27,34.99,44.48,6.07,245.03,Loamy Soil,Kharif,Ahmedabad,Low,Bajra
92,50,42,27.08,72.27,6.07,928.4,Alluvial Soil,Kharif,Anand,High,Maize
32,26,30,29.69,49.9,6.26,425.79,Sandy Soil,Kharif,Amreli,Low,Sesame
49,38,28,26.82,50.36,5.96,472.83,Sandy Soil,Kharif,Rajkot,Low,Castor
84,49,37,29.91,68.38,6.67,916.94,Alluvial Soil,Kharif,Banaskantha,High,Maize
54,27,31,28.12,58.28,6.75,356.49,Sandy Soil,Kharif,Anand,Low,Castor
31,56,41,23.05,45.72,6.68,191.22,Clay Soil,Rabi,Ahmedabad,Low,Gram
35,27,31,25.33,40.13,7.06,108.06,Sandy Soil,Rabi,Kutch,Low,Cumin
38,29,22,31.16,52.13,7.11,428.23,Sandy Soil,Kharif,Kutch,Low,Sesame
48,51,33,26.21,73.85,7.28,718.49,Black Soil,Kharif,Amreli,Medium,Groundnut
36,35,25,30.08,58.36,6.03,416.5,Sandy Soil,Kharif,Bhavnagar,Low,Sesame
50,42,32,21.52,56.8,6.74,191.97,Loamy Soil,Rabi,Ahmedabad,Low,Mustard
37,23,23,29.91,50.3,6.71,405.96,Alluvial Soil,Kharif,Rajkot,Low,Sesame
40,52,35,23.64,41.93,7.22,249.98,Black Soil,Rabi,Junagadh,Low,Gram
42,43,29,27.01,71.96,4.7,614.94,Sandy Soil,Kharif,Jamnagar,Medium,Groundnut
37,39,34,21.81,40.21,6.88,198.6,Clay Soil,Rabi,Ahmedabad,Low,Gram
36,34,29,30.17,48.55,6.78,408.88,Sandy Soil,Kharif,Rajkot,Low,Sesame
91,43,52,20.04,46.48,6.1,197.55,Loamy Soil,Rabi,Mehsana,Medium,Wheat
23,56,34,19.79,40.07,6.18,175.16,Loamy Soil,Rabi,Rajkot,Low,Gram
43,55,36,27.88,72.51,6.24,602.5,Loamy Soil,Kharif,Rajkot,Medium,Groundnut
72,56,43,29.56,66.7,7.19,790.84,Black Soil,Kharif,Surat,High,Cotton
33,23,27,29.9,52.69,6.03,407.97,Alluvial Soil,Kharif,Rajkot,Low,Sesame
59,46,36,19.19,54.24,6.47,166.42,Sandy Soil,Rabi,Kutch,Low,Mustard
38,32,28,29.22,49.1,7.27,383.14,Loamy Soil,Kharif,Kutch,Low,Sesame
109,43,32,33.25,60.44,6.39,721.99,Black Soil,Kharif,Surat,High,Cotton
103,46,47,30.05,59.1,6.68,774.41,Black Soil,Kharif,Surat,Medium,Cotton
32,29,22,29.78,51.58,6.64,423.03,Alluvial Soil,Kharif,Rajkot,Low,Sesame
55,36,25,31.69,54.34,6.55,485.87,Loamy Soil,Kharif,Anand,Low,Castor
31,30,26,23.54,41.2,6.03,117.75,Loamy Soil,Rabi,Mehsana,Low,Cumin
49,25,31,32.09,48.9,5.98,551.19,Alluvial Soil,Kharif,Anand,Low,Castor
60,38,35,33.93,45.74,6.85,284.25,Loamy Soil,Kharif,Kutch,Low,Bajra
37,26,23,31.73,49.13,7.46,401.59,Loamy Soil,Kharif,Rajkot,Low,Sesame
52,38,31,33.02,53.45,7.23,455.85,Alluvial Soil,Kharif,Rajkot,Low,Castor
49,33,41,36.6,37.1,6.63,279.0,Loamy Soil,Kharif,Ahmedabad,Low,Bajra
62,23,33,33.42,37.49,6.12,165.12,Loamy Soil,Kharif,Mehsana,Low,Bajra
90,47,45,18.31,46.47,7.48,289.07,Black Soil,Rabi,Ahmedabad,Medium,Wheat
61,30,33,37.01,39.7,6.54,277.3,Loamy Soil,Kharif,Jamnagar,Low,Bajra
52,44,25,30.17,49.77,6.51,443.75,Sandy Soil,Kharif,Mehsana,Low,Castor
45,24,22,32.09,57.93,6.45,458.11,Alluvial Soil,Kharif,Anand,Low,Castor
57,36,35,34.73,36.79,6.39,344.36,Loamy Soil,Kharif,Jamnagar,Low,Bajra
61,45,37,20.61,54.11,6.97,100.93,Alluvial Soil,Rabi,Banaskantha,Low,Mustard
84,51,40,18.4,47.98,6.31,274.27,Clay Soil,Rabi,Anand,Medium,Wheat
31,29,25,22.56,39.13,6.34,96.67,Alluvial Soil,Rabi,Jamnagar,Low,Cumin
90,49,52,32.73,64.2,6.32,773.88,Alluvial Soil,Kharif,Surat,High,Cotton
58,38,30,35.1,41.97,6.39,338.93,Loamy Soil,Kharif,Banaskantha,Low,Bajra
45,29,25,32.83,55.34,5.78,383.19,Alluvial Soil,Kharif,Kutch,Low,Sesame
88,46,49,19.64,50.88,7.3,226.51,Clay Soil,Rabi,Mehsana,Medium,Wheat
44,26,34,29.52,64.03,6.89,541.46,Alluvial Soil,Kharif,Anand,Low,Castor
39,24,22,30.5,53.07,6.58,432.21,Sandy Soil,Kharif,Amreli,Low,Sesame
40,39,26,29.33,51.26,7.41,401.36,Sandy Soil,Kharif,Banaskantha,Low,Castor
99,58,61,30.08,64.25,5.31,812.84,Black Soil,Kharif,Amreli,High,Cotton
46,45,40,21.81,45.46,6.14,175.15,Black Soil,Rabi,Vadodara,Low,Gram
44,29,30,21.88,29.94,6.43,87.83,Sandy Soil,Rabi,Rajkot,Low,Cumin
48,34,31,29.16,57.67,6.72,366.3,Sandy Soil,Kharif,Rajkot,Low,Castor
66,43,29,21.47,53.36,7.19,166.47,Sandy Soil,Rabi,Ahmedabad,Low,Mustard
50,33,29,29.94,54.06,6.58,458.35,Loamy Soil,Kharif,Rajkot,Low,Castor
90,43,40,27.02,70.78,6.36,821.85,Alluvial Soil,Kharif,Mehsana,High,Maize
31,24,24,28.05,48.02,6.35,390.96,Alluvial Soil,Kharif,Bhavnagar,Low,Sesame
92,47,36,26.31,71.38,6.8,990.61,Loamy Soil,Kharif,Banaskantha,High,Maize
36,49,39,23.51,41.82,6.91,158.66,Loamy Soil,Rabi,Ahmedabad,Low,Gram
80,41,34,21.53,41.92,6.37,160.73,Loamy Soil,Rabi,Rajkot,Medium,Wheat
53,31,29,33.4,34.52,5.52,279.09,Loamy Soil,Kharif,Kutch,Low,Bajra
34,57,33,22.94,44.09,6.95,175.93,Black Soil,Rabi,Junagadh,Low,Gram
70,54,38,26.77,74.29,7.39,786.63,Alluvial Soil,Kharif,Mehsana,High,Maize
99,64,57,32.58,65.13,6.56,840.9,Alluvial Soil,Kharif,Surat,High,Cotton
63,38,27,19.85,57.19,6.83,197.8,Alluvial Soil,Rabi,Mehsana,Low,Mustard
87,40,43,21.62,51.71,5.49,236.37,Alluvial Soil,Rabi,Anand,Medium,Wheat
87,40,47,21.46,44.43,7.36,195.71,Alluvial Soil,Rabi,Ahmedabad,Medium,Wheat
94,49,47,26.45,67.84,6.71,894.9,Loamy Soil,Kharif,Mehsana,High,Maize
42,26,29,27.92,61.87,6.63,517.58,Loamy Soil,Kharif,Kutch,Low,Castor
47,39,35,26.73,72.77,6.85,617.03,Sandy Soil,Kharif,Rajkot,Medium,Groundnut
38,32,27,24.7,29.72,6.87,122.36,Loamy Soil,Rabi,Kutch,Low,Cumin
38,30,19,24.49,34.67,6.58,112.7,Sandy Soil,Rabi,Banaskantha,Low,Cumin
100,52,52,31.31,65.32,6.27,771.03,Alluvial Soil,Kharif,Amreli,High,Cotton
41,41,27,21.37,41.13,6.66,126.84,Loamy Soil,Rabi,Rajkot,Low,Gram
48,36,26,29.75,58.39,6.64,392.46,Loamy Soil,Kharif,Kutch,Low,Castor
31,24,28,29.46,53.79,6.11,389.61,Alluvial Soil,Kharif,Junagadh,Low,Sesame
115,56,42,29.87,63.91,6.39,833.08,Black Soil,Kharif,Vadodara,High,Cotton
37,34,32,21.96,36.22,6.22,111.7,Sandy Soil,Rabi,Banaskantha,Low,Cumin
104,42,46,30.92,67.76,7.04,661.7,Alluvial Soil,Kharif,Surat,Medium,Cotton
36,37,29,21.36,32.38,6.65,118.09,Alluvial Soil,Rabi,Mehsana,Low,Cumin
41,47,32,24.39,42.88,5.81,176.93,Clay Soil,Rabi,Jamnagar,Low,Gram
54,39,32,28.72,55.6,6.85,486.82,Sandy Soil,Kharif,Mehsana,Low,Castor
82,46,41,28.8,66.7,5.97,935.97,Loamy Soil,Kharif,Anand,High,Maize
34,34,25,23.48,34.17,6.63,76.72,Sandy Soil,Rabi,Mehsana,Low,Cumin
41,34,30,23.44,38.93,6.68,103.03,Alluvial Soil,Rabi,Jamnagar,Low,Cumin
67,39,42,18.25,51.75,5.93,156.18,Sandy Soil,Rabi,Kutch,Low,Mustard
95,46,46,32.66,64.97,6.65,920.89,Black Soil,Kharif,Bhavnagar,High,Cotton
25,27,22,28.83,49.87,5.45,394.04,Alluvial Soil,Kharif,Amreli,Low,Sesame
51,35,25,17.51,52.31,6.38,153.25,Sandy Soil,Rabi,Jamnagar,Low,Mustard
62,36,29,17.65,52.84,6.46,204.49,Alluvial Soil,Rabi,Jamnagar,Low,Mustard
59,39,28,29.24,53.17,6.33,472.85,Loamy Soil,Kharif,Mehsana,Low,Castor
33,38,34,27.16,68.57,6.99,719.76,Sandy Soil,Kharif,Bhavnagar,Medium,Groundnut
40,48,40,21.89,41.99,5.99,228.62,Clay Soil,Rabi,Vadodara,Low,Gram
53,41,39,15.86,52.57,5.67,183.91,Sandy Soil,Rabi,Jamnagar,Low,Mustard
87,46,47,18.54,45.58,6.2,153.29,Loamy Soil,Rabi,Banaskantha,Medium,Wheat
35,48,35,23.53,41.47,6.17,142.25,Black Soil,Rabi,Rajkot,Low,Gram
44,38,23,26.7,71.89,7.79,677.16,Sandy Soil,Kharif,Amreli,Medium,Groundnut
36,47,30,21.91,42.74,5.9,126.35,Clay Soil,Rabi,Ahmedabad,Low,Gram
47,35,30,33.88,57.73,6.96,422.73,Alluvial Soil,Kharif,Rajkot,Low,Castor
35,37,28,23.91,33.43,6.63,142.39,Loamy Soil,Rabi,Rajkot,Low,Cumin
33,30,24,22.89,40.06,7.52,143.47,Sandy Soil,Rabi,Rajkot,Low,Cumin
90,39,50,22.03,46.93,6.55,149.71,Loamy Soil,Rabi,Rajkot,Medium,Wheat
64,40,40,22.25,53.41,6.21,179.09,Alluvial Soil,Rabi,Kutch,Low,Mustard
108,60,49,34.5,62.42,5.88,681.42,Alluvial Soil,Kharif,Amreli,Medium,Cotton
83,48,45,18.47,46.62,6.46,147.84,Black Soil,Rabi,Anand,Medium,Wheat
90,38,39,20.99,49.0,7.19,177.24,Loamy Soil,Rabi,Banaskantha,Medium,Wheat
33,51,27,20.59,44.49,5.71,170.06,Black Soil,Rabi,Jamnagar,Low,Gram
37,30,31,22.86,34.74,6.56,111.71,Alluvial Soil,Rabi,Rajkot,Low,Cumin
99,44,53,18.65,42.71,5.41,160.63,Loamy Soil,Rabi,Anand,Medium,Wheat
39,23,31,27.57,59.18,6.69,464.15,Loamy Soil,Kharif,Mehsana,Low,Castor
34,36,33,28.37,76.22,5.86,707.73,Black Soil,Kharif,Jamnagar,Medium,Groundnut
87,60,47,33.49,66.14,6.73,837.98,Alluvial Soil,Kharif,Amreli,High,Cotton
68,38,37,20.53,51.38,5.85,184.53,Loamy Soil,Rabi,Ahmedabad,Low,Mustard
23,31,26,23.07,25.0,5.64,82.87,Loamy Soil,Rabi,Kutch,Low,Cumin
97,46,49,20.27,45.62,6.54,204.17,Alluvial Soil,Rabi,Anand,Medium,Wheat
63,33,30,32.9,41.52,5.94,233.99,Sandy Soil,Kharif,Kutch,Low,Bajra
41,50,35,27.77,75.88,5.32,752.6,Sandy Soil,Kharif,Jamnagar,Medium,Groundnut
67,40,23,35.53,45.49,7.27,216.33,Sandy Soil,Kharif,Ahmedabad,Low,Bajra
32,30,31,29.76,52.76,7.17,431.77,Sandy Soil,Kharif,Kutch,Low,Sesame
63,46,34,18.3,53.47,7.37,178.29,Alluvial Soil,Rabi,Ahmedabad,Low,Mustard
100,56,43,32.48,66.04,5.56,934.35,Alluvial Soil,Kharif,Vadodara,High,Cotton
31,43,29,26.08,36.81,6.7,101.43,Alluvial Soil,Rabi,Mehsana,Low,Cumin
48,32,27,28.62,53.41,6.36,459.1,Loamy Soil,Kharif,Mehsana,Low,Castor
85,49,35,27.83,66.77,7.22,802.94,Loamy Soil,Kharif,Anand,High,Maize
63,44,39,22.14,56.27,6.33,196.43,Sandy Soil,Rabi,Mehsana,Low,Mustard
34,30,29,24.63,30.77,7.25,123.63,Loamy Soil,Rabi,Jamnagar,Low,Cumin
30,38,25,21.55,38.62,6.87,76.51,Loamy Soil,Rabi,Rajkot,Low,Cumin
59,34,34,18.18,49.69,6.88,120.37,Loamy Soil,Rabi,Banaskantha,Low,Mustard
62,40,32,19.74,54.17,6.87,156.7,Loamy Soil,Rabi,Banaskantha,Low,Mustard
42,54,36,23.85,44.26,5.94,152.16,Black Soil,Rabi,Jamnagar,Low,Gram
23,48,37,21.97,42.7,6.67,162.23,Loamy Soil,Rabi,Vadodara,Low,Gram
91,36,35,19.65,47.94,7.13,213.32,Loamy Soil,Rabi,Ahmedabad,Medium,Wheat
81,58,42,25.31,74.92,5.75,700.0,Alluvial Soil,Kharif,Mehsana,High,Maize
85,44,44,21.69,44.69,6.19,136.14,Black Soil,Rabi,Banaskantha,Medium,Wheat
98,52,42,31.41,62.05,6.41,914.11,Alluvial Soil,Kharif,Bhavnagar,Medium,Cotton
33,30,31,23.95,33.12,6.29,116.85,Alluvial Soil,Rabi,Rajkot,Low,Cumin
52,41,35,28.98,54.33,5.99,467.14,Alluvial Soil,Kharif,Anand,Low,Castor
42,36,26,29.3,50.31,6.35,507.28,Alluvial Soil,Kharif,Banaskantha,Low,Castor
94,37,46,31.57,66.3,6.42,778.64,Alluvial Soil,Kharif,Junagadh,High,Cotton
35,58,44,20.34,50.0,6.58,190.81,Loamy Soil,Rabi,Rajkot,Low,Gram
28,29,22,29.95,49.9,6.75,402.73,Loamy Soil,Kharif,Rajkot,Low,Sesame
97,39,41,20.63,45.35,5.96,160.71,Black Soil,Rabi,Anand,Medium,Wheat
30,29,23,27.89,47.51,5.09,364.76,Alluvial Soil,Kharif,Junagadh,Low,Sesame
29,50,39,23.44,43.41,7.37,228.35,Black Soil,Rabi,Jamnagar,Low,Gram
106,52,40,33.41,63.04,6.03,788.14,Alluvial Soil,Kharif,Jamnagar,High,Cotton
42,30,25,32.6,46.76,6.37,438.54,Loamy Soil,Kharif,Amreli,Low,Sesame
48,36,24,26.1,56.91,7.17,477.85,Alluvial Soil,Kharif,Mehsana,Low,Castor
43,34,23,31.45,60.12,6.08,448.44,Sandy Soil,Kharif,Anand,Low,Castor
37,47,34,27.23,68.73,8.14,642.94,Black Soil,Kharif,Rajkot,Medium,Groundnut
99,56,40,32.51,65.55,6.75,819.28,Black Soil,Kharif,Bhavnagar,Medium,Cotton
98,48,43,18.28,49.36,6.82,207.25,Alluvial Soil,Rabi,Anand,Medium,Wheat
44,27,31,28.64,49.74,6.25,424.45,Sandy Soil,Kharif,Kutch,Low,Castor
85,46,40,26.32,74.81,6.46,811.86,Red Soil,Kharif,Vadodara,High,Maize
39,45,35,21.7,40.19,6.08,214.94,Black Soil,Rabi,Ahmedabad,Low,Gram
83,49,35,29.07,69.51,6.0,949.31,Loamy Soil,Kharif,Anand,High,Maize
107,45,43,20.63,47.1,7.43,199.87,Black Soil,Rabi,Mehsana,Medium,Wheat
34,44,34,24.2,38.01,6.51,192.95,Black Soil,Rabi,Vadodara,Low,Gram
58,38,30,31.98,39.51,5.31,278.36,Sandy Soil,Kharif,Kutch,Low,Bajra
49,39,34,17.92,55.7,6.79,168.82,Loamy Soil,Rabi,Jamnagar,Low,Mustard
102,49,40,33.16,67.17,6.45,923.11,Alluvial Soil,Kharif,Bhavnagar,High,Cotton
20,23,30,23.61,34.51,7.68,114.26,Sandy Soil,Rabi,Jamnagar,Low,Cumin
43,29,31,33.84,52.06,6.38,415.33,Alluvial Soil,Kharif,Anand,Low,Castor
41,26,24,30.07,52.02,6.56,444.86,Sandy Soil,Kharif,Junagadh,Low,Sesame
51,44,31,17.71,52.92,6.84,191.92,Alluvial Soil,Rabi,Jamnagar,Low,Mustard
89,41,49,22.47,47.97,6.54,228.32,Black Soil,Rabi,Anand,Medium,Wheat
115,52,57,30.16,59.32,6.47,825.6,Black Soil,Kharif,Rajkot,Medium,Cotton
39,48,30,29.11,66.52,5.99,698.96,Black Soil,Kharif,Amreli,Medium,Groundnut
67,38,32,20.61,50.56,6.58,135.29,Alluvial Soil,Rabi,Jamnagar,Low,Mustard
92,38,46,19.88,48.96,6.44,174.62,Loamy Soil,Rabi,Ahmedabad,Medium,Wheat
95,49,49,30.0,69.27,6.17,848.13,Alluvial Soil,Kharif,Junagadh,Medium,Cotton
69,33,34,16.84,51.72,6.86,196.69,Alluvial Soil,Rabi,Kutch,Low,Mustard
102,47,57,31.15,64.86,6.78,760.58,Black Soil,Kharif,Jamnagar,High,Cotton
48,34,32,30.05,55.96,6.5,425.38,Sandy Soil,Kharif,Mehsana,Low,Castor
43,30,32,26.67,39.39,6.12,117.27,Loamy Soil,Rabi,Kutch,Low,Cumin
105,59,48,28.04,76.69,6.35,844.49,Loamy Soil,Kharif,Ahmedabad,High,Maize
104,41,40,31.62,64.0,5.9,825.93,Alluvial Soil,Kharif,Surat,High,Cotton
20,49,32,22.06,45.17,5.96,176.76,Clay Soil,Rabi,Ahmedabad,Low,Gram
83,59,40,26.85,73.3,6.3,850.23,Alluvial Soil,Kharif,Vadodara,High,Maize
53,43,27,38.78,37.07,6.48,251.37,Loamy Soil,Kharif,Kutch,Low,Bajra
42,49,31,31.57,70.99,7.37,646.93,Sandy Soil,Kharif,Jamnagar,Medium,Groundnut
55,41,38,19.5,52.62,6.28,209.24,Sandy Soil,Rabi,Banaskantha,Low,Mustard
81,51,43,18.92,52.78,6.76,230.84,Black Soil,Rabi,Ahmedabad,Medium,Wheat
41,42,34,28.73,75.39,6.98,674.56,Black Soil,Kharif,Junagadh,Medium,Groundnut
83,42,47,18.73,48.87,6.55,197.2,Clay Soil,Rabi,Ahmedabad,Medium,Wheat
84,35,46,20.3,43.56,5.88,208.41,Clay Soil,Rabi,Anand,Medium,Wheat
48,29,30,34.41,44.53,7.05,207.69,Loamy Soil,Kharif,Mehsana,Low,Bajra
43,31,20,30.22,49.05,6.7,517.92,Sandy Soil,Kharif,Rajkot,Low,Castor
41,50,38,25.73,40.74,6.38,215.01,Black Soil,Rabi,Ahmedabad,Low,Gram
27,59,37,21.68,44.57,6.82,180.88,Black Soil,Rabi,Vadodara,Low,Gram
38,29,27,29.0,46.47,6.09,374.99,Alluvial Soil,Kharif,Bhavnagar,Low,Sesame
104,42,53,32.34,69.62,6.72,873.42,Alluvial Soil,Kharif,Vadodara,Medium,Cotton
87,51,44,28.09,71.84,7.04,774.91,Black Soil,Kharif,Jamnagar,Medium,Cotton
108,45,50,32.83,58.63,6.55,768.77,Alluvial Soil,Kharif,Surat,Medium,Cotton
88,46,39,29.33,77.37,6.97,827.21,Loamy Soil,Kharif,Vadodara,High,Maize
100,55,58,31.36,66.08,5.6,640.54,Alluvial Soil,Kharif,Surat,Medium,Cotton
36,51,34,29.1,75.57,6.76,696.42,Sandy Soil,Kharif,Jamnagar,Medium,Groundnut
34,37,31,27.83,72.76,6.35,681.66,Black Soil,Kharif,Junagadh,Medium,Groundnut
53,40,39,17.54,54.1,6.53,166.34,Loamy Soil,Rabi,Banaskantha,Low,Mustard
42,53,40,27.23,73.13,5.79,691.23,Black Soil,Kharif,Bhavnagar,Medium,Groundnut
55,35,26,31.95,50.7,6.53,401.8,Alluvial Soil,Kharif,Kutch,Low,Castor
81,53,41,30.68,71.89,6.51,954.66,Alluvial Soil,Kharif,Anand,High,Maize
81,41,37,19.56,45.57,6.89,221.34,Clay Soil,Rabi,Ahmedabad,Medium,Wheat
49,31,26,30.79,52.4,5.88,425.99,Alluvial Soil,Kharif,Rajkot,Low,Castor
49,31,34,35.8,44.25,6.4,294.3,Sandy Soil,Kharif,Kutch,Low,Bajra
57,32,38,17.92,52.24,6.41,168.29,Alluvial Soil,Rabi,Jamnagar,Low,Mustard
25,39,34,18.0,27.76,6.43,143.51,Sandy Soil,Rabi,Mehsana,Low,Cumin
42,45,31,29.08,75.58,5.74,620.15,Loamy Soil,Kharif,Amreli,Medium,Groundnut
30,53,36,22.27,44.29,6.08,196.0,Clay Soil,Rabi,Vadodara,Low,Gram
38,48,25,26.87,68.4,6.37,710.57,Sandy Soil,Kharif,Rajkot,Medium,Groundnut
45,41,33,25.91,73.52,7.48,600.26,Loamy Soil,Kharif,Junagadh,Medium,Groundnut
36,45,32,21.22,46.49,6.8,183.23,Black Soil,Rabi,Vadodara,Low,Gram
37,22,23,31.42,55.24,6.54,401.88,Loamy Soil,Kharif,Rajkot,Low,Sesame
31,49,30,27.8,69.16,6.49,633.58,Sandy Soil,Kharif,Bhavnagar,Medium,Groundnut
31,32,29,19.63,32.56,6.27,137.45,Sandy Soil,Rabi,Kutch,Low,Cumin
33,30,18,30.73,52.59,5.19,382.44,Sandy Soil,Kharif,Amreli,Low,Sesame
42,52,38,27.96,72.85,7.06,574.96,Black Soil,Kharif,Junagadh,Medium,Groundnut
75,50,44,27.74,71.23,6.8,912.05,Red Soil,Kharif,Vadodara,High,Maize
76,62,48,27.32,75.27,7.11,905.46,Red Soil,Kharif,Banaskantha,High,Maize
39,31,21,27.24,50.81,6.04,411.94,Loamy Soil,Kharif,Mehsana,Low,Castor
39,46,43,20.09,43.62,6.06,169.07,Black Soil,Rabi,Jamnagar,Low,Gram
100,45,47,20.05,47.2,6.07,197.26,Loamy Soil,Rabi,Ahmedabad,Medium,Wheat
47,42,45,17.01,52.95,7.15,162.11,Sandy Soil,Rabi,Banaskantha,Low,Mustard
54,44,19,31.49,54.68,6.03,444.97,Sandy Soil,Kharif,Anand,Low,Castor
74,49,45,21.04,46.42,5.83,159.42,Clay Soil,Rabi,Ahmedabad,Medium,Wheat
38,27,22,28.6,46.08,6.45,434.46,Sandy Soil,Kharif,Rajkot,Low,Sesame
42,36,28,30.2,53.06,6.12,441.85,Loamy Soil,Kharif,Banaskantha,Low,Castor
79,44,59,22.27,47.63,6.58,167.35,Alluvial Soil,Rabi,Rajkot,Medium,Wheat
40,29,24,30.6,50.7,6.67,463.22,Sandy Soil,Kharif,Banaskantha,Low,Castor
39,25,23,23.8,30.67,7.72,120.14,Loamy Soil,Rabi,Rajkot,Low,Cumin
55,36,29,31.94,53.02,6.83,537.22,Sandy Soil,Kharif,Kutch,Low,Castor
49,30,31,29.64,56.36,6.5,456.31,Sandy Soil,Kharif,Banaskantha,Low,Castor
23,38,25,20.96,33.69,6.56,101.8,Loamy Soil,Rabi,Mehsana,Low,Cumin
93,54,50,32.35,63.17,6.16,798.3,Alluvial Soil,Kharif,Junagadh,Medium,Cotton
81,46,44,22.42,49.79,6.64,191.1,Alluvial Soil,Rabi,Banaskantha,Medium,Wheat
57,31,28,29.5,54.9,7.08,458.83,Alluvial Soil,Kharif,Rajkot,Low,Castor
93,47,34,22.65,46.06,6.03,191.49,Loamy Soil,Rabi,Anand,Medium,Wheat
82,46,35,27.16,70.96,6.16,972.52,Loamy Soil,Kharif,Banaskantha,High,Maize
43,47,29,28.94,47.11,6.89,372.48,Sandy Soil,Kharif,Mehsana,Low,Castor
85,46,48,22.44,43.35,6.91,224.77,Alluvial Soil,Rabi,Banaskantha,Medium,Wheat
44,41,28,35.67,40.08,6.64,250.41,Sandy Soil,Kharif,Banaskantha,Low,Bajra
55,35,29,19.75,53.36,6.55,152.41,Sandy Soil,Rabi,Banaskantha,Low,Mustard
65,33,36,20.51,53.78,6.46,238.95,Alluvial Soil,Rabi,Ahmedabad,Low,Mustard
82,47,40,19.22,48.31,6.0,156.28,Black Soil,Rabi,Ahmedabad,Medium,Wheat
29,52,34,23.98,42.6,7.31,135.36,Loamy Soil,Rabi,Rajkot,Low,Gram
84,43,38,28.23,70.39,6.11,907.97,Loamy Soil,Kharif,Anand,High,Maize
110,55,42,34.9,65.65,6.43,864.26,Black Soil,Kharif,Bhavnagar,Medium,Cotton
46,53,32,22.87,43.62,6.33,184.85,Clay Soil,Rabi,Vadodara,Low,Gram
33,32,34,22.94,36.38,6.41,107.07,Sandy Soil,Rabi,Banaskantha,Low,Cumin
40,45,36,21.09,46.88,6.81,170.17,Loamy Soil,Rabi,Jamnagar,Low,Gram
39,30,27,22.2,34.67,6.48,78.82,Loamy Soil,Rabi,Kutch,Low,Cumin
45,62,35,23.85,44.15,7.04,201.04,Loamy Soil,Rabi,Jamnagar,Low,Gram
55,39,37,30.93,38.8,6.98,341.5,Sandy Soil,Kharif,Banaskantha,Low,Bajra
37,50,26,23.49,42.52,6.2,191.06,Loamy Soil,Rabi,Jamnagar,Low,Gram
45,27,30,34.69,42.93,5.71,302.2,Sandy Soil,Kharif,Kutch,Low,Bajra
42,28,29,31.09,53.39,7.22,431.55,Loamy Soil,Kharif,Rajkot,Low,Castor
35,34,34,28.1,73.89,6.39,628.48,Black Soil,Kharif,Jamnagar,Medium,Groundnut
36,42,30,29.17,71.73,5.6,647.58,Black Soil,Kharif,Rajkot,Medium,Groundnut
36,28,24,30.49,51.71,6.58,332.17,Alluvial Soil,Kharif,Junagadh,Low,Sesame
58,35,32,33.21,40.91,6.24,304.31,Loamy Soil,Kharif,Jamnagar,Low,Bajra
62,40,32,21.31,49.69,6.4,150.58,Alluvial Soil,Rabi,Jamnagar,Low,Mustard
45,43,32,28.54,68.11,6.79,577.14,Sandy Soil,Kharif,Jamnagar,Medium,Groundnut
35,27,19,20.49,39.14,6.34,131.99,Alluvial Soil,Rabi,Banaskantha,Low,Cumin
50,33,29,31.08,30.98,5.59,320.79,Loamy Soil,Kharif,Banaskantha,Low,Bajra
85,40,41,19.52,45.7,6.54,187.32,Alluvial Soil,Rabi,Anand,Medium,Wheat
50,30,31,31.36,51.66,5.9,470.53,Loamy Soil,Kharif,Banaskantha,Low,Castor
98,52,46,33.29,72.37,6.22,708.68,Black Soil,Kharif,Bhavnagar,High,Cotton
29,30,28,20.22,38.48,6.2,153.2,Sandy Soil,Rabi,Mehsana,Low,Cumin
78,33,37,15.0,52.78,6.61,169.18,Black Soil,Rabi,Banaskantha,Medium,Wheat
25,47,24,21.96,41.38,5.69,200.26,Clay Soil,Rabi,Junagadh,Low,Gram
86,50,42,25.88,65.86,6.33,873.87,Alluvial Soil,Kharif,Vadodara,High,Maize
48,44,32,28.45,80.0,7.17,685.06,Loamy Soil,Kharif,Junagadh,Medium,Groundnut
108,39,48,33.03,60.07,7.07,822.57,Alluvial Soil,Kharif,Amreli,High,Cotton
108,54,49,31.43,66.5,6.37,837.06,Alluvial Soil,Kharif,Amreli,Medium,Cotton
31,50,32,20.97,42.88,5.73,121.22,Black Soil,Rabi,Jamnagar,Low,Gram
35,32,24,25.89,36.33,6.24,122.17,Sandy Soil,Rabi,Mehsana,Low,Cumin
62,32,32,35.63,44.13,5.32,244.31,Sandy Soil,Kharif,Kutch,Low,Bajra
35,33,28,29.76,46.24,6.38,355.42,Sandy Soil,Kharif,Bhavnagar,Low,Sesame
47,33,32,30.65,51.86,6.78,469.83,Sandy Soil,Kharif,Anand,Low,Castor
86,48,52,33.27,66.71,6.86,834.41,Alluvial Soil,Kharif,Jamnagar,Medium,Cotton
52,33,32,34.95,42.15,5.81,263.25,Loamy Soil,Kharif,Jamnagar,Low,Bajra
33,29,24,22.3,37.46,6.32,112.85,Sandy Soil,Rabi,Mehsana,Low,Cumin
97,52,50,32.39,58.35,5.94,861.96,Black Soil,Kharif,Rajkot,High,Cotton
78,43,39,22.01,48.04,6.99,190.04,Clay Soil,Rabi,Banaskantha,Medium,Wheat
40,43,32,27.09,75.27,7.21,643.33,Loamy Soil,Kharif,Amreli,Medium,Groundnut
42,39,35,27.84,73.04,6.01,658.01,Sandy Soil,Kharif,Bhavnagar,Medium,Groundnut
59,45,24,30.23,53.67,6.41,496.49,Alluvial Soil,Kharif,Anand,Low,Castor
30,23,18,30.62,46.57,6.84,424.14,Alluvial Soil,Kharif,Junagadh,Low,Sesame
83,47,42,19.08,46.47,6.87,230.61,Alluvial Soil,Rabi,Banaskantha,Medium,Wheat
37,34,33,24.59,38.75,6.44,66.17,Loamy Soil,Rabi,Rajkot,Low,Cumin
39,62,35,23.43,43.82,5.19,187.29,Clay Soil,Rabi,Jamnagar,Low,Gram
26,33,34,24.62,36.25,7.14,100.52,Loamy Soil,Rabi,Rajkot,Low,Cumin
75,47,49,19.79,50.38,6.46,198.19,Black Soil,Rabi,Ahmedabad,Medium,Wheat
60,42,29,16.22,50.17,6.94,175.57,Alluvial Soil,Rabi,Ahmedabad,Low,Mustard
55,39,31,31.61,33.53,6.05,292.6,Loamy Soil,Kharif,Kutch,Low,Bajra
90,42,44,20.24,46.74,5.94,198.23,Clay Soil,Rabi,Ahmedabad,Medium,Wheat
48,33,34,17.61,51.34,6.49,139.2,Loamy Soil,Rabi,Kutch,Low,Mustard
65,43,25,20.87,53.55,6.9,216.85,Loamy Soil,Rabi,Jamnagar,Low,Mustard
50,43,29,34.29,35.83,6.55,230.54,Sandy Soil,Kharif,Jamnagar,Low,Bajra
40,31,28,29.81,56.12,6.8,390.21,Alluvial Soil,Kharif,Kutch,Low,Castor
48,37,29,33.21,40.07,7.32,302.38,Loamy Soil,Kharif,Kutch,Low,Bajra
54,31,34,34.41,37.77,6.52,243.65,Sandy Soil,Kharif,Kutch,Low,Bajra
24,46,37,18.71,43.76,7.66,182.17,Black Soil,Rabi,Rajkot,Low,Gram
58,28,34,34.56,41.71,7.3,267.67,Sandy Soil,Kharif,Jamnagar,Low,Bajra
86,48,52,26.81,70.85,6.59,891.34,Loamy Soil,Kharif,Banaskantha,High,Maize
32,29,18,30.58,49.08,7.21,409.04,Sandy Soil,Kharif,Rajkot,Low,Sesame
39,56,34,21.18,45.25,6.77,198.85,Black Soil,Rabi,Junagadh,Low,Gram
41,34,29,28.85,57.6,6.85,511.87,Sandy Soil,Kharif,Kutch,Low,Castor
32,30,32,20.92,38.31,5.69,149.84,Sandy Soil,Rabi,Rajkot,Low,Cumin
52,31,27,30.36,56.56,7.26,513.79,Sandy Soil,Kharif,Rajkot,Low,Castor
94,52,46,19.17,47.48,6.49,182.69,Loamy Soil,Rabi,Rajkot,Medium,Wheat
81,54,47,31.07,75.64,5.9,872.77,Loamy Soil,Kharif,Ahmedabad,High,Maize
48,34,34,35.98,37.48,6.22,246.04,Sandy Soil,Kharif,Mehsana,Low,Bajra
51,33,27,35.56,33.17,6.15,273.08,Loamy Soil,Kharif,Ahmedabad,Low,Bajra
84,54,40,19.15,44.46,5.83,251.58,Alluvial Soil,Rabi,Mehsana,Medium,Wheat
47,40,32,26.87,57.22,5.41,472.96,Loamy Soil,Kharif,Kutch,Low,Castor
99,45,46,21.07,46.31,5.81,202.33,Loamy Soil,Rabi,Anand,Medium,Wheat
48,41,36,30.41,75.54,6.55,633.41,Black Soil,Kharif,Rajkot,Medium,Groundnut
68,29,32,32.5,39.94,5.53,337.42,Loamy Soil,Kharif,Jamnagar,Low,Bajra
59,36,21,33.92,39.2,6.19,306.43,Sandy Soil,Kharif,Mehsana,Low,Bajra
82,47,41,26.82,68.26,6.39,843.1,Alluvial Soil,Kharif,Vadodara,High,Maize
71,41,34,20.51,49.55,6.22,180.68,Loamy Soil,Rabi,Jamnagar,Low,Mustard
71,40,36,16.91,49.62,5.7,205.15,Loamy Soil,Rabi,Banaskantha,Low,Mustard
99,53,40,18.91,45.44,6.59,182.06,Clay Soil,Rabi,Anand,Medium,Wheat
35,31,28,22.32,37.54,6.14,93.0,Alluvial Soil,Rabi,Kutch,Low,Cumin
47,33,26,27.44,56.45,5.91,527.31,Sandy Soil,Kharif,Mehsana,Low,Castor
38,30,30,30.21,46.85,6.29,386.56,Sandy Soil,Kharif,Kutch,Low,Sesame
31,53,35,22.9,40.3,6.38,177.76,Black Soil,Rabi,Junagadh,Low,Gram
78,48,43,19.76,46.8,6.5,185.02,Loamy Soil,Rabi,Anand,Medium,Wheat
42,57,40,23.52,45.39,7.48,202.35,Black Soil,Rabi,Jamnagar,Low,Gram
46,41,31,15.65,52.1,6.41,156.07,Loamy Soil,Rabi,Ahmedabad,Low,Mustard
55,43,39,17.55,50.38,6.56,207.6,Sandy Soil,Rabi,Kutch,Low,Mustard
66,31,32,31.84,37.59,5.96,285.2,Loamy Soil,Kharif,Mehsana,Low,Bajra
55,43,24,31.62,54.02,6.58,454.15,Sandy Soil,Kharif,Mehsana,Low,Castor
92,49,37,24.5,69.93,5.29,865.46,Red Soil,Kharif,Ahmedabad,High,Maize
53,33,28,30.79,50.9,7.44,412.93,Loamy Soil,Kharif,Rajkot,Low,Castor
49,42,32,28.99,59.7,6.34,433.59,Sandy Soil,Kharif,Anand,Low,Castor
31,50,37,19.96,39.98,6.56,153.97,Clay Soil,Rabi,Vadodara,Low,Gram
47,27,28,32.14,53.06,6.82,420.89,Loamy Soil,Kharif,Banaskantha,Low,Castor
43,28,27,30.4,51.46,6.56,428.8,Alluvial Soil,Kharif,Banaskantha,Low,Castor
108,44,49,29.36,65.16,7.45,736.81,Alluvial Soil,Kharif,Surat,Medium,Cotton
55,35,37,19.03,57.5,5.54,182.55,Loamy Soil,Rabi,Mehsana,Low,Mustard
61,45,38,21.01,49.99,6.0,174.3,Sandy Soil,Rabi,Jamnagar,Low,Mustard
33,31,25,24.08,30.44,6.64,76.14,Sandy Soil,Rabi,Banaskantha,Low,Cumin
31,48,42,29.42,76.04,6.61,698.4,Black Soil,Kharif,Bhavnagar,Medium,Groundnut
52,49,30,35.7,39.22,6.97,252.33,Loamy Soil,Kharif,Banaskantha,Low,Bajra
70,36,30,35.59,37.38,5.45,289.78,Loamy Soil,Kharif,Banaskantha,Low,Bajra
83,50,42,19.94,45.87,6.97,178.14,Alluvial Soil,Rabi,Anand,Medium,Wheat
57,36,30,36.07,42.66,5.61,265.41,Loamy Soil,Kharif,Banaskantha,Low,Bajra
111,57,50,33.42,68.9,7.19,843.25,Alluvial Soil,Kharif,Amreli,Medium,Cotton
93,54,38,28.21,72.17,5.94,936.03,Loamy Soil,Kharif,Banaskantha,High,Maize
29,30,22,22.27,31.78,6.67,134.55,Alluvial Soil,Rabi,Banaskantha,Low,Cumin
54,38,30,34.96,40.22,6.28,282.92,Loamy Soil,Kharif,Banaskantha,Low,Bajra
91,46,40,17.3,49.91,6.52,230.24,Loamy Soil,Rabi,Ahmedabad,Medium,Wheat
86,56,44,25.64,72.72,6.33,947.64,Alluvial Soil,Kharif,Ahmedabad,High,Maize
61,38,43,20.4,54.97,6.64,193.33,Alluvial Soil,Rabi,Banaskantha,Low,Mustard
46,35,21,30.72,50.71,5.96,393.24,Alluvial Soil,Kharif,Mehsana,Low,Castor
53,34,35,30.82,53.51,6.32,442.82,Loamy Soil,Kharif,Banaskantha,Low,Castor
39,47,39,19.85,47.49,7.82,188.56,Black Soil,Rabi,Rajkot,Low,Gram
29,31,25,31.27,48.28,5.47,422.19,Sandy Soil,Kharif,Junagadh,Low,Sesame
36,42,35,27.13,74.79,7.11,566.56,Black Soil,Kharif,Junagadh,Medium,Groundnut
51,37,30,33.97,46.05,7.39,258.03,Loamy Soil,Kharif,Kutch,Low,Bajra
71,31,23,18.82,51.55,6.4,158.04,Alluvial Soil,Rabi,Banaskantha,Low,Mustard
82,40,45,24.92,69.77,6.58,901.32,Red Soil,Kharif,Banaskantha,High,Maize
71,59,32,26.25,70.36,6.11,914.14,Alluvial Soil,Kharif,Mehsana,High,Maize
94,49,48,30.07,60.31,6.14,785.77,Alluvial Soil,Kharif,Rajkot,Medium,Cotton
43,31,25,29.35,52.83,5.44,459.61,Loamy Soil,Kharif,Kutch,Low,Castor
32,24,27,31.1,50.59,6.65,453.39,Loamy Soil,Kharif,Amreli,Low,Sesame
93,58,48,31.36,60.65,6.05,690.57,Alluvial Soil,Kharif,Bhavnagar,High,Cotton
103,46,47,18.37,50.07,7.66,173.62,Black Soil,Rabi,Ahmedabad,Medium,Wheat
98,54,51,32.98,61.71,6.36,879.65,Alluvial Soil,Kharif,Rajkot,High,Cotton
73,52,42,26.37,65.71,6.35,872.35,Alluvial Soil,Kharif,Ahmedabad,High,Maize
102,50,47,19.95,48.77,6.53,197.96,Alluvial Soil,Rabi,Mehsana,Medium,Wheat
40,41,28,28.94,74.61,6.8,725.77,Black Soil,Kharif,Bhavnagar,Medium,Groundnut
93,49,36,31.4,56.92,5.71,850.69,Alluvial Soil,Kharif,Jamnagar,Medium,Cotton
44,47,35,25.3,68.62,7.0,574.74,Loamy Soil,Kharif,Amreli,Medium,Groundnut
103,42,47,19.8,50.32,7.08,206.44,Clay Soil,Rabi,Rajkot,Medium,Wheat
90,50,42,30.14,63.88,5.98,827.92,Red Soil,Kharif,Banaskantha,High,Maize
51,29,26,30.28,55.35,5.99,514.56,Sandy Soil,Kharif,Rajkot,Low,Castor
105,58,52,32.61,64.77,5.67,828.64,Alluvial Soil,Kharif,Rajkot,Medium,Cotton
57,38,34,38.32,40.42,6.51,267.45,Loamy Soil,Kharif,Kutch,Low,Bajra
50,29,29,33.9,35.85,6.55,269.62,Loamy Soil,Kharif,Ahmedabad,Low,Bajra
35,36,22,23.76,31.65,6.41,98.7,Alluvial Soil,Rabi,Kutch,Low,Cumin
82,60,41,28.26,72.4,5.91,776.97,Red Soil,Kharif,Mehsana,High,Maize
51,32,34,32.4,39.18,6.95,285.3,Loamy Soil,Kharif,Ahmedabad,Low,Bajra
35,54,35,21.33,44.81,6.34,162.39,Black Soil,Rabi,Vadodara,Low,Gram
36,22,20,24.04,37.45,6.4,104.52,Alluvial Soil,Rabi,Jamnagar,Low,Cumin
59,30,31,38.02,40.54,6.7,249.63,Loamy Soil,Kharif,Ahmedabad,Low,Bajra
41,30,28,25.61,36.32,6.46,146.67,Loamy Soil,Rabi,Jamnagar,Low,Cumin
64,52,41,28.97,70.72,6.87,979.34,Alluvial Soil,Kharif,Vadodara,High,Maize
32,25,20,22.27,38.95,6.66,143.15,Sandy Soil,Rabi,Banaskantha,Low,Cumin
60,47,35,18.21,52.28,6.58,84.4,Loamy Soil,Rabi,Ahmedabad,Low,Mustard
60,35,38,36.64,38.88,6.62,299.03,Loamy Soil,Kharif,Ahmedabad,Low,Bajra
60,34,37,35.73,39.79,6.52,198.26,Loamy Soil,Kharif,Ahmedabad,Low,Bajra
41,51,32,20.79,41.02,5.99,202.79,Clay Soil,Rabi,Vadodara,Low,Gram
39,49,35,21.55,43.56,6.84,171.93,Black Soil,Rabi,Jamnagar,Low,Gram
33,30,26,21.57,36.15,6.08,98.08,Alluvial Soil,Rabi,Banaskantha,Low,Cumin
81,50,48,27.32,71.76,6.35,894.77,Red Soil,Kharif,Anand,High,Maize
41,46,23,22.86,42.61,6.57,147.47,Loamy Soil,Rabi,Junagadh,Low,Gram
101,60,49,31.19,66.52,6.27,753.69,Black Soil,Kharif,Bhavnagar,High,Cotton
68,38,47,25.63,76.18,7.19,1004.48,Alluvial Soil,Kharif,Banaskantha,High,Maize
32,56,36,21.85,40.37,6.7,163.1,Loamy Soil,Rabi,Rajkot,Low,Gram
52,33,30,34.5,41.46,7.12,275.84,Loamy Soil,Kharif,Mehsana,Low,Bajra
95,45,35,27.25,76.19,6.77,1100.0,Alluvial Soil,Kharif,Anand,High,Maize
76,44,51,21.0,48.08,7.06,164.68,Loamy Soil,Rabi,Anand,Medium,Wheat
96,55,51,30.88,65.23,5.49,896.13,Black Soil,Kharif,Rajkot,High,Cotton
41,35,22,20.89,30.8,6.41,119.34,Loamy Soil,Rabi,Kutch,Low,Cumin
34,34,21,20.5,32.55,6.24,153.87,Sandy Soil,Rabi,Banaskantha,Low,Cumin
55,33,35,31.8,37.02,5.77,326.47,Sandy Soil,Kharif,Jamnagar,Low,Bajra
110,48,45,33.03,63.24,6.5,826.58,Black Soil,Kharif,Vadodara,High,Cotton
114,63,47,33.35,69.47,6.13,767.65,Alluvial Soil,Kharif,Amreli,Medium,Cotton
98,39,41,27.77,72.6,6.66,1017.43,Alluvial Soil,Kharif,Banaskantha,High,Maize
52,44,33,27.91,70.45,7.31,623.61,Black Soil,Kharif,Junagadh,Medium,Groundnut
82,47,48,23.07,50.31,6.62,179.32,Loamy Soil,Rabi,Anand,Medium,Wheat
99,48,40,19.88,50.13,6.09,214.75,Loamy Soil,Rabi,Anand,Medium,Wheat
41,29,26,30.58,47.35,7.07,385.52,Sandy Soil,Kharif,Bhavnagar,Low,Sesame
82,58,36,33.2,63.77,6.85,711.17,Black Soil,Kharif,Rajkot,High,Cotton
58,43,38,35.24,39.9,6.39,237.31,Sandy Soil,Kharif,Jamnagar,Low,Bajra
67,48,42,28.46,77.02,6.69,1042.79,Loamy Soil,Kharif,Anand,High,Maize
79,48,45,16.32,49.16,7.56,113.32,Black Soil,Rabi,Anand,Medium,Wheat
83,57,45,25.83,66.82,6.24,850.77,Red Soil,Kharif,Banaskantha,High,Maize
23,34,24,22.72,34.55,6.8,72.5,Loamy Soil,Rabi,Banaskantha,Low,Cumin
31,52,41,21.73,42.74,6.68,162.83,Clay Soil,Rabi,Rajkot,Low,Gram
47,31,26,34.4,42.95,6.36,247.38,Sandy Soil,Kharif,Banaskantha,Low,Bajra
32,44,31,25.67,70.77,6.41,644.25,Loamy Soil,Kharif,Bhavnagar,Medium,Groundnut
38,45,37,28.86,74.25,6.86,642.31,Sandy Soil,Kharif,Bhavnagar,Medium,Groundnut
91,42,38,19.95,46.97,6.65,170.19,Alluvial Soil,Rabi,Ahmedabad,Medium,Wheat
64,23,33,32.83,43.72,6.13,231.08,Loamy Soil,Kharif,Jamnagar,Low,Bajra
79,54,31,21.63,48.72,6.56,194.15,Black Soil,Rabi,Ahmedabad,Medium,Wheat
37,30,21,27.82,45.12,6.99,430.5,Sandy Soil,Kharif,Bhavnagar,Low,Sesame
36,40,34,29.21,74.85,6.88,643.32,Black Soil,Kharif,Jamnagar,Medium,Groundnut
103,48,52,32.41,67.71,6.81,744.73,Alluvial Soil,Kharif,Rajkot,High,Cotton
34,27,25,28.63,48.8,6.41,374.65,Sandy Soil,Kharif,Junagadh,Low,Sesame
114,58,49,34.34,66.24,6.69,796.46,Black Soil,Kharif,Vadodara,High,Cotton
38,45,28,28.14,72.88,5.75,699.78,Loamy Soil,Kharif,Jamnagar,Medium,Groundnut
24,34,32,24.49,32.01,6.81,130.26,Alluvial Soil,Rabi,Jamnagar,Low,Cumin
51,48,25,18.3,51.85,6.01,167.87,Sandy Soil,Rabi,Jamnagar,Low,Mustard
50,30,25,28.98,54.08,5.67,504.48,Alluvial Soil,Kharif,Rajkot,Low,Castor
73,38,38,19.33,51.26,6.23,125.81,Sandy Soil,Rabi,Ahmedabad,Low,Mustard
39,31,23,21.81,37.56,6.18,105.34,Loamy Soil,Rabi,Rajkot,Low,Cumin
45,37,32,34.18,41.12,6.32,277.92,Loamy Soil,Kharif,Kutch,Low,Bajra
53,33,25,31.69,38.66,4.95,301.69,Sandy Soil,Kharif,Kutch,Low,Bajra
29,32,23,24.9,33.96,6.7,123.9,Sandy Soil,Rabi,Banaskantha,Low,Cumin
51,29,29,20.27,54.35,6.99,188.74,Alluvial Soil,Rabi,Banaskantha,Low,Mustard
91,65,40,32.41,67.11,6.71,787.65,Black Soil,Kharif,Surat,High,Cotton
34,51,32,28.75,76.29,5.32,713.94,Black Soil,Kharif,Rajkot,Medium,Groundnut
38,48,38,29.38,68.98,6.72,692.54,Black Soil,Kharif,Jamnagar,Medium,Groundnut
36,43,32,20.64,38.1,6.62,169.52,Clay Soil,Rabi,Jamnagar,Low,Gram
85,56,39,27.1,65.96,6.95,891.97,Alluvial Soil,Kharif,Anand,High,Maize
20,52,35,30.68,75.59,7.29,693.93,Loamy Soil,Kharif,Bhavnagar,Medium,Groundnut
90,48,40,17.53,49.18,5.74,242.83,Black Soil,Rabi,Banaskantha,Medium,Wheat
48,37,24,28.16,46.74,6.62,421.32,Loamy Soil,Kharif,Junagadh,Low,Sesame
36,48,30,29.88,72.19,6.84,687.3,Sandy Soil,Kharif,Bhavnagar,Medium,Groundnut
36,35,24,23.56,31.77,7.09,87.05,Loamy Soil,Rabi,Banaskantha,Low,Cumin
58,43,35,21.57,51.3,6.22,200.04,Sandy Soil,Rabi,Banaskantha,Low,Mustard
60,30,26,28.52,59.26,6.25,507.75,Sandy Soil,Kharif,Rajkot,Low,Castor
67,40,38,17.26,55.27,5.6,195.33,Sandy Soil,Rabi,Kutch,Low,Mustard
40,28,22,26.06,50.7,6.89,355.43,Alluvial Soil,Kharif,Rajkot,Low,Sesame
87,56,51,32.51,61.69,6.62,721.13,Alluvial Soil,Kharif,Surat,Medium,Cotton
31,30,27,27.5,49.4,6.79,390.35,Loamy Soil,Kharif,Rajkot,Low,Sesame
29,36,21,28.49,45.07,6.5,389.27,Sandy Soil,Kharif,Bhavnagar,Low,Sesame
87,51,33,27.71,70.56,6.3,890.88,Alluvial Soil,Kharif,Banaskantha,High,Maize
35,57,40,29.99,71.67,7.71,668.42,Loamy Soil,Kharif,Amreli,Medium,Groundnut
106,53,46,30.27,65.78,6.12,654.01,Alluvial Soil,Kharif,Amreli,Medium,Cotton
86,42,53,35.25,69.61,6.78,839.65,Black Soil,Kharif,Jamnagar,Medium,Cotton
49,36,33,29.32,56.2,6.22,420.14,Loamy Soil,Kharif,Banaskantha,Low,Castor
34,45,35,20.04,37.14,6.11,214.9,Loamy Soil,Rabi,Junagadh,Low,Gram
43,37,35,27.26,72.53,6.45,586.42,Black Soil,Kharif,Bhavnagar,Medium,Groundnut
32,25,26,30.71,51.52,6.83,398.1,Alluvial Soil,Kharif,Bhavnagar,Low,Sesame
36,50,28,26.7,72.37,6.11,605.75,Black Soil,Kharif,Amreli,Medium,Groundnut
80,45,46,26.7,70.67,6.58,903.65,Loamy Soil,Kharif,Banaskantha,High,Maize
34,28,21,29.92,50.31,6.42,370.42,Alluvial Soil,Kharif,Amreli,Low,Sesame
34,25,21,27.56,52.94,6.35,344.04,Sandy Soil,Kharif,Junagadh,Low,Sesame
71,41,35,19.34,57.73,6.65,159.54,Sandy Soil,Rabi,Ahmedabad,Low,Mustard
63,31,22,36.16,35.84,6.68,292.57,Sandy Soil,Kharif,Mehsana,Low,Bajra
108,48,40,16.92,47.94,6.5,149.34,Loamy Soil,Rabi,Banaskantha,Medium,Wheat
42,45,38,28.32,71.49,6.5,655.89,Sandy Soil,Kharif,Rajkot,Medium,Groundnut
65,60,38,27.29,69.47,6.95,907.66,Loamy Soil,Kharif,Ahmedabad,High,Maize
40,37,21,20.13,33.94,6.4,120.6,Alluvial Soil,Rabi,Jamnagar,Low,Cumin
29,45,29,28.84,70.29,6.11,548.95,Sandy Soil,Kharif,Jamnagar,Medium,Groundnut
59,31,23,29.61,53.71,6.5,445.09,Sandy Soil,Kharif,Banaskantha,Low,Castor
36,32,25,24.67,38.08,6.22,88.39,Loamy Soil,Rabi,Rajkot,Low,Cumin
78,38,40,20.02,48.8,6.8,150.38,Black Soil,Rabi,Mehsana,Medium,Wheat
29,51,35,20.39,43.02,6.22,176.19,Black Soil,Rabi,Rajkot,Low,Gram
53,32,18,28.51,53.97,6.57,444.95,Loamy Soil,Kharif,Kutch,Low,Castor
96,45,39,33.55,63.44,6.67,796.87,Alluvial Soil,Kharif,Vadodara,High,Cotton
33,31,28,23.4,31.89,6.44,82.05,Loamy Soil,Rabi,Mehsana,Low,Cumin
54,29,30,32.84,58.15,6.79,463.47,Sandy Soil,Kharif,Banaskantha,Low,Castor
75,48,34,28.0,71.04,6.0,898.94,Loamy Soil,Kharif,Mehsana,High,Maize
33,23,30,30.11,50.49,7.53,369.17,Loamy Soil,Kharif,Bhavnagar,Low,Sesame
77,44,37,19.2,44.38,6.6,177.35,Loamy Soil,Rabi,Ahmedabad,Medium,Wheat
85,42,46,18.2,48.2,6.13,181.44,Clay Soil,Rabi,Banaskantha,Medium,Wheat
61,35,25,19.47,54.59,6.0,195.4,Sandy Soil,Rabi,Jamnagar,Low,Mustard
86,54,46,25.22,70.91,5.67,908.87,Alluvial Soil,Kharif,Ahmedabad,High,Maize
97,50,36,26.47,70.85,6.18,832.36,Loamy Soil,Kharif,Vadodara,High,Maize
37,23,27,30.42,46.4,6.2,335.18,Sandy Soil,Kharif,Kutch,Low,Sesame
95,51,41,31.95,62.3,5.94,817.24,Alluvial Soil,Kharif,Vadodara,High,Cotton
33,44,34,22.98,45.45,6.05,132.88,Loamy Soil,Rabi,Ahmedabad,Low,Gram
53,30,30,34.17,34.04,6.81,278.58,Loamy Soil,Kharif,Mehsana,Low,Bajra
55,39,40,20.25,52.71,6.57,194.91,Sandy Soil,Rabi,Banaskantha,Low,Mustard
28,43,34,26.9,73.97,6.37,708.0,Loamy Soil,Kharif,Jamnagar,Medium,Groundnut
71,35,30,34.2,43.4,6.48,303.53,Loamy Soil,Kharif,Mehsana,Low,Bajra
51,47,40,16.64,52.05,6.58,185.38,Alluvial Soil,Rabi,Jamnagar,Low,Mustard
36,52,36,23.53,44.44,7.42,228.91,Clay Soil,Rabi,Vadodara,Low,Gram
32,27,23,32.63,49.95,6.85,382.37,Alluvial Soil,Kharif,Rajkot,Low,Sesame
39,36,28,25.45,32.74,7.14,134.71,Alluvial Soil,Rabi,Kutch,Low,Cumin
111,61,41,30.92,60.81,6.38,831.09,Alluvial Soil,Kharif,Vadodara,High,Cotton
33,31,22,24.32,33.8,6.48,140.78,Sandy Soil,Rabi,Kutch,Low,Cumin
23,55,39,20.82,42.27,7.31,142.25,Black Soil,Rabi,Jamnagar,Low,Gram
37,50,37,21.73,39.54,5.48,159.57,Black Soil,Rabi,Jamnagar,Low,Gram
90,42,40,26.33,69.72,5.85,885.5,Loamy Soil,Kharif,Vadodara,High,Maize
84,42,33,26.05,64.71,5.57,975.26,Alluvial Soil,Kharif,Vadodara,High,Maize
84,47,47,26.96,66.11,6.52,847.91,Loamy Soil,Kharif,Banaskantha,High,Maize
84,56,47,27.5,69.01,6.44,957.84,Red Soil,Kharif,Anand,High,Maize
49,41,23,31.8,40.99,6.3,271.89,Loamy Soil,Kharif,Kutch,Low,Bajra
102,51,56,32.65,67.45,6.83,878.23,Black Soil,Kharif,Junagadh,High,Cotton
35,26,27,30.76,47.93,6.17,361.58,Loamy Soil,Kharif,Kutch,Low,Sesame
33,50,35,29.3,72.52,5.79,698.89,Loamy Soil,Kharif,Rajkot,Medium,Groundnut
33,19,28,28.32,42.37,7.02,416.16,Alluvial Soil,Kharif,Rajkot,Low,Sesame
95,46,43,18.17,49.23,6.01,271.12,Black Soil,Rabi,Ahmedabad,Medium,Wheat
82,45,49,26.67,72.97,6.76,917.6,Red Soil,Kharif,Banaskantha,High,Maize
94,53,56,30.35,60.11,6.58,803.39,Alluvial Soil,Kharif,Junagadh,High,Cotton
48,39,35,29.09,70.06,7.49,661.58,Loamy Soil,Kharif,Jamnagar,Medium,Groundnut
40,26,26,21.16,26.31,6.54,127.51,Sandy Soil,Rabi,Rajkot,Low,Cumin
20,37,35,30.69,74.76,6.66,648.93,Loamy Soil,Kharif,Amreli,Medium,Groundnut
77,43,40,27.12,68.09,6.34,946.33,Red Soil,Kharif,Vadodara,High,Maize
78,41,56,19.18,47.62,6.02,252.17,Black Soil,Rabi,Banaskantha,Medium,Wheat
42,38,37,33.55,42.96,6.33,271.22,Sandy Soil,Kharif,Kutch,Low,Bajra
49,42,20,27.63,49.43,7.1,475.74,Sandy Soil,Kharif,Banaskantha,Low,Castor
24,21,24,30.49,49.06,6.23,397.26,Loamy Soil,Kharif,Amreli,Low,Sesame
72,45,46,26.44,68.23,6.23,890.82,Loamy Soil,Kharif,Ahmedabad,High,Maize
56,37,34,33.67,38.65,7.06,221.02,Loamy Soil,Kharif,Mehsana,Low,Bajra
63,34,39,34.67,40.33,5.25,238.39,Loamy Soil,Kharif,Jamnagar,Low,Bajra
48,40,38,30.17,67.62,6.55,630.02,Sandy Soil,Kharif,Rajkot,Medium,Groundnut
43,31,25,25.62,37.92,6.78,132.46,Alluvial Soil,Rabi,Kutch,Low,Cumin
35,50,34,23.96,42.6,6.39,178.8,Clay Soil,Rabi,Junagadh,Low,Gram
62,25,44,18.69,52.96,7.55,144.0,Sandy Soil,Rabi,Kutch,Low,Mustard
96,50,51,32.45,66.05,6.73,697.63,Alluvial Soil,Kharif,Jamnagar,High,Cotton
50,39,31,33.46,55.61,6.3,431.46,Sandy Soil,Kharif,Rajkot,Low,Castor
67,34,33,31.06,44.4,6.6,322.45,Sandy Soil,Kharif,Jamnagar,Low,Bajra
94,42,44,25.98,72.68,6.58,926.98,Loamy Soil,Kharif,Anand,High,Maize
77,57,47,29.7,72.28,6.49,1007.65,Red Soil,Kharif,Vadodara,High,Maize
32,25,26,27.58,50.45,5.66,397.54,Loamy Soil,Kharif,Rajkot,Low,Sesame
65,37,42,20.36,41.64,7.3,205.69,Alluvial Soil,Rabi,Ahmedabad,Medium,Wheat
54,41,36,19.48,52.79,6.67,189.85,Alluvial Soil,Rabi,Kutch,Low,Mustard
37,26,24,30.22,44.74,5.69,409.02,Alluvial Soil,Kharif,Rajkot,Low,Sesame
38,55,27,19.99,45.51,6.91,210.09,Clay Soil,Rabi,Jamnagar,Low,Gram
33,50,37,20.18,46.3,6.61,178.54,Clay Soil,Rabi,Vadodara,Low,Gram
51,38,28,19.68,47.46,6.27,156.9,Loamy Soil,Rabi,Jamnagar,Low,Mustard
81,44,44,28.92,71.79,5.27,825.67,Loamy Soil,Kharif,Anand,High,Maize
35,49,45,21.59,46.83,6.65,225.32,Black Soil,Rabi,Junagadh,Low,Gram
61,43,33,33.39,41.65,5.2,284.55,Sandy Soil,Kharif,Banaskantha,Low,Bajra
53,30,30,34.72,41.11,6.63,272.51,Sandy Soil,Kharif,Ahmedabad,Low,Bajra
116,48,48,31.01,60.6,6.19,797.53,Alluvial Soil,Kharif,Bhavnagar,Medium,Cotton
28,28,32,22.6,31.84,6.4,118.73,Sandy Soil,Rabi,Kutch,Low,Cumin
39,28,25,28.14,54.63,7.0,354.7,Sandy Soil,Kharif,Bhavnagar,Low,Sesame
38,37,38,21.44,37.34,6.73,106.64,Sandy Soil,Rabi,Rajkot,Low,Cumin
103,52,54,31.93,59.09,7.13,739.62,Alluvial Soil,Kharif,Jamnagar,High,Cotton
71,43,40,26.6,67.02,5.92,1000.67,Loamy Soil,Kharif,Mehsana,High,Maize
80,49,47,20.07,49.45,6.29,187.37,Alluvial Soil,Rabi,Ahmedabad,Medium,Wheat
86,35,48,34.4,69.13,6.6,767.22,Black Soil,Kharif,Bhavnagar,High,Cotton
53,35,42,20.14,48.61,5.7,165.71,Loamy Soil,Rabi,Ahmedabad,Low,Mustard
87,54,42,29.45,72.59,5.98,863.24,Alluvial Soil,Kharif,Ahmedabad,High,Maize
39,56,31,20.29,41.12,7.18,169.07,Loamy Soil,Rabi,Ahmedabad,Low,Gram
35,34,23,21.61,33.76,6.15,77.02,Sandy Soil,Rabi,Mehsana,Low,Cumin
55,39,30,19.35,52.6,6.49,169.25,Alluvial Soil,Rabi,Jamnagar,Low,Mustard
49,37,24,31.74,55.61,7.09,373.26,Loamy Soil,Kharif,Kutch,Low,Castor
27,34,28,21.39,32.23,6.44,113.54,Loamy Soil,Rabi,Kutch,Low,Cumin
35,28,19,30.34,48.47,7.42,406.6,Alluvial Soil,Kharif,Junagadh,Low,Sesame
37,49,34,21.29,43.5,6.41,181.33,Clay Soil,Rabi,Vadodara,Low,Gram
65,36,27,19.46,54.81,5.71,166.95,Loamy Soil,Rabi,Banaskantha,Low,Mustard
31,27,28,23.07,35.78,6.94,137.29,Sandy Soil,Rabi,Banaskantha,Low,Cumin
105,52,44,31.85,64.71,6.31,782.75,Alluvial Soil,Kharif,Rajkot,Medium,Cotton
63,44,31,18.16,51.98,6.3,127.83,Alluvial Soil,Rabi,Jamnagar,Low,Mustard
52,28,26,38.37,35.49,7.35,239.8,Loamy Soil,Kharif,Ahmedabad,Low,Bajra
37,28,26,27.93,53.23,6.52,446.39,Alluvial Soil,Kharif,Rajkot,Low,Sesame
32,25,26,29.22,52.72,6.47,389.36,Loamy Soil,Kharif,Rajkot,Low,Sesame
94,41,40,17.61,46.81,7.29,183.15,Loamy Soil,Rabi,Banaskantha,Medium,Wheat
60,48,30,17.75,52.38,6.25,151.99,Sandy Soil,Rabi,Banaskantha,Low,Mustard
32,48,45,20.1,40.99,6.33,188.18,Black Soil,Rabi,Rajkot,Low,Gram
59,38,30,35.56,41.73,6.82,344.91,Sandy Soil,Kharif,Banaskantha,Low,Bajra
88,47,45,26.05,64.78,7.19,826.46,Loamy Soil,Kharif,Banaskantha,High,Maize
36,49,34,26.91,69.59,5.77,659.4,Black Soil,Kharif,Amreli,Medium,Groundnut
81,57,49,29.99,73.63,6.73,804.51,Loamy Soil,Kharif,Mehsana,High,Maize
59,32,37,32.14,47.11,7.51,271.05,Sandy Soil,Kharif,Mehsana,Low,Bajra
38,27,26,22.68,34.06,6.16,86.13,Sandy Soil,Rabi,Kutch,Low,Cumin
38,37,23,22.76,35.26,7.04,111.72,Alluvial Soil,Rabi,Rajkot,Low,Cumin
39,31,29,24.38,35.83,6.09,89.14,Loamy Soil,Rabi,Banaskantha,Low,Cumin
95,56,60,32.24,65.83,6.27,743.34,Black Soil,Kharif,Amreli,High,Cotton
87,55,42,31.72,61.56,6.91,744.2,Alluvial Soil,Kharif,Amreli,Medium,Cotton
31,21,24,29.28,47.92,8.08,364.94,Alluvial Soil,Kharif,Amreli,Low,Sesame
39,23,33,24.66,35.62,6.67,116.63,Alluvial Soil,Rabi,Rajkot,Low,Cumin
65,28,30,32.3,42.49,7.16,267.76,Loamy Soil,Kharif,Ahmedabad,Low,Bajra
51,29,34,33.02,40.1,6.66,326.75,Loamy Soil,Kharif,Kutch,Low,Bajra
57,30,30,33.73,43.93,6.91,355.39,Sandy Soil,Kharif,Banaskantha,Low,Bajra
95,49,46,18.25,47.05,6.97,153.9,Clay Soil,Rabi,Rajkot,Medium,Wheat
30,24,27,29.96,49.8,6.8,433.22,Sandy Soil,Kharif,Junagadh,Low,Sesame
59,34,32,16.61,54.31,6.43,186.97,Loamy Soil,Rabi,Jamnagar,Low,Mustard
82,53,38,22.41,50.0,6.46,186.58,Loamy Soil,Rabi,Anand,Medium,Wheat
100,54,42,25.3,70.67,6.47,893.76,Red Soil,Kharif,Mehsana,High,Maize
86,42,44,18.5,43.66,7.86,154.55,Alluvial Soil,Rabi,Banaskantha,Medium,Wheat
31,32,30,30.07,51.35,5.76,410.1,Loamy Soil,Kharif,Amreli,Low,Sesame
32,31,31,24.29,36.58,7.01,123.86,Loamy Soil,Rabi,Jamnagar,Low,Cumin
44,40,23,32.38,53.39,6.72,473.56,Alluvial Soil,Kharif,Anand,Low,Castor
37,23,23,28.33,52.13,7.01,422.31,Loamy Soil,Kharif,Kutch,Low,Sesame
59,31,27,34.15,40.64,5.59,274.56,Sandy Soil,Kharif,Ahmedabad,Low,Bajra
32,28,26,27.48,49.65,6.37,402.79,Loamy Soil,Kharif,Bhavnagar,Low,Sesame
37,19,27,27.54,47.88,6.32,384.36,Sandy Soil,Kharif,Rajkot,Low,Sesame
42,43,37,19.75,53.1,6.62,174.53,Sandy Soil,Rabi,Jamnagar,Low,Mustard
72,41,31,18.27,53.56,6.31,148.42,Loamy Soil,Rabi,Banaskantha,Low,Mustard
39,35,26,21.77,33.92,6.53,129.43,Loamy Soil,Rabi,Kutch,Low,Cumin
103,49,38,19.81,50.52,6.8,166.6,Alluvial Soil,Rabi,Rajkot,Medium,Wheat
56,31,33,30.09,56.7,7.24,488.44,Sandy Soil,Kharif,Banaskantha,Low,Castor
41,47,30,28.31,70.18,7.14,618.29,Loamy Soil,Kharif,Bhavnagar,Medium,Groundnut
43,46,42,23.88,44.68,7.09,167.27,Clay Soil,Rabi,Vadodara,Low,Gram
58,46,30,17.51,55.18,5.73,164.96,Sandy Soil,Rabi,Jamnagar,Low,Mustard
67,38,31,16.33,53.41,6.44,152.7,Sandy Soil,Rabi,Banaskantha,Low,Mustard
48,43,30,28.63,69.84,7.01,597.2,Loamy Soil,Kharif,Jamnagar,Medium,Groundnut
66,50,46,27.47,73.13,7.48,890.43,Alluvial Soil,Kharif,Mehsana,High,Maize
54,31,33,32.82,45.32,6.85,303.37,Sandy Soil,Kharif,Ahmedabad,Low,Bajra
68,40,38,20.12,53.65,5.96,192.06,Loamy Soil,Rabi,Mehsana,Low,Mustard
46,35,27,19.29,49.53,6.24,162.48,Loamy Soil,Rabi,Kutch,Low,Mustard
56,38,25,26.93,49.42,5.58,445.44,Loamy Soil,Kharif,Mehsana,Low,Castor
53,34,25,32.26,57.48,6.47,537.26,Sandy Soil,Kharif,Banaskantha,Low,Castor
25,60,33,21.84,41.72,6.57,183.5,Loamy Soil,Rabi,Junagadh,Low,Gram
52,35,20,31.64,54.08,6.62,560.11,Alluvial Soil,Kharif,Mehsana,Low,Castor
92,43,37,18.8,44.63,6.17,201.11,Clay Soil,Rabi,Mehsana,Medium,Wheat
90,46,42,25.08,76.09,6.05,865.13,Loamy Soil,Kharif,Vadodara,High,Maize
28,58,34,28.28,74.04,6.85,642.97,Sandy Soil,Kharif,Amreli,Medium,Groundnut
62,44,32,18.54,52.42,7.37,175.73,Alluvial Soil,Rabi,Mehsana,Low,Mustard
111,55,34,31.29,63.13,6.74,625.01,Alluvial Soil,Kharif,Jamnagar,High,Cotton
35,27,24,31.99,51.55,6.99,391.67,Sandy Soil,Kharif,Junagadh,Low,Sesame
59,34,36,34.86,34.94,7.0,238.91,Sandy Soil,Kharif,Mehsana,Low,Bajra
55,30,36,20.33,51.33,6.44,131.57,Alluvial Soil,Rabi,Mehsana,Low,Mustard
28,50,39,23.42,42.28,6.33,146.05,Black Soil,Rabi,Vadodara,Low,Gram
57,40,37,38.01,37.21,6.21,290.05,Sandy Soil,Kharif,Jamnagar,Low,Bajra
92,49,42,18.43,47.52,6.93,192.28,Loamy Soil,Rabi,Banaskantha,Medium,Wheat
95,48,45,25.79,67.36,5.59,922.38,Red Soil,Kharif,Ahmedabad,High,Maize
36,38,25,23.79,32.92,6.23,132.2,Alluvial Soil,Rabi,Kutch,Low,Cumin
43,52,31,20.99,44.07,5.83,212.37,Clay Soil,Rabi,Ahmedabad,Low,Gram
35,31,21,22.25,33.03,6.51,99.1,Sandy Soil,Rabi,Mehsana,Low,Cumin
29,27,29,23.21,33.48,5.87,109.2,Alluvial Soil,Rabi,Banaskantha,Low,Cumin
90,46,53,33.26,66.62,7.04,741.38,Alluvial Soil,Kharif,Junagadh,Medium,Cotton
84,44,44,21.38,52.42,6.6,171.81,Alluvial Soil,Rabi,Rajkot,Medium,Wheat
62,39,34,21.2,52.27,6.32,144.12,Alluvial Soil,Rabi,Kutch,Low,Mustard
36,32,29,21.65,39.26,6.45,79.62,Alluvial Soil,Rabi,Kutch,Low,Cumin
74,55,44,28.23,68.74,6.59,904.23,Alluvial Soil,Kharif,Banaskantha,High,Maize
37,46,39,23.82,44.6,6.65,170.66,Black Soil,Rabi,Jamnagar,Low,Gram
96,43,44,17.74,47.83,6.74,182.16,Black Soil,Rabi,Ahmedabad,Medium,Wheat
37,30,24,30.37,49.45,6.9,395.11,Sandy Soil,Kharif,Amreli,Low,Sesame
86,42,44,27.57,74.08,6.35,900.8,Alluvial Soil,Kharif,Ahmedabad,High,Maize
87,42,49,19.79,53.14,6.58,181.64,Loamy Soil,Rabi,Anand,Medium,Wheat
34,19,20,31.41,53.86,5.44,411.12,Sandy Soil,Kharif,Bhavnagar,Low,Sesame
37,32,21,31.51,48.65,6.86,381.1,Loamy Soil,Kharif,Rajkot,Low,Sesame
70,53,38,23.57,76.07,6.07,851.86,Loamy Soil,Kharif,Anand,High,Maize
61,32,45,20.44,48.96,7.27,166.73,Sandy Soil,Rabi,Banaskantha,Low,Mustard
85,41,39,18.55,43.47,6.84,213.15,Clay Soil,Rabi,Mehsana,Medium,Wheat
51,26,33,30.15,40.1,5.6,277.1,Loamy Soil,Kharif,Mehsana,Low,Bajra
62,44,42,19.4,52.17,6.52,195.23,Sandy Soil,Rabi,Kutch,Low,Mustard
46,44,29,27.85,71.65,7.48,588.72,Loamy Soil,Kharif,Jamnagar,Medium,Groundnut
85,54,46,27.92,71.31,6.46,940.64,Loamy Soil,Kharif,Ahmedabad,High,Maize
54,33,30,35.37,35.56,6.51,266.21,Sandy Soil,Kharif,Mehsana,Low,Bajra
94,45,43,19.41,46.12,6.66,192.63,Alluvial Soil,Rabi,Anand,Medium,Wheat
24,26,19,30.01,45.82,6.76,445.16,Alluvial Soil,Kharif,Amreli,Low,Sesame
29,34,28,18.84,28.0,6.66,159.1,Sandy Soil,Rabi,Mehsana,Low,Cumin
57,31,35,29.89,56.41,6.5,443.02,Alluvial Soil,Kharif,Kutch,Low,Castor
40,34,28,20.89,35.82,6.41,90.7,Alluvial Soil,Rabi,Banaskantha,Low,Cumin
97,40,53,16.43,51.14,6.48,233.42,Black Soil,Rabi,Rajkot,Medium,Wheat
38,45,36,21.58,43.61,6.76,161.78,Loamy Soil,Rabi,Rajkot,Low,Gram
98,38,32,18.31,43.86,7.24,260.52,Black Soil,Rabi,Ahmedabad,Medium,Wheat
52,32,26,33.93,36.18,6.58,286.21,Loamy Soil,Kharif,Mehsana,Low,Bajra
55,31,26,30.71,54.25,5.92,525.29,Loamy Soil,Kharif,Banaskantha,Low,Castor
91,45,40,16.08,44.72,6.3,236.58,Clay Soil,Rabi,Mehsana,Medium,Wheat
55,29,21,26.54,53.41,6.69,472.75,Loamy Soil,Kharif,Anand,Low,Castor
88,42,40,20.49,50.9,7.03,220.2,Alluvial Soil,Rabi,Rajkot,Medium,Wheat
94,49,48,27.75,63.87,6.55,919.8,Loamy Soil,Kharif,Vadodara,High,Maize
60,37,41,17.92,56.27,6.57,115.54,Sandy Soil,Rabi,Kutch,Low,Mustard
89,44,44,27.25,71.26,6.35,1038.94,Red Soil,Kharif,Mehsana,High,Maize
27,24,25,31.12,51.46,7.14,349.03,Sandy Soil,Kharif,Amreli,Low,Sesame
95,52,43,27.38,71.55,6.75,1046.4,Loamy Soil,Kharif,Anand,High,Maize
38,36,24,24.42,34.47,7.52,134.37,Alluvial Soil,Rabi,Kutch,Low,Cumin
65,48,32,18.31,49.14,6.76,146.73,Loamy Soil,Rabi,Mehsana,Low,Mustard
75,54,44,24.13,72.85,6.13,875.06,Loamy Soil,Kharif,Anand,High,Maize
94,50,41,31.41,66.26,6.88,738.52,Alluvial Soil,Kharif,Bhavnagar,High,Cotton
54,36,26,31.35,53.96,6.07,529.33,Alluvial Soil,Kharif,Banaskantha,Low,Castor
96,43,40,18.97,48.11,6.54,214.07,Black Soil,Rabi,Mehsana,Medium,Wheat
80,42,42,27.72,76.2,6.73,870.02,Red Soil,Kharif,Banaskantha,High,Maize
96,54,48,28.91,71.97,5.93,1022.89,Loamy Soil,Kharif,Banaskantha,High,Maize
32,28,24,27.72,51.71,6.87,478.64,Loamy Soil,Kharif,Bhavnagar,Low,Sesame
48,38,26,29.72,54.41,7.27,425.44,Alluvial Soil,Kharif,Rajkot,Low,Castor
49,37,38,32.01,55.44,6.76,355.12,Loamy Soil,Kharif,Anand,Low,Castor
51,34,36,34.44,44.45,6.32,345.47,Sandy Soil,Kharif,Banaskantha,Low,Bajra
79,45,47,20.16,45.34,5.3,211.57,Clay Soil,Rabi,Rajkot,Medium,Wheat
33,33,31,24.51,35.74,6.17,111.98,Sandy Soil,Rabi,Mehsana,Low,Cumin
83,44,46,18.1,47.03,6.75,189.15,Alluvial Soil,Rabi,Rajkot,Medium,Wheat
47,40,31,22.45,45.03,6.67,203.07,Loamy Soil,Rabi,Jamnagar,Low,Gram
37,27,26,32.28,46.02,6.69,404.74,Sandy Soil,Kharif,Rajkot,Low,Sesame
85,44,34,27.53,67.35,7.05,900.94,Red Soil,Kharif,Vadodara,High,Maize
107,54,49,31.55,66.23,6.44,830.52,Alluvial Soil,Kharif,Amreli,Medium,Cotton
39,31,28,30.12,61.29,6.12,461.81,Loamy Soil,Kharif,Kutch,Low,Castor
60,47,42,18.13,50.46,6.45,196.6,Alluvial Soil,Rabi,Kutch,Low,Mustard
93,36,40,18.45,46.86,6.36,190.36,Clay Soil,Rabi,Mehsana,Medium,Wheat
98,46,53,31.84,57.76,6.92,764.31,Alluvial Soil,Kharif,Surat,High,Cotton
55,38,35,31.22,60.69,6.53,519.98,Sandy Soil,Kharif,Banaskantha,Low,Castor
61,30,30,35.41,38.74,6.34,248.19,Loamy Soil,Kharif,Banaskantha,Low,Bajra
33,27,27,28.86,49.76,6.62,382.06,Alluvial Soil,Kharif,Rajkot,Low,Sesame
94,50,47,29.99,69.2,6.82,857.5,Red Soil,Kharif,Banaskantha,High,Maize
67,33,32,17.19,49.52,6.26,140.7,Sandy Soil,Rabi,Banaskantha,Low,Mustard
57,45,33,19.71,50.08,7.52,174.03,Alluvial Soil,Rabi,Mehsana,Low,Mustard
40,28,29,21.53,37.51,6.72,120.19,Sandy Soil,Rabi,Rajkot,Low,Cumin
49,35,34,18.55,54.71,5.57,163.54,Sandy Soil,Rabi,Ahmedabad,Low,Mustard
31,36,28,24.09,36.67,7.7,126.29,Sandy Soil,Rabi,Mehsana,Low,Cumin
44,22,29,30.87,57.27,6.69,493.75,Alluvial Soil,Kharif,Mehsana,Low,Castor
76,40,54,18.72,52.3,5.88,164.88,Clay Soil,Rabi,Rajkot,Medium,Wheat
98,44,44,31.6,63.81,6.22,726.86,Alluvial Soil,Kharif,Bhavnagar,Medium,Cotton
101,51,45,31.59,59.84,6.63,797.31,Alluvial Soil,Kharif,Vadodara,High,Cotton
35,34,26,27.71,54.23,6.9,433.32,Sandy Soil,Kharif,Kutch,Low,Sesame
39,31,38,30.55,48.94,5.8,461.3,Sandy Soil,Kharif,Rajkot,Low,Castor
95,60,40,33.08,64.07,6.36,852.69,Black Soil,Kharif,Surat,Medium,Cotton
36,24,22,28.24,43.6,5.97,423.21,Alluvial Soil,Kharif,Junagadh,Low,Sesame
51,32,29,30.99,57.34,6.41,376.32,Alluvial Soil,Kharif,Rajkot,Low,Castor
26,39,44,19.27,41.71,6.53,177.98,Black Soil,Rabi,Rajkot,Low,Gram
66,36,33,21.99,51.66,7.11,175.98,Sandy Soil,Rabi,Banaskantha,Low,Mustard
46,33,25,21.82,34.72,6.56,116.28,Alluvial Soil,Rabi,Jamnagar,Low,Cumin
44,38,31,26.66,72.82,6.32,658.84,Loamy Soil,Kharif,Amreli,Medium,Groundnut
29,45,34,30.05,75.78,6.93,541.87,Loamy Soil,Kharif,Jamnagar,Medium,Groundnut
27,49,32,19.98,44.59,7.15,187.82,Black Soil,Rabi,Junagadh,Low,Gram
62,35,30,19.69,54.35,6.1,149.15,Alluvial Soil,Rabi,Jamnagar,Low,Mustard
32,29,26,28.9,47.39,6.1,375.65,Alluvial Soil,Kharif,Bhavnagar,Low,Sesame
89,51,44,27.43,70.98,6.42,883.22,Red Soil,Kharif,Anand,High,Maize
47,28,28,30.53,59.8,6.69,434.86,Alluvial Soil,Kharif,Rajkot,Low,Castor
54,41,32,29.66,35.9,7.88,280.64,Loamy Soil,Kharif,Jamnagar,Low,Bajra
29,46,27,27.63,71.57,6.64,622.36,Black Soil,Kharif,Amreli,Medium,Groundnut
75,43,46,21.06,47.77,6.82,199.06,Loamy Soil,Rabi,Ahmedabad,Medium,Wheat
77,55,40,27.36,65.43,6.78,932.58,Alluvial Soil,Kharif,Ahmedabad,High,Maize
76,46,41,25.45,67.41,6.54,914.34,Red Soil,Kharif,Mehsana,High,Maize
35,56,30,21.03,41.22,5.79,196.32,Clay Soil,Rabi,Ahmedabad,Low,Gram
71,56,44,24.42,70.19,7.02,819.06,Alluvial Soil,Kharif,Mehsana,High,Maize
106,45,46,30.93,63.71,6.29,768.16,Black Soil,Kharif,Vadodara,High,Cotton
69,39,45,27.92,74.03,5.97,949.7,Alluvial Soil,Kharif,Anand,High,Maize
50,34,31,21.73,52.66,7.41,182.78,Sandy Soil,Rabi,Mehsana,Low,Mustard
41,43,32,28.2,71.05,6.05,627.57,Loamy Soil,Kharif,Rajkot,Medium,Groundnut
47,29,31,31.72,60.6,6.72,433.04,Loamy Soil,Kharif,Rajkot,Low,Castor
29,49,29,20.32,42.0,7.01,185.26,Black Soil,Rabi,Ahmedabad,Low,Gram
68,34,31,15.1,53.42,6.05,181.97,Sandy Soil,Rabi,Ahmedabad,Low,Mustard
33,28,22,31.84,49.39,6.77,450.18,Sandy Soil,Kharif,Bhavnagar,Low,Sesame
38,59,37,19.91,41.09,6.07,171.61,Clay Soil,Rabi,Junagadh,Low,Gram
58,41,37,19.65,50.72,6.12,148.11,Sandy Soil,Rabi,Banaskantha,Low,Mustard
27,28,24,33.75,43.48,6.96,414.45,Loamy Soil,Kharif,Bhavnagar,Low,Sesame
25,24,27,22.6,31.07,6.36,124.75,Alluvial Soil,Rabi,Banaskantha,Low,Cumin
78,54,40,26.77,66.35,5.65,897.9,Red Soil,Kharif,Anand,High,Maize
102,46,52,20.87,46.19,7.15,208.8,Clay Soil,Rabi,Rajkot,Medium,Wheat
39,37,23,28.58,53.24,6.48,383.6,Alluvial Soil,Kharif,Mehsana,Low,Castor
57,36,27,30.4,51.24,5.93,370.59,Sandy Soil,Kharif,Mehsana,Low,Castor
62,38,34,19.96,49.65,5.85,170.07,Sandy Soil,Rabi,Banaskantha,Low,Mustard
87,32,42,20.78,48.62,6.2,201.36,Black Soil,Rabi,Rajkot,Medium,Wheat
57,45,39,22.52,48.58,6.85,197.64,Sandy Soil,Rabi,Banaskantha,Low,Mustard
81,43,39,24.83,73.19,6.55,1065.51,Red Soil,Kharif,Anand,High,Maize
29,22,28,30.28,46.77,7.65,434.85,Alluvial Soil,Kharif,Kutch,Low,Sesame
27,22,21,30.46,45.28,6.4,401.34,Sandy Soil,Kharif,Kutch,Low,Sesame
31,51,32,18.92,42.01,7.08,173.4,Black Soil,Rabi,Ahmedabad,Low,Gram
42,40,31,25.97,72.01,6.35,664.96,Sandy Soil,Kharif,Junagadh,Medium,Groundnut
56,36,31,33.19,53.22,5.94,483.08,Sandy Soil,Kharif,Kutch,Low,Castor
39,49,30,16.51,40.42,6.38,127.52,Clay Soil,Rabi,Vadodara,Low,Gram
53,29,31,31.03,59.91,6.59,490.96,Loamy Soil,Kharif,Mehsana,Low,Castor
77,50,41,18.99,51.13,5.94,175.77,Alluvial Soil,Rabi,Mehsana,Medium,Wheat
29,46,29,27.67,73.27,6.39,661.52,Loamy Soil,Kharif,Jamnagar,Medium,Groundnut
61,46,37,20.08,49.8,6.24,184.84,Loamy Soil,Rabi,Ahmedabad,Low,Mustard
77,53,42,25.71,66.43,7.0,860.14,Loamy Soil,Kharif,Anand,High,Maize
48,36,34,34.38,47.43,6.35,206.69,Sandy Soil,Kharif,Jamnagar,Low,Bajra
31,40,29,19.94,42.32,6.68,141.16,Clay Soil,Rabi,Junagadh,Low,Gram
58,38,35,17.43,52.3,7.18,202.5,Loamy Soil,Rabi,Ahmedabad,Low,Mustard
47,49,29,28.46,69.31,6.96,646.3,Sandy Soil,Kharif,Bhavnagar,Medium,Groundnut
31,41,33,28.9,72.9,6.67,633.15,Black Soil,Kharif,Amreli,Medium,Groundnut
95,56,53,32.12,69.93,5.93,787.09,Black Soil,Kharif,Vadodara,High,Cotton
55,44,26,20.08,53.35,6.54,171.99,Sandy Soil,Rabi,Kutch,Low,Mustard
40,53,36,23.6,43.52,7.04,246.42,Loamy Soil,Rabi,Rajkot,Low,Gram
104,60,50,31.87,72.57,6.94,838.25,Alluvial Soil,Kharif,Jamnagar,High,Cotton
38,33,30,28.34,48.69,6.89,307.98,Alluvial Soil,Kharif,Junagadh,Low,Sesame
90,46,32,28.27,71.22,6.31,974.99,Alluvial Soil,Kharif,Vadodara,High,Maize
61,46,30,30.61,50.94,7.45,460.77,Sandy Soil,Kharif,Banaskantha,Low,Castor
42,32,28,32.04,54.71,5.78,388.35,Sandy Soil,Kharif,Banaskantha,Low,Castor
86,51,41,28.13,67.73,7.17,941.75,Red Soil,Kharif,Ahmedabad,High,Maize
21,24,21,31.29,51.6,5.98,443.09,Loamy Soil,Kharif,Junagadh,Low,Sesame
32,30,31,24.16,34.19,6.8,109.32,Alluvial Soil,Rabi,Mehsana,Low,Cumin
49,31,29,28.86,61.05,6.93,460.43,Sandy Soil,Kharif,Banaskantha,Low,Castor
108,52,55,31.65,74.07,6.81,742.86,Alluvial Soil,Kharif,Bhavnagar,Medium,Cotton
87,46,42,27.19,67.37,6.35,888.95,Red Soil,Kharif,Banaskantha,High,Maize
79,41,47,23.17,46.65,6.73,181.46,Loamy Soil,Rabi,Mehsana,Medium,Wheat
93,62,40,26.41,67.43,7.06,954.33,Loamy Soil,Kharif,Vadodara,High,Maize
39,33,23,31.57,52.14,6.21,464.11,Sandy Soil,Kharif,Banaskantha,Low,Castor
29,45,35,22.35,44.19,6.45,127.07,Clay Soil,Rabi,Vadodara,Low,Gram
39,52,33,26.94,70.72,6.8,714.93,Black Soil,Kharif,Rajkot,Medium,Groundnut
36,18,24,31.34,46.55,6.41,366.95,Loamy Soil,Kharif,Kutch,Low,Sesame
41,42,29,25.01,46.3,6.49,174.42,Black Soil,Rabi,Vadodara,Low,Gram
86,35,41,26.22,72.65,6.27,973.26,Loamy Soil,Kharif,Ahmedabad,High,Maize
73,61,36,29.75,69.43,6.24,937.79,Loamy Soil,Kharif,Anand,High,Maize
54,34,33,34.96,43.9,5.37,321.41,Sandy Soil,Kharif,Kutch,Low,Bajra
82,52,57,32.2,64.02,6.19,859.9,Alluvial Soil,Kharif,Amreli,High,Cotton
78,55,41,17.73,47.83,7.6,136.3,Clay Soil,Rabi,Mehsana,Medium,Wheat
25,41,29,29.26,72.48,7.07,583.76,Black Soil,Kharif,Bhavnagar,Medium,Groundnut
37,41,27,25.55,35.09,6.73,103.01,Alluvial Soil,Rabi,Rajkot,Low,Cumin
26,47,33,20.35,46.31,5.54,172.15,Black Soil,Rabi,Junagadh,Low,Gram
36,32,27,25.22,34.21,6.21,97.34,Alluvial Soil,Rabi,Jamnagar,Low,Cumin
37,21,23,24.66,33.14,7.06,159.33,Loamy Soil,Rabi,Jamnagar,Low,Cumin
50,32,36,34.36,54.12,6.94,496.16,Loamy Soil,Kharif,Rajkot,Low,Castor
92,47,53,30.2,63.62,6.52,807.42,Black Soil,Kharif,Vadodara,Medium,Cotton
37,57,36,22.18,44.9,6.46,116.01,Loamy Soil,Rabi,Ahmedabad,Low,Gram
45,42,27,20.44,41.67,6.38,162.23,Black Soil,Rabi,Jamnagar,Low,Gram
48,48,29,29.57,71.75,5.88,641.4,Sandy Soil,Kharif,Amreli,Medium,Groundnut
93,46,37,26.76,65.46,6.36,881.29,Red Soil,Kharif,Ahmedabad,High,Maize
35,41,25,23.46,32.73,6.33,88.69,Alluvial Soil,Rabi,Rajkot,Low,Cumin
26,30,34,24.62,36.52,6.62,107.13,Alluvial Soil,Rabi,Jamnagar,Low,Cumin
35,19,23,30.6,42.47,6.59,372.93,Loamy Soil,Kharif,Rajkot,Low,Sesame
29,42,36,21.52,39.66,5.89,143.91,Loamy Soil,Rabi,Jamnagar,Low,Gram
82,43,51,25.24,72.93,6.12,909.06,Loamy Soil,Kharif,Ahmedabad,High,Maize
85,53,47,32.77,65.4,6.01,879.77,Black Soil,Kharif,Rajkot,High,Cotton
46,43,37,33.27,42.27,6.79,336.26,Sandy Soil,Kharif,Banaskantha,Low,Bajra
86,43,49,31.71,66.26,6.85,817.71,Black Soil,Kharif,Vadodara,Medium,Cotton
33,26,29,30.1,44.04,7.26,427.09,Alluvial Soil,Kharif,Bhavnagar,Low,Sesame
74,51,45,26.84,74.13,7.6,922.89,Alluvial Soil,Kharif,Mehsana,High,Maize
86,52,44,26.92,68.58,6.71,892.11,Red Soil,Kharif,Banaskantha,High,Maize
63,39,29,19.01,54.7,5.78,214.49,Loamy Soil,Rabi,Jamnagar,Low,Mustard
84,51,42,26.93,68.27,5.71,825.43,Alluvial Soil,Kharif,Vadodara,High,Maize
34,22,28,28.9,50.7,6.51,420.25,Alluvial Soil,Kharif,Bhavnagar,Low,Sesame
45,34,30,35.89,42.25,6.38,231.36,Sandy Soil,Kharif,Mehsana,Low,Bajra
39,22,20,29.88,47.45,6.31,385.35,Loamy Soil,Kharif,Kutch,Low,Sesame
100,54,47,19.13,49.59,6.92,254.61,Alluvial Soil,Rabi,Mehsana,Medium,Wheat
50,41,25,36.2,44.79,6.67,266.85,Sandy Soil,Kharif,Kutch,Low,Bajra
27,33,28,23.56,34.96,6.22,100.77,Alluvial Soil,Rabi,Mehsana,Low,Cumin
90,56,45,28.53,68.7,7.25,946.38,Loamy Soil,Kharif,Banaskantha,High,Maize
91,51,42,32.93,63.75,5.85,829.44,Alluvial Soil,Kharif,Surat,High,Cotton
48,38,31,34.81,32.48,6.75,244.98,Sandy Soil,Kharif,Kutch,Low,Bajra
105,56,61,34.91,62.71,7.31,825.54,Alluvial Soil,Kharif,Amreli,High,Cotton
29,21,28,30.7,49.01,7.37,419.78,Alluvial Soil,Kharif,Kutch,Low,Sesame
44,39,32,17.61,54.62,6.18,164.73,Sandy Soil,Rabi,Banaskantha,Low,Mustard
36,22,21,27.36,54.42,5.77,401.14,Sandy Soil,Kharif,Rajkot,Low,Sesame
73,61,40,29.63,68.98,6.9,993.0,Alluvial Soil,Kharif,Anand,High,Maize
109,48,49,19.88,48.42,5.7,197.54,Clay Soil,Rabi,Ahmedabad,Medium,Wheat
77,48,46,18.0,44.37,6.41,159.86,Loamy Soil,Rabi,Banaskantha,Medium,Wheat
60,36,25,34.12,37.27,6.05,211.64,Loamy Soil,Kharif,Mehsana,Low,Bajra
61,43,35,21.38,54.31,6.48,155.89,Loamy Soil,Rabi,Ahmedabad,Low,Mustard
95,58,47,30.56,62.62,6.84,751.31,Black Soil,Kharif,Bhavnagar,Medium,Cotton
30,52,36,19.98,42.09,6.45,193.69,Clay Soil,Rabi,Ahmedabad,Low,Gram
36,56,35,23.94,43.23,6.51,194.34,Loamy Soil,Rabi,Jamnagar,Low,Gram
38,30,29,28.13,47.59,5.95,478.55,Alluvial Soil,Kharif,Bhavnagar,Low,Sesame
47,30,30,33.54,43.46,6.54,295.19,Sandy Soil,Kharif,Mehsana,Low,Bajra
38,54,41,22.48,43.2,6.32,151.78,Loamy Soil,Rabi,Vadodara,Low,Gram
54,29,26,28.14,56.58,6.52,461.31,Sandy Soil,Kharif,Banaskantha,Low,Castor
35,45,31,27.56,72.7,6.52,688.06,Loamy Soil,Kharif,Bhavnagar,Medium,Groundnut
97,45,51,20.35,43.34,6.65,226.13,Alluvial Soil,Rabi,Anand,Medium,Wheat
99,39,48,21.23,40.0,6.42,104.14,Alluvial Soil,Rabi,Anand,Medium,Wheat
53,35,27,29.71,56.79,6.79,489.57,Sandy Soil,Kharif,Banaskantha,Low,Castor
32,33,18,30.65,52.48,6.15,416.83,Sandy Soil,Kharif,Bhavnagar,Low,Sesame
86,49,45,27.16,70.67,6.31,829.84,Red Soil,Kharif,Mehsana,High,Maize
75,43,35,24.78,75.44,6.15,703.89,Red Soil,Kharif,Mehsana,High,Maize
60,36,32,18.42,50.24,6.47,174.37,Sandy Soil,Rabi,Kutch,Low,Mustard
40,23,25,32.56,53.0,6.8,389.65,Loamy Soil,Kharif,Bhavnagar,Low,Sesame
32,48,41,22.58,39.51,6.29,152.7,Clay Soil,Rabi,Rajkot,Low,Gram
53,35,26,20.44,53.19,7.4,136.8,Sandy Soil,Rabi,Banaskantha,Low,Mustard
30,33,27,19.9,33.2,6.97,125.54,Alluvial Soil,Rabi,Kutch,Low,Cumin
80,54,46,29.09,68.53,5.89,859.32,Loamy Soil,Kharif,Mehsana,High,Maize
31,25,31,30.85,48.32,6.15,347.67,Sandy Soil,Kharif,Junagadh,Low,Sesame
95,49,42,29.04,77.31,7.28,958.48,Alluvial Soil,Kharif,Mehsana,High,Maize
35,37,25,23.65,36.56,6.13,124.62,Alluvial Soil,Rabi,Kutch,Low,Cumin
86,52,43,29.03,68.59,6.91,817.95,Red Soil,Kharif,Mehsana,High,Maize
90,50,46,26.54,67.59,7.1,921.17,Red Soil,Kharif,Anand,High,Maize
77,42,50,18.94,51.41,6.77,186.86,Alluvial Soil,Rabi,Ahmedabad,Medium,Wheat
62,42,34,18.37,50.73,6.53,137.34,Sandy Soil,Rabi,Jamnagar,Low,Mustard
46,34,31,27.25,70.75,6.69,706.03,Black Soil,Kharif,Rajkot,Medium,Groundnut
90,55,58,30.26,58.82,6.44,801.05,Alluvial Soil,Kharif,Surat,High,Cotton
65,40,32,33.11,34.2,6.06,302.61,Sandy Soil,Kharif,Mehsana,Low,Bajra
27,29,27,26.81,49.7,6.72,409.64,Loamy Soil,Kharif,Rajkot,Low,Sesame
33,29,30,24.56,35.45,6.41,104.08,Sandy Soil,Rabi,Rajkot,Low,Cumin
31,24,23,22.31,39.54,7.02,114.05,Sandy Soil,Rabi,Kutch,Low,Cumin
68,43,49,24.01,66.81,5.77,881.72,Loamy Soil,Kharif,Vadodara,High,Maize
29,42,25,22.29,44.84,5.79,158.81,Clay Soil,Rabi,Jamnagar,Low,Gram
99,41,40,19.45,45.89,6.55,193.24,Clay Soil,Rabi,Banaskantha,Medium,Wheat
60,40,22,18.18,53.33,6.39,151.56,Loamy Soil,Rabi,Kutch,Low,Mustard
40,18,22,31.56,50.07,7.03,408.36,Loamy Soil,Kharif,Junagadh,Low,Sesame
107,53,53,32.69,65.09,6.35,794.61,Black Soil,Kharif,Jamnagar,High,Cotton
20,26,18,23.11,34.98,6.32,101.43,Loamy Soil,Rabi,Kutch,Low,Cumin
64,34,31,19.2,53.53,6.76,138.22,Sandy Soil,Rabi,Banaskantha,Low,Mustard
83,55,46,26.91,74.22,5.49,1025.15,Red Soil,Kharif,Anand,High,Maize
46,41,26,32.0,74.46,6.37,693.45,Loamy Soil,Kharif,Bhavnagar,Medium,Groundnut
38,23,26,32.27,47.79,6.12,422.33,Sandy Soil,Kharif,Rajkot,Low,Sesame
39,30,24,28.21,51.38,6.28,346.39,Sandy Soil,Kharif,Rajkot,Low,Sesame
44,26,27,28.33,53.07,6.76,407.26,Sandy Soil,Kharif,Rajkot,Low,Sesame
47,40,29,30.5,38.29,6.76,198.72,Sandy Soil,Kharif,Kutch,Low,Bajra
38,55,34,23.86,41.49,6.47,227.15,Black Soil,Rabi,Jamnagar,Low,Gram
86,46,45,20.64,43.7,7.33,217.5,Clay Soil,Rabi,Anand,Medium,Wheat
33,38,26,22.32,35.06,5.52,111.36,Sandy Soil,Rabi,Kutch,Low,Cumin
40,50,33,28.78,68.32,6.69,613.25,Sandy Soil,Kharif,Rajkot,Medium,Groundnut
103,49,44,17.57,46.09,7.29,246.18,Clay Soil,Rabi,Rajkot,Medium,Wheat
51,31,25,33.14,34.21,7.53,239.37,Sandy Soil,Kharif,Mehsana,Low,Bajra
56,39,48,18.6,48.65,6.47,212.4,Sandy Soil,Rabi,Mehsana,Low,Mustard
35,41,30,27.21,69.3,5.94,608.53,Black Soil,Kharif,Amreli,Medium,Groundnut
35,21,23,29.92,47.98,6.42,412.44,Sandy Soil,Kharif,Amreli,Low,Sesame
89,52,44,24.8,76.46,6.74,948.21,Red Soil,Kharif,Mehsana,High,Maize
34,23,27,30.23,50.63,7.58,349.77,Loamy Soil,Kharif,Junagadh,Low,Sesame
108,50,47,32.03,58.6,6.49,754.02,Alluvial Soil,Kharif,Surat,Medium,Cotton
39,40,28,31.03,57.65,6.78,409.45,Loamy Soil,Kharif,Rajkot,Low,Castor
40,42,29,29.27,69.51,6.05,594.8,Sandy Soil,Kharif,Bhavnagar,Medium,Groundnut
35,24,28,22.14,37.8,6.67,157.38,Sandy Soil,Rabi,Banaskantha,Low,Cumin
28,32,27,30.0,48.83,6.44,406.88,Loamy Soil,Kharif,Rajkot,Low,Sesame
93,47,37,26.92,70.74,6.26,918.5,Loamy Soil,Kharif,Vadodara,High,Maize
95,53,54,31.19,61.64,6.63,680.46,Alluvial Soil,Kharif,Junagadh,Medium,Cotton
40,37,29,29.88,52.24,7.22,420.57,Alluvial Soil,Kharif,Anand,Low,Castor
48,42,30,28.59,52.59,6.31,507.96,Loamy Soil,Kharif,Banaskantha,Low,Castor
23,35,29,22.98,32.68,6.42,114.38,Loamy Soil,Rabi,Banaskantha,Low,Cumin
47,38,35,25.4,72.28,7.06,622.42,Loamy Soil,Kharif,Amreli,Medium,Groundnut
35,27,26,28.99,47.83,6.19,384.62,Alluvial Soil,Kharif,Amreli,Low,Sesame
31,28,25,22.87,35.29,6.78,118.4,Alluvial Soil,Rabi,Rajkot,Low,Cumin
24,45,36,26.89,70.41,5.57,729.49,Black Soil,Kharif,Jamnagar,Medium,Groundnut
41,32,31,27.73,69.09,6.04,690.48,Loamy Soil,Kharif,Jamnagar,Medium,Groundnut
42,49,30,27.39,74.48,6.63,604.69,Sandy Soil,Kharif,Bhavnagar,Medium,Groundnut
79,41,43,18.99,47.85,6.85,187.74,Alluvial Soil,Rabi,Ahmedabad,Medium,Wheat
84,45,38,26.58,70.79,6.74,908.28,Loamy Soil,Kharif,Banaskantha,High,Maize
87,42,32,20.08,48.86,7.3,173.72,Black Soil,Rabi,Anand,Medium,Wheat
80,51,43,20.77,48.84,6.07,180.43,Clay Soil,Rabi,Ahmedabad,Medium,Wheat
33,46,40,19.0,43.86,7.19,160.53,Black Soil,Rabi,Jamnagar,Low,Gram
84,54,34,26.89,65.95,6.18,733.0,Alluvial Soil,Kharif,Banaskantha,High,Maize
36,30,24,29.7,46.62,6.17,384.22,Sandy Soil,Kharif,Rajkot,Low,Sesame
73,50,32,28.4,70.86,5.83,1007.76,Alluvial Soil,Kharif,Banaskantha,High,Maize
50,31,27,39.67,44.74,6.17,347.16,Sandy Soil,Kharif,Ahmedabad,Low,Bajra
56,27,27,36.26,33.31,6.81,259.44,Loamy Soil,Kharif,Ahmedabad,Low,Bajra
95,44,47,18.77,45.46,6.57,254.97,Alluvial Soil,Rabi,Rajkot,Medium,Wheat
38,31,25,29.52,54.84,7.37,433.02,Loamy Soil,Kharif,Mehsana,Low,Castor
98,43,44,31.62,64.15,6.38,795.88,Black Soil,Kharif,Bhavnagar,Medium,Cotton
95,40,39,19.58,47.66,6.43,190.35,Loamy Soil,Rabi,Banaskantha,Medium,Wheat
34,53,36,22.88,41.92,6.21,161.64,Black Soil,Rabi,Ahmedabad,Low,Gram
34,49,33,21.4,43.12,5.65,168.77,Loamy Soil,Rabi,Jamnagar,Low,Gram
60,37,30,30.29,45.0,6.16,289.9,Sandy Soil,Kharif,Ahmedabad,Low,Bajra
47,36,27,28.69,55.42,6.58,567.49,Sandy Soil,Kharif,Banaskantha,Low,Castor
42,55,34,26.04,42.29,6.25,178.17,Clay Soil,Rabi,Jamnagar,Low,Gram
33,26,17,28.44,44.94,6.4,378.12,Sandy Soil,Kharif,Junagadh,Low,Sesame
48,32,26,30.47,59.05,6.23,364.91,Loamy Soil,Kharif,Banaskantha,Low,Castor
40,35,27,26.97,35.78,6.27,156.5,Loamy Soil,Rabi,Rajkot,Low,Cumin
40,30,25,31.72,51.39,5.85,367.65,Alluvial Soil,Kharif,Rajkot,Low,Sesame
53,33,22,18.23,48.99,6.55,150.56,Alluvial Soil,Rabi,Ahmedabad,Low,Mustard
29,46,27,26.94,69.52,6.27,648.6,Loamy Soil,Kharif,Rajkot,Medium,Groundnut
32,47,38,19.45,42.51,6.54,198.09,Black Soil,Rabi,Vadodara,Low,Gram
43,44,33,28.29,75.31,6.84,659.64,Loamy Soil,Kharif,Amreli,Medium,Groundnut
48,30,26,27.41,58.07,6.24,460.05,Sandy Soil,Kharif,Banaskantha,Low,Castor
39,47,26,27.01,72.21,7.45,644.31,Loamy Soil,Kharif,Rajkot,Medium,Groundnut
79,45,43,20.04,50.99,6.91,216.31,Clay Soil,Rabi,Rajkot,Medium,Wheat
32,39,22,23.88,38.82,7.04,95.5,Alluvial Soil,Rabi,Jamnagar,Low,Cumin
43,38,25,32.24,56.79,5.72,443.44,Alluvial Soil,Kharif,Mehsana,Low,Castor
37,28,29,22.92,40.22,6.63,125.69,Loamy Soil,Rabi,Jamnagar,Low,Cumin
63,36,28,28.09,56.37,6.83,505.52,Loamy Soil,Kharif,Rajkot,Low,Castor
73,46,46,18.1,48.95,5.75,178.19,Alluvial Soil,Rabi,Banaskantha,Medium,Wheat
36,52,38,20.93,40.77,6.93,159.96,Clay Soil,Rabi,Junagadh,Low,Gram
52,39,23,27.84,58.65,7.47,474.72,Sandy Soil,Kharif,Rajkot,Low,Castor
44,29,33,27.29,56.24,6.22,515.68,Sandy Soil,Kharif,Mehsana,Low,Castor
37,54,35,22.33,41.22,6.34,172.31,Loamy Soil,Rabi,Rajkot,Low,Gram
52,40,33,27.49,54.99,6.41,529.54,Loamy Soil,Kharif,Mehsana,Low,Castor
32,46,34,26.97,76.3,6.34,726.51,Black Soil,Kharif,Jamnagar,Medium,Groundnut
56,42,33,36.87,38.36,6.32,307.79,Loamy Soil,Kharif,Mehsana,Low,Bajra
54,33,36,34.47,41.78,6.24,223.71,Loamy Soil,Kharif,Ahmedabad,Low,Bajra
83,44,37,27.38,67.41,7.12,802.51,Loamy Soil,Kharif,Banaskantha,High,Maize
41,35,22,29.42,53.84,6.88,451.99,Alluvial Soil,Kharif,Anand,Low,Castor
29,30,26,21.99,34.89,6.36,106.71,Sandy Soil,Rabi,Mehsana,Low,Cumin
84,55,43,25.8,74.7,6.77,967.85,Loamy Soil,Kharif,Anand,High,Maize
36,30,25,30.04,43.13,6.78,406.54,Loamy Soil,Kharif,Kutch,Low,Sesame
49,25,36,27.81,52.64,6.85,462.31,Loamy Soil,Kharif,Kutch,Low,Castor
120,46,47,33.88,64.73,6.73,729.17,Black Soil,Kharif,Bhavnagar,Medium,Cotton
35,28,24,22.01,34.6,6.24,109.7,Sandy Soil,Rabi,Banaskantha,Low,Cumin
93,56,39,28.27,66.19,6.38,1016.08,Red Soil,Kharif,Mehsana,High,Maize
50,35,29,32.94,44.17,5.92,306.63,Sandy Soil,Kharif,Ahmedabad,Low,Bajra
59,45,35,19.05,53.56,6.74,172.05,Loamy Soil,Rabi,Banaskantha,Low,Mustard
40,39,25,31.44,54.96,6.65,414.9,Loamy Soil,Kharif,Rajkot,Low,Castor
85,54,38,27.38,71.41,6.23,943.49,Red Soil,Kharif,Ahmedabad,High,Maize
35,35,31,25.03,31.34,6.23,133.48,Loamy Soil,Rabi,Banaskantha,Low,Cumin
92,46,40,25.15,65.12,6.79,926.15,Red Soil,Kharif,Banaskantha,High,Maize
46,33,33,29.03,47.33,6.0,416.94,Sandy Soil,Kharif,Banaskantha,Low,Castor
36,37,39,28.14,71.77,6.3,574.34,Loamy Soil,Kharif,Amreli,Medium,Groundnut
70,37,31,16.88,49.07,5.8,173.91,Loamy Soil,Rabi,Ahmedabad,Low,Mustard
114,37,54,32.45,60.98,5.96,911.76,Alluvial Soil,Kharif,Vadodara,High,Cotton
30,26,25,33.01,54.78,6.31,466.98,Loamy Soil,Kharif,Rajkot,Low,Sesame
78,54,37,26.71,73.89,6.95,981.09,Loamy Soil,Kharif,Banaskantha,High,Maize
54,37,28,18.03,54.28,7.23,223.8,Sandy Soil,Rabi,Ahmedabad,Low,Mustard
98,42,39,17.11,50.78,5.93,224.91,Black Soil,Rabi,Rajkot,Medium,Wheat
30,34,22,28.76,52.73,6.04,356.89,Sandy Soil,Kharif,Bhavnagar,Low,Sesame
72,38,33,22.2,48.33,6.83,210.03,Alluvial Soil,Rabi,Rajkot,Medium,Wheat
35,47,34,26.92,76.05,6.65,686.49,Black Soil,Kharif,Junagadh,Medium,Groundnut
105,43,42,19.42,49.09,6.67,288.26,Loamy Soil,Rabi,Mehsana,Medium,Wheat
77,51,48,31.93,64.52,6.52,868.19,Black Soil,Kharif,Vadodara,Medium,Cotton
55,35,26,30.62,55.55,6.54,383.79,Loamy Soil,Kharif,Banaskantha,Low,Castor
58,33,36,34.18,33.48,6.92,270.12,Sandy Soil,Kharif,Mehsana,Low,Bajra
50,30,26,30.2,52.96,6.39,519.31,Alluvial Soil,Kharif,Mehsana,Low,Castor
32,37,27,30.03,45.0,6.0,398.59,Sandy Soil,Kharif,Junagadh,Low,Sesame
39,42,37,20.5,45.54,6.24,130.99,Black Soil,Rabi,Junagadh,Low,Gram
33,35,23,20.33,39.06,6.47,142.24,Loamy Soil,Rabi,Rajkot,Low,Cumin
84,47,38,18.5,49.4,5.62,230.11,Loamy Soil,Rabi,Anand,Medium,Wheat
42,34,24,25.03,40.65,5.53,112.79,Sandy Soil,Rabi,Rajkot,Low,Cumin
33,30,21,32.48,43.13,6.8,427.22,Alluvial Soil,Kharif,Amreli,Low,Sesame
38,22,26,32.44,51.66,7.09,432.67,Sandy Soil,Kharif,Bhavnagar,Low,Sesame
39,31,25,31.25,52.15,7.48,393.04,Sandy Soil,Kharif,Amreli,Low,Sesame
100,45,45,33.83,69.0,6.48,794.19,Alluvial Soil,Kharif,Jamnagar,Medium,Cotton
81,49,47,18.73,44.89,5.84,232.88,Loamy Soil,Rabi,Banaskantha,Medium,Wheat
59,37,31,18.55,53.32,7.29,185.64,Alluvial Soil,Rabi,Mehsana,Low,Mustard
38,26,19,25.09,31.7,7.56,96.29,Sandy Soil,Rabi,Jamnagar,Low,Cumin
80,49,57,30.98,62.99,6.28,719.01,Black Soil,Kharif,Vadodara,Medium,Cotton
39,55,37,21.03,44.09,6.8,124.37,Black Soil,Rabi,Ahmedabad,Low,Gram
80,40,40,28.19,72.83,6.26,986.63,Red Soil,Kharif,Anand,High,Maize
57,34,33,18.3,52.92,6.36,177.66,Loamy Soil,Rabi,Banaskantha,Low,Mustard
91,47,41,18.33,48.5,7.26,200.37,Loamy Soil,Rabi,Banaskantha,Medium,Wheat
34,24,21,28.96,47.08,5.87,435.93,Sandy Soil,Kharif,Rajkot,Low,Sesame
76,43,37,27.23,69.98,5.88,876.24,Red Soil,Kharif,Ahmedabad,High,Maize
37,43,29,28.18,71.69,6.75,568.88,Loamy Soil,Kharif,Amreli,Medium,Groundnut
22,56,31,22.28,42.84,6.66,163.16,Loamy Soil,Rabi,Rajkot,Low,Gram
36,48,40,26.99,68.34,5.5,642.48,Black Soil,Kharif,Junagadh,Medium,Groundnut
57,37,22,30.23,51.48,6.42,458.8,Sandy Soil,Kharif,Banaskantha,Low,Castor
32,23,26,31.19,53.68,6.89,383.61,Sandy Soil,Kharif,Rajkot,Low,Sesame
48,43,28,31.59,47.16,6.82,474.14,Alluvial Soil,Kharif,Mehsana,Low,Castor
47,35,22,29.84,52.51,6.42,438.55,Loamy Soil,Kharif,Mehsana,Low,Castor
54,38,34,34.73,35.67,7.56,210.17,Loamy Soil,Kharif,Ahmedabad,Low,Bajra
54,31,28,34.75,37.87,6.26,329.08,Loamy Soil,Kharif,Banaskantha,Low,Bajra
66,33,34,35.01,45.18,6.17,265.84,Sandy Soil,Kharif,Mehsana,Low,Bajra
59,41,38,16.92,50.93,6.79,123.01,Sandy Soil,Rabi,Banaskantha,Low,Mustard
80,54,42,27.04,65.12,6.46,921.44,Red Soil,Kharif,Mehsana,High,Maize
35,44,32,25.44,68.82,6.67,613.15,Loamy Soil,Kharif,Bhavnagar,Medium,Groundnut
30,31,27,29.62,48.47,6.83,369.64,Sandy Soil,Kharif,Junagadh,Low,Sesame
57,35,28,31.23,54.76,6.16,472.6,Sandy Soil,Kharif,Kutch,Low,Castor
37,50,28,28.46,71.54,6.12,779.3,Sandy Soil,Kharif,Amreli,Medium,Groundnut
38,21,23,30.81,51.23,6.76,350.47,Loamy Soil,Kharif,Rajkot,Low,Sesame
70,32,31,20.45,51.5,6.84,213.65,Sandy Soil,Rabi,Kutch,Low,Mustard
51,34,23,30.46,57.47,6.03,473.01,Loamy Soil,Kharif,Rajkot,Low,Castor
106,50,48,32.02,65.33,6.11,801.63,Black Soil,Kharif,Rajkot,High,Cotton
43,24,19,31.53,48.61,6.17,395.93,Sandy Soil,Kharif,Kutch,Low,Sesame
32,44,33,21.82,38.2,6.68,163.77,Black Soil,Rabi,Junagadh,Low,Gram
104,53,49,35.2,64.81,6.6,870.04,Black Soil,Kharif,Rajkot,Medium,Cotton
40,39,22,23.13,39.67,6.4,119.4,Sandy Soil,Rabi,Banaskantha,Low,Cumin
31,40,36,28.04,71.54,6.44,674.46,Sandy Soil,Kharif,Jamnagar,Medium,Groundnut
42,50,36,26.64,69.79,6.15,698.81,Black Soil,Kharif,Amreli,Medium,Groundnut
36,31,23,28.22,51.68,7.29,466.34,Alluvial Soil,Kharif,Amreli,Low,Sesame
41,29,22,27.88,49.87,6.39,413.18,Alluvial Soil,Kharif,Rajkot,Low,Sesame
55,46,34,16.72,53.69,6.1,154.32,Alluvial Soil,Rabi,Mehsana,Low,Mustard
67,38,22,21.67,50.27,6.26,195.1,Sandy Soil,Rabi,Jamnagar,Low,Mustard
64,38,48,19.42,54.27,6.19,200.83,Alluvial Soil,Rabi,Kutch,Low,Mustard
27,44,22,22.54,44.17,6.86,159.65,Black Soil,Rabi,Junagadh,Low,Gram
89,46,46,27.59,69.12,6.26,956.08,Loamy Soil,Kharif,Mehsana,High,Maize
30,26,19,29.47,48.65,5.65,414.16,Sandy Soil,Kharif,Amreli,Low,Sesame
52,43,38,18.6,54.33,6.71,183.9,Alluvial Soil,Rabi,Jamnagar,Low,Mustard
84,43,48,19.45,52.27,6.85,220.96,Black Soil,Rabi,Anand,Medium,Wheat
97,47,57,30.86,63.15,6.6,719.86,Black Soil,Kharif,Jamnagar,High,Cotton
41,47,35,19.99,44.67,6.92,157.39,Loamy Soil,Rabi,Rajkot,Low,Gram
35,49,44,22.83,43.82,6.53,155.65,Black Soil,Rabi,Junagadh,Low,Gram
68,46,41,25.8,68.83,7.15,863.88,Alluvial Soil,Kharif,Ahmedabad,High,Maize
42,44,37,29.29,73.53,6.53,682.87,Loamy Soil,Kharif,Jamnagar,Medium,Groundnut
86,46,47,20.43,45.3,7.41,230.88,Loamy Soil,Rabi,Ahmedabad,Medium,Wheat
28,58,26,17.7,44.25,6.35,185.79,Clay Soil,Rabi,Ahmedabad,Low,Gram
36,45,35,25.76,42.13,6.56,179.66,Black Soil,Rabi,Vadodara,Low,Gram
40,35,26,31.12,53.39,7.1,412.66,Alluvial Soil,Kharif,Mehsana,Low,Castor
89,46,42,27.74,76.48,5.84,957.67,Red Soil,Kharif,Vadodara,High,Maize
52,39,32,32.42,41.36,6.91,274.01,Loamy Soil,Kharif,Mehsana,Low,Bajra
85,47,35,30.1,65.6,5.52,701.26,Alluvial Soil,Kharif,Junagadh,Medium,Cotton
33,41,34,29.06,75.3,7.28,646.63,Black Soil,Kharif,Amreli,Medium,Groundnut
105,41,55,21.26,48.5,6.78,169.43,Loamy Soil,Rabi,Rajkot,Medium,Wheat
94,43,37,20.95,49.77,6.86,193.94,Clay Soil,Rabi,Banaskantha,Medium,Wheat
63,39,38,20.33,54.11,5.73,222.6,Sandy Soil,Rabi,Kutch,Low,Mustard
26,28,24,22.57,38.77,6.44,69.36,Sandy Soil,Rabi,Jamnagar,Low,Cumin
70,35,26,19.83,53.66,5.79,155.66,Loamy Soil,Rabi,Ahmedabad,Low,Mustard
87,43,48,19.01,52.05,6.6,189.33,Clay Soil,Rabi,Banaskantha,Medium,Wheat
31,29,25,28.66,46.43,6.28,382.97,Alluvial Soil,Kharif,Bhavnagar,Low,Sesame
60,38,34,20.28,52.37,6.42,158.35,Sandy Soil,Rabi,Mehsana,Low,Mustard
42,50,31,26.22,74.03,6.78,653.58,Loamy Soil,Kharif,Jamnagar,Medium,Groundnut
57,30,29,33.93,39.93,5.96,320.06,Loamy Soil,Kharif,Banaskantha,Low,Bajra
62,35,30,19.23,52.78,6.15,216.81,Loamy Soil,Rabi,Mehsana,Low,Mustard
53,39,28,33.17,39.72,7.13,183.45,Loamy Soil,Kharif,Banaskantha,Low,Bajra
98,47,54,20.23,42.53,6.92,146.93,Loamy Soil,Rabi,Anand,Medium,Wheat
32,59,42,23.93,44.21,6.7,180.13,Black Soil,Rabi,Vadodara,Low,Gram
48,27,26,30.54,57.02,6.7,362.25,Loamy Soil,Kharif,Rajkot,Low,Castor
45,34,23,31.56,52.06,7.05,401.94,Alluvial Soil,Kharif,Banaskantha,Low,Castor
103,55,53,31.56,62.96,5.96,744.97,Alluvial Soil,Kharif,Vadodara,High,Cotton
51,39,30,31.91,59.85,6.57,446.77,Loamy Soil,Kharif,Mehsana,Low,Castor
37,61,31,17.51,39.24,7.0,163.02,Loamy Soil,Rabi,Ahmedabad,Low,Gram
34,34,30,32.59,51.34,6.03,350.56,Sandy Soil,Kharif,Junagadh,Low,Sesame
90,54,50,18.12,53.55,6.48,241.54,Black Soil,Rabi,Anand,Medium,Wheat
47,27,28,31.01,51.82,6.37,404.88,Loamy Soil,Kharif,Anand,Low,Castor
112,54,47,21.21,41.94,6.11,184.33,Black Soil,Rabi,Ahmedabad,Medium,Wheat
34,32,27,26.08,50.69,7.09,354.55,Sandy Soil,Kharif,Bhavnagar,Low,Sesame
43,33,34,30.79,37.05,5.88,307.78,Loamy Soil,Kharif,Mehsana,Low,Bajra
104,52,52,33.85,66.86,6.51,712.54,Alluvial Soil,Kharif,Junagadh,Medium,Cotton
51,41,33,20.81,54.54,7.16,138.41,Loamy Soil,Rabi,Ahmedabad,Low,Mustard
82,58,46,29.41,71.05,6.52,928.26,Alluvial Soil,Kharif,Anand,High,Maize
76,49,36,25.44,71.97,6.24,947.37,Alluvial Soil,Kharif,Banaskantha,High,Maize
37,25,29,21.61,33.47,6.28,99.08,Alluvial Soil,Rabi,Mehsana,Low,Cumin
37,40,33,28.25,73.47,5.99,569.94,Black Soil,Kharif,Bhavnagar,Medium,Groundnut
41,32,26,22.34,37.12,6.54,119.11,Loamy Soil,Rabi,Jamnagar,Low,Cumin
78,56,48,32.68,75.0,5.46,914.98,Alluvial Soil,Kharif,Jamnagar,High,Cotton
50,30,20,27.26,54.15,6.65,542.5,Loamy Soil,Kharif,Kutch,Low,Castor
51,30,31,29.99,42.27,6.48,255.53,Sandy Soil,Kharif,Mehsana,Low,Bajra
95,53,49,32.0,74.77,6.96,812.5,Alluvial Soil,Kharif,Mehsana,High,Maize
84,54,42,25.45,66.78,6.71,839.51,Alluvial Soil,Kharif,Ahmedabad,High,Maize
87,51,32,28.27,68.07,6.15,878.45,Alluvial Soil,Kharif,Ahmedabad,High,Maize
92,46,42,20.68,44.0,6.38,218.53,Loamy Soil,Rabi,Ahmedabad,Medium,Wheat
42,28,23,29.55,46.53,7.23,421.71,Alluvial Soil,Kharif,Kutch,Low,Sesame
33,36,30,23.5,36.26,5.93,126.85,Loamy Soil,Rabi,Jamnagar,Low,Cumin
98,56,48,31.0,63.94,6.1,871.73,Alluvial Soil,Kharif,Junagadh,Medium,Cotton
39,42,36,20.28,42.33,6.98,191.45,Clay Soil,Rabi,Rajkot,Low,Gram
89,55,54,32.96,68.32,6.12,705.21,Alluvial Soil,Kharif,Amreli,Medium,Cotton
90,40,42,15.86,48.09,6.51,206.28,Loamy Soil,Rabi,Mehsana,Medium,Wheat
54,33,32,31.31,38.66,6.34,263.17,Sandy Soil,Kharif,Kutch,Low,Bajra
44,46,31,28.72,70.12,6.08,653.09,Black Soil,Kharif,Amreli,Medium,Groundnut
55,37,35,34.85,41.66,6.89,200.91,Loamy Soil,Kharif,Mehsana,Low,Bajra
63,38,20,17.58,53.36,6.68,174.73,Alluvial Soil,Rabi,Kutch,Low,Mustard
33,49,41,19.28,41.28,5.73,176.76,Loamy Soil,Rabi,Vadodara,Low,Gram
41,34,25,22.5,38.65,6.64,93.72,Loamy Soil,Rabi,Rajkot,Low,Cumin
47,43,30,27.02,72.36,6.46,660.33,Sandy Soil,Kharif,Amreli,Medium,Groundnut
97,48,42,30.91,64.74,6.67,818.45,Black Soil,Kharif,Amreli,High,Cotton
83,46,36,24.72,67.93,6.15,833.39,Red Soil,Kharif,Ahmedabad,High,Maize
41,52,27,28.53,70.49,6.25,609.84,Black Soil,Kharif,Junagadh,Medium,Groundnut
46,41,33,31.74,43.28,6.67,366.8,Loamy Soil,Kharif,Ahmedabad,Low,Bajra
75,43,44,21.1,44.81,6.83,200.63,Clay Soil,Rabi,Rajkot,Medium,Wheat
38,27,26,24.78,36.72,5.92,121.74,Sandy Soil,Rabi,Banaskantha,Low,Cumin
76,55,41,27.15,66.49,6.53,831.81,Loamy Soil,Kharif,Ahmedabad,High,Maize
87,51,39,28.04,62.27,6.27,910.25,Loamy Soil,Kharif,Banaskantha,High,Maize
31,28,18,29.91,50.24,7.1,349.63,Sandy Soil,Kharif,Kutch,Low,Sesame
78,43,43,20.59,41.99,6.13,175.82,Clay Soil,Rabi,Mehsana,Medium,Wheat
107,47,43,19.49,48.76,6.99,174.8,Alluvial Soil,Rabi,Rajkot,Medium,Wheat
27,52,39,19.66,42.5,7.26,152.21,Clay Soil,Rabi,Rajkot,Low,Gram
78,56,39,27.59,69.37,5.99,960.06,Alluvial Soil,Kharif,Anand,High,Maize
44,33,26,32.82,43.06,7.12,283.91,Loamy Soil,Kharif,Mehsana,Low,Bajra
47,49,32,26.33,70.0,6.64,667.11,Black Soil,Kharif,Bhavnagar,Medium,Groundnut
83,53,47,32.2,63.26,8.04,890.67,Black Soil,Kharif,Bhavnagar,Medium,Cotton
26,29,21,30.0,46.45,6.2,381.02,Sandy Soil,Kharif,Amreli,Low,Sesame
81,46,44,24.43,73.02,6.3,965.95,Alluvial Soil,Kharif,Banaskantha,High,Maize
68,43,33,18.86,51.09,6.86,181.71,Alluvial Soil,Rabi,Mehsana,Low,Mustard
38,52,25,30.58,72.84,6.45,640.1,Loamy Soil,Kharif,Rajkot,Medium,Groundnut
30,43,35,28.56,71.54,6.6,655.36,Sandy Soil,Kharif,Bhavnagar,Medium,Groundnut
95,51,62,30.0,65.85,6.73,872.39,Alluvial Soil,Kharif,Rajkot,High,Cotton
40,46,32,24.04,35.9,6.21,147.55,Black Soil,Rabi,Jamnagar,Low,Gram
34,31,24,25.05,30.46,6.46,96.72,Loamy Soil,Rabi,Banaskantha,Low,Cumin
44,38,23,28.34,56.73,6.86,438.74,Alluvial Soil,Kharif,Rajkot,Low,Castor
89,42,51,21.37,49.8,6.22,190.44,Clay Soil,Rabi,Rajkot,Medium,Wheat
82,57,45,26.46,76.99,6.75,835.4,Loamy Soil,Kharif,Vadodara,High,Maize
74,55,39,30.05,68.96,7.02,733.55,Loamy Soil,Kharif,Vadodara,High,Maize
61,34,28,35.88,40.84,6.65,237.81,Sandy Soil,Kharif,Mehsana,Low,Bajra
53,36,27,30.09,60.65,7.27,420.75,Loamy Soil,Kharif,Mehsana,Low,Castor
38,32,22,26.65,48.01,7.06,386.88,Alluvial Soil,Kharif,Amreli,Low,Sesame
61,27,33,30.49,36.85,6.25,296.4,Sandy Soil,Kharif,Banaskantha,Low,Bajra
38,29,23,20.21,30.8,6.23,105.32,Sandy Soil,Rabi,Kutch,Low,Cumin
37,41,39,26.96,74.34,6.22,626.98,Black Soil,Kharif,Jamnagar,Medium,Groundnut
76,45,45,20.43,45.47,7.34,200.43,Clay Soil,Rabi,Ahmedabad,Medium,Wheat
87,40,44,21.59,46.38,6.98,173.12,Clay Soil,Rabi,Anand,Medium,Wheat
32,28,29,23.38,31.36,6.81,135.74,Sandy Soil,Rabi,Mehsana,Low,Cumin
81,60,44,31.19,59.12,7.37,714.03,Black Soil,Kharif,Amreli,High,Cotton
29,26,29,22.88,34.99,6.1,123.48,Loamy Soil,Rabi,Rajkot,Low,Cumin
95,53,54,19.31,45.08,6.36,300.0,Clay Soil,Rabi,Banaskantha,Medium,Wheat
46,24,29,26.29,52.15,7.63,365.01,Loamy Soil,Kharif,Bhavnagar,Low,Sesame
66,40,47,18.77,56.64,7.07,112.3,Alluvial Soil,Rabi,Banaskantha,Low,Mustard
68,33,25,34.0,35.05,7.84,301.23,Sandy Soil,Kharif,Ahmedabad,Low,Bajra
86,44,39,28.03,65.87,5.93,873.43,Alluvial Soil,Kharif,Ahmedabad,High,Maize
59,30,36,17.73,54.78,7.02,191.15,Alluvial Soil,Rabi,Kutch,Low,Mustard
93,47,42,19.86,47.65,6.34,208.18,Black Soil,Rabi,Banaskantha,Medium,Wheat
96,53,44,33.67,62.02,6.41,770.68,Alluvial Soil,Kharif,Jamnagar,Medium,Cotton
36,53,28,26.21,76.32,7.1,671.61,Black Soil,Kharif,Bhavnagar,Medium,Groundnut
37,27,26,33.6,43.71,6.43,449.15,Alluvial Soil,Kharif,Amreli,Low,Sesame
78,46,39,26.35,71.23,6.84,972.78,Red Soil,Kharif,Mehsana,High,Maize
52,33,23,33.07,34.86,5.33,264.07,Loamy Soil,Kharif,Kutch,Low,Bajra
54,40,25,18.67,52.22,7.23,144.98,Alluvial Soil,Rabi,Kutch,Low,Mustard
111,56,61,31.29,68.19,6.45,882.23,Alluvial Soil,Kharif,Amreli,Medium,Cotton
84,50,37,23.04,49.69,5.61,192.53,Black Soil,Rabi,Ahmedabad,Medium,Wheat
99,42,41,27.09,76.41,6.96,869.08,Loamy Soil,Kharif,Mehsana,High,Maize
40,49,41,22.69,45.9,7.25,175.46,Loamy Soil,Rabi,Ahmedabad,Low,Gram
58,46,42,16.72,55.79,7.12,170.06,Alluvial Soil,Rabi,Mehsana,Low,Mustard
32,30,22,28.93,49.6,6.8,415.68,Alluvial Soil,Kharif,Junagadh,Low,Sesame
62,47,25,36.81,38.44,6.33,286.23,Sandy Soil,Kharif,Mehsana,Low,Bajra
26,44,33,25.21,41.9,6.16,190.17,Black Soil,Rabi,Rajkot,Low,Gram
90,41,36,28.97,69.18,6.58,975.95,Red Soil,Kharif,Banaskantha,High,Maize
56,41,36,19.1,53.84,5.86,107.57,Sandy Soil,Rabi,Mehsana,Low,Mustard
53,41,29,31.09,57.37,7.07,448.36,Sandy Soil,Kharif,Anand,Low,Castor
86,50,46,28.82,72.32,6.68,830.09,Loamy Soil,Kharif,Mehsana,High,Maize
83,50,47,28.79,66.06,6.99,979.41,Alluvial Soil,Kharif,Anand,High,Maize
26,47,39,18.33,38.1,5.78,106.72,Black Soil,Rabi,Rajkot,Low,Gram
35,50,36,24.61,42.89,7.19,131.24,Black Soil,Rabi,Vadodara,Low,Gram
51,34,27,28.45,40.69,7.54,260.36,Loamy Soil,Kharif,Jamnagar,Low,Bajra
43,48,30,29.85,70.92,7.2,672.12,Sandy Soil,Kharif,Rajkot,Medium,Groundnut
33,48,46,23.22,38.52,6.23,164.98,Clay Soil,Rabi,Ahmedabad,Low,Gram
36,31,31,21.5,34.45,6.52,110.58,Alluvial Soil,Rabi,Kutch,Low,Cumin
49,31,32,29.04,55.31,6.37,379.81,Sandy Soil,Kharif,Mehsana,Low,Castor
76,45,40,28.37,73.46,6.75,942.17,Loamy Soil,Kharif,Banaskantha,High,Maize
52,42,29,29.04,74.27,6.89,744.46,Black Soil,Kharif,Junagadh,Medium,Groundnut
37,29,26,23.95,32.89,6.57,123.24,Alluvial Soil,Rabi,Jamnagar,Low,Cumin
26,45,28,24.06,40.74,6.81,229.3,Clay Soil,Rabi,Rajkot,Low,Gram
53,31,25,34.36,41.26,6.0,252.77,Sandy Soil,Kharif,Jamnagar,Low,Bajra
61,33,28,33.04,40.43,6.27,354.94,Loamy Soil,Kharif,Mehsana,Low,Bajra
53,37,35,32.3,51.02,6.4,381.76,Loamy Soil,Kharif,Rajkot,Low,Castor
29,53,28,20.47,40.06,6.58,189.71,Black Soil,Rabi,Vadodara,Low,Gram
54,31,32,33.36,35.48,6.21,216.97,Loamy Soil,Kharif,Kutch,Low,Bajra
82,40,36,19.6,46.08,6.98,151.75,Clay Soil,Rabi,Rajkot,Medium,Wheat
43,49,33,21.37,41.02,6.32,192.96,Loamy Soil,Rabi,Ahmedabad,Low,Gram
47,30,21,29.37,52.0,6.48,450.09,Alluvial Soil,Kharif,Mehsana,Low,Castor
50,29,27,28.88,54.6,6.58,425.53,Loamy Soil,Kharif,Rajkot,Low,Castor
103,49,46,34.23,61.86,7.31,778.53,Alluvial Soil,Kharif,Amreli,Medium,Cotton
33,56,34,20.97,44.64,6.77,177.5,Clay Soil,Rabi,Vadodara,Low,Gram
41,28,18,30.91,53.58,7.47,387.79,Sandy Soil,Kharif,Kutch,Low,Castor
42,36,34,26.82,70.94,5.95,686.61,Black Soil,Kharif,Amreli,Medium,Groundnut
36,36,26,21.41,33.47,6.02,91.73,Loamy Soil,Rabi,Banaskantha,Low,Cumin
39,30,22,24.08,38.15,6.82,111.86,Sandy Soil,Rabi,Banaskantha,Low,Cumin
27,42,27,28.55,69.72,6.72,640.68,Black Soil,Kharif,Junagadh,Medium,Groundnut
66,38,35,20.49,52.63,5.87,152.91,Sandy Soil,Rabi,Jamnagar,Low,Mustard
83,53,41,28.84,69.2,5.52,915.03,Loamy Soil,Kharif,Mehsana,High,Maize
79,41,37,26.26,62.09,6.26,886.55,Alluvial Soil,Kharif,Banaskantha,High,Maize
32,25,28,20.82,28.37,6.84,147.26,Sandy Soil,Rabi,Jamnagar,Low,Cumin
71,50,34,28.87,72.28,6.04,944.08,Alluvial Soil,Kharif,Ahmedabad,High,Maize
95,52,38,27.75,66.59,7.3,954.25,Alluvial Soil,Kharif,Banaskantha,High,Maize
49,46,29,29.42,72.54,6.52,589.87,Black Soil,Kharif,Bhavnagar,Medium,Groundnut
42,45,31,26.89,69.79,5.93,670.26,Sandy Soil,Kharif,Amreli,Medium,Groundnut
107,42,55,29.78,68.44,7.06,727.27,Black Soil,Kharif,Amreli,Medium,Cotton
56,33,34,33.74,58.44,5.68,329.84,Alluvial Soil,Kharif,Anand,Low,Castor
33,42,32,30.52,73.1,6.08,661.03,Black Soil,Kharif,Jamnagar,Medium,Groundnut
90,46,44,28.51,70.51,5.9,840.21,Red Soil,Kharif,Anand,High,Maize
66,32,43,15.36,56.13,6.6,150.15,Sandy Soil,Rabi,Jamnagar,Low,Mustard
107,43,30,19.2,47.84,5.19,244.46,Clay Soil,Rabi,Anand,Medium,Wheat
84,40,45,28.35,68.48,6.31,889.36,Red Soil,Kharif,Ahmedabad,High,Maize
34,45,36,27.54,66.87,6.41,642.19,Sandy Soil,Kharif,Rajkot,Medium,Groundnut
31,37,26,26.19,31.32,7.13,105.76,Sandy Soil,Rabi,Kutch,Low,Cumin
105,44,31,20.08,47.0,5.59,144.03,Black Soil,Rabi,Mehsana,Medium,Wheat
105,39,47,32.21,64.07,7.15,828.12,Black Soil,Kharif,Junagadh,High,Cotton
69,41,30,21.95,55.15,5.76,115.22,Alluvial Soil,Rabi,Banaskantha,Low,Mustard
42,48,33,29.33,73.94,6.35,626.86,Sandy Soil,Kharif,Jamnagar,Medium,Groundnut
37,25,29,31.47,49.65,7.04,434.86,Alluvial Soil,Kharif,Junagadh,Low,Sesame
85,64,47,31.92,66.96,6.98,863.06,Black Soil,Kharif,Rajkot,High,Cotton
37,29,31,21.07,32.15,6.1,143.78,Alluvial Soil,Rabi,Jamnagar,Low,Cumin
95,33,50,20.87,49.88,5.54,177.9,Clay Soil,Rabi,Banaskantha,Medium,Wheat
36,25,21,31.3,51.16,6.5,367.06,Loamy Soil,Kharif,Kutch,Low,Sesame
47,27,25,29.28,56.92,6.49,504.16,Alluvial Soil,Kharif,Banaskantha,Low,Castor
40,56,26,29.06,76.66,6.34,692.98,Loamy Soil,Kharif,Rajkot,Medium,Groundnut
69,54,40,21.88,47.6,6.78,183.71,Black Soil,Rabi,Rajkot,Medium,Wheat
33,35,31,21.18,38.2,6.44,109.64,Sandy Soil,Rabi,Banaskantha,Low,Cumin
31,27,24,28.39,51.0,6.23,399.83,Alluvial Soil,Kharif,Kutch,Low,Sesame
35,30,20,21.44,36.5,6.05,100.5,Alluvial Soil,Rabi,Banaskantha,Low,Cumin
30,55,34,20.95,39.78,6.42,145.76,Clay Soil,Rabi,Rajkot,Low,Gram
63,36,42,19.51,57.74,7.09,188.72,Sandy Soil,Rabi,Ahmedabad,Low,Mustard
54,39,22,30.11,48.3,6.91,433.07,Sandy Soil,Kharif,Banaskantha,Low,Castor
95,43,47,18.03,47.68,6.9,100.0,Alluvial Soil,Rabi,Banaskantha,Medium,Wheat
49,43,24,28.38,68.89,6.72,670.58,Sandy Soil,Kharif,Bhavnagar,Medium,Groundnut
58,32,25,29.3,48.56,5.9,448.27,Alluvial Soil,Kharif,Mehsana,Low,Castor
32,35,32,26.26,34.97,7.08,146.72,Sandy Soil,Rabi,Jamnagar,Low,Cumin
30,48,32,28.81,72.66,6.79,609.28,Loamy Soil,Kharif,Junagadh,Medium,Groundnut
26,52,22,22.42,42.91,5.73,176.62,Black Soil,Rabi,Rajkot,Low,Gram
38,38,34,28.7,66.53,6.08,615.45,Loamy Soil,Kharif,Amreli,Medium,Groundnut
36,31,30,29.05,48.23,6.36,398.91,Alluvial Soil,Kharif,Amreli,Low,Sesame
34,52,38,26.82,74.18,5.91,720.22,Black Soil,Kharif,Rajkot,Medium,Groundnut
38,23,28,29.57,51.51,6.52,352.11,Alluvial Soil,Kharif,Junagadh,Low,Sesame
129,59,39,30.24,66.61,6.77,836.59,Black Soil,Kharif,Jamnagar,High,Cotton
93,63,47,30.09,65.43,6.16,856.04,Alluvial Soil,Kharif,Surat,High,Cotton
88,58,47,32.89,61.43,5.72,854.53,Alluvial Soil,Kharif,Junagadh,High,Cotton
39,47,31,28.36,68.72,6.16,616.15,Sandy Soil,Kharif,Amreli,Medium,Groundnut
32,28,29,29.07,55.57,6.51,451.63,Alluvial Soil,Kharif,Kutch,Low,Castor
89,41,49,29.91,65.32,6.37,845.28,Alluvial Soil,Kharif,Surat,Medium,Cotton
35,59,34,24.32,41.6,6.38,187.35,Loamy Soil,Rabi,Jamnagar,Low,Gram
57,42,30,18.72,53.77,7.58,162.89,Sandy Soil,Rabi,Kutch,Low,Mustard
59,45,31,31.1,38.32,6.92,242.81,Loamy Soil,Kharif,Ahmedabad,Low,Bajra
89,44,37,27.21,66.49,6.43,853.34,Red Soil,Kharif,Mehsana,High,Maize
43,49,31,27.12,69.8,6.68,598.01,Black Soil,Kharif,Rajkot,Medium,Groundnut
38,29,30,21.99,36.43,6.19,121.09,Loamy Soil,Rabi,Mehsana,Low,Cumin
50,37,17,30.75,54.08,6.7,391.03,Alluvial Soil,Kharif,Rajkot,Low,Castor
103,52,43,29.27,66.25,7.23,760.6,Alluvial Soil,Kharif,Junagadh,High,Cotton
86,43,38,18.24,48.53,6.5,189.71,Alluvial Soil,Rabi,Ahmedabad,Medium,Wheat
52,36,29,30.13,56.55,7.33,503.0,Alluvial Soil,Kharif,Mehsana,Low,Castor
35,29,28,22.23,40.18,7.74,145.1,Sandy Soil,Rabi,Banaskantha,Low,Cumin
31,23,26,31.94,47.78,7.47,369.47,Alluvial Soil,Kharif,Junagadh,Low,Sesame
99,53,47,18.22,47.13,6.46,217.15,Alluvial Soil,Rabi,Anand,Medium,Wheat
35,48,26,28.83,76.95,6.78,681.89,Loamy Soil,Kharif,Junagadh,Medium,Groundnut
30,30,30,22.58,35.11,5.77,90.68,Loamy Soil,Rabi,Kutch,Low,Cumin
81,47,36,25.42,73.27,6.75,918.21,Alluvial Soil,Kharif,Mehsana,High,Maize
87,50,40,29.09,76.32,7.08,937.21,Red Soil,Kharif,Vadodara,High,Maize
56,39,28,30.22,45.58,6.5,295.47,Sandy Soil,Kharif,Kutch,Low,Bajra
33,57,33,22.55,39.59,6.29,152.21,Loamy Soil,Rabi,Jamnagar,Low,Gram
95,45,39,26.06,72.48,6.1,780.0,Red Soil,Kharif,Ahmedabad,High,Maize
35,28,21,28.23,44.72,6.52,385.32,Loamy Soil,Kharif,Rajkot,Low,Sesame
47,37,39,20.3,46.88,6.6,191.8,Loamy Soil,Rabi,Ahmedabad,Low,Mustard
35,50,38,22.84,39.88,6.75,168.86,Loamy Soil,Rabi,Jamnagar,Low,Gram
31,25,24,28.0,54.06,6.59,423.31,Alluvial Soil,Kharif,Amreli,Low,Sesame
55,37,33,34.92,38.31,6.76,275.73,Loamy Soil,Kharif,Jamnagar,Low,Bajra
52,31,29,32.26,44.67,6.84,326.99,Sandy Soil,Kharif,Mehsana,Low,Bajra
96,50,41,29.39,62.77,6.6,710.12,Black Soil,Kharif,Vadodara,Medium,Cotton
76,43,46,18.8,46.15,6.57,183.26,Clay Soil,Rabi,Mehsana,Medium,Wheat
36,32,25,23.54,33.93,6.58,180.0,Sandy Soil,Rabi,Mehsana,Low,Cumin
59,55,44,17.34,52.66,6.34,169.02,Alluvial Soil,Rabi,Ahmedabad,Low,Mustard
87,51,43,29.07,70.33,6.85,835.55,Alluvial Soil,Kharif,Amreli,High,Cotton
34,30,35,22.13,33.97,6.61,102.63,Loamy Soil,Rabi,Banaskantha,Low,Cumin
89,42,38,29.03,73.93,6.69,918.38,Red Soil,Kharif,Vadodara,High,Maize
84,61,57,31.18,63.71,6.64,822.3,Black Soil,Kharif,Amreli,Medium,Cotton
37,31,25,28.22,50.6,6.02,375.43,Alluvial Soil,Kharif,Junagadh,Low,Sesame
32,24,28,33.89,52.26,7.34,415.25,Sandy Soil,Kharif,Kutch,Low,Sesame
93,48,47,20.18,54.25,6.46,231.21,Loamy Soil,Rabi,Ahmedabad,Medium,Wheat
80,43,43,21.3,49.24,6.63,199.9,Loamy Soil,Rabi,Anand,Medium,Wheat
58,35,32,18.29,50.88,6.16,196.78,Sandy Soil,Rabi,Banaskantha,Low,Mustard
64,26,31,33.53,42.47,6.15,224.94,Sandy Soil,Kharif,Ahmedabad,Low,Bajra
38,22,28,29.16,53.69,6.7,420.85,Alluvial Soil,Kharif,Rajkot,Low,Sesame
55,37,31,33.04,35.66,7.05,307.02,Loamy Soil,Kharif,Kutch,Low,Bajra
97,51,54,33.7,64.43,7.05,823.84,Black Soil,Kharif,Rajkot,Medium,Cotton
57,34,33,21.25,50.24,6.29,140.53,Loamy Soil,Rabi,Jamnagar,Low,Mustard
45,34,29,23.93,37.72,6.56,140.32,Loamy Soil,Rabi,Mehsana,Low,Cumin
97,42,31,19.46,45.65,7.34,180.49,Alluvial Soil,Rabi,Rajkot,Medium,Wheat
37,22,21,29.65,49.54,6.13,391.21,Sandy Soil,Kharif,Rajkot,Low,Sesame
60,53,46,27.33,70.89,6.22,933.35,Alluvial Soil,Kharif,Banaskantha,High,Maize
47,40,27,28.66,74.09,6.7,549.3,Black Soil,Kharif,Junagadh,Medium,Groundnut
55,45,32,21.14,53.95,7.23,137.33,Alluvial Soil,Rabi,Banaskantha,Low,Mustard
45,27,28,35.49,33.34,6.91,291.34,Loamy Soil,Kharif,Banaskantha,Low,Bajra
54,39,35,18.42,49.53,7.24,140.63,Alluvial Soil,Rabi,Banaskantha,Low,Mustard
40,43,45,28.9,71.48,5.97,555.99,Loamy Soil,Kharif,Rajkot,Medium,Groundnut
45,30,35,31.6,36.53,5.98,198.08,Loamy Soil,Kharif,Kutch,Low,Bajra
65,40,33,18.1,50.2,6.91,121.51,Loamy Soil,Rabi,Jamnagar,Low,Mustard
86,45,39,27.76,73.11,6.34,895.39,Alluvial Soil,Kharif,Banaskantha,High,Maize
91,59,53,32.78,64.57,6.79,752.87,Alluvial Soil,Kharif,Junagadh,High,Cotton
84,43,35,29.03,68.76,5.89,749.38,Loamy Soil,Kharif,Anand,High,Maize
33,42,37,27.93,73.44,6.44,590.85,Black Soil,Kharif,Amreli,Medium,Groundnut
42,46,33,28.65,72.64,6.5,709.83,Black Soil,Kharif,Jamnagar,Medium,Groundnut
26,29,27,21.7,37.86,7.43,103.33,Alluvial Soil,Rabi,Kutch,Low,Cumin
51,38,35,26.64,56.8,6.52,441.14,Loamy Soil,Kharif,Rajkot,Low,Castor
43,46,36,28.53,71.72,6.1,637.55,Sandy Soil,Kharif,Junagadh,Medium,Groundnut
37,39,39,21.16,41.4,5.96,139.07,Loamy Soil,Rabi,Jamnagar,Low,Gram
77,53,44,26.1,71.69,6.27,904.2,Loamy Soil,Kharif,Vadodara,High,Maize
35,42,34,30.16,71.2,5.83,681.57,Black Soil,Kharif,Rajkot,Medium,Groundnut
86,53,43,27.63,70.45,5.95,1057.87,Red Soil,Kharif,Banaskantha,High,Maize
82,58,51,27.57,70.03,6.33,954.98,Red Soil,Kharif,Banaskantha,High,Maize
86,58,45,33.69,66.64,5.89,894.98,Alluvial Soil,Kharif,Rajkot,High,Cotton
42,38,21,30.65,55.28,5.72,375.3,Alluvial Soil,Kharif,Mehsana,Low,Castor
55,33,32,17.2,51.51,6.77,166.05,Loamy Soil,Rabi,Jamnagar,Low,Mustard
34,54,39,22.02,43.07,6.44,150.68,Clay Soil,Rabi,Junagadh,Low,Gram
40,40,25,27.72,71.7,6.31,661.14,Black Soil,Kharif,Bhavnagar,Medium,Groundnut
101,43,45,17.79,44.75,6.86,229.39,Black Soil,Rabi,Rajkot,Medium,Wheat
38,51,34,21.4,42.87,6.29,176.77,Clay Soil,Rabi,Junagadh,Low,Gram
56,38,31,19.49,50.05,6.66,161.63,Loamy Soil,Rabi,Kutch,Low,Mustard
61,31,36,32.48,40.41,6.93,319.6,Loamy Soil,Kharif,Jamnagar,Low,Bajra
86,44,46,28.99,66.61,6.35,966.31,Alluvial Soil,Kharif,Vadodara,High,Maize
56,42,29,27.16,56.72,5.76,423.58,Alluvial Soil,Kharif,Mehsana,Low,Castor
36,63,34,23.44,42.03,6.68,174.29,Loamy Soil,Rabi,Vadodara,Low,Gram
31,32,32,22.93,36.18,6.17,89.72,Sandy Soil,Rabi,Banaskantha,Low,Cumin
34,53,33,20.42,45.65,7.16,158.91,Clay Soil,Rabi,Rajkot,Low,Gram
95,42,48,18.42,52.08,6.67,179.33,Alluvial Soil,Rabi,Ahmedabad,Medium,Wheat
99,43,43,30.8,67.7,6.56,714.29,Alluvial Soil,Kharif,Bhavnagar,High,Cotton
25,45,39,23.19,42.1,7.03,190.21,Clay Soil,Rabi,Rajkot,Low,Gram
41,26,27,23.68,35.45,6.62,84.89,Sandy Soil,Rabi,Banaskantha,Low,Cumin
105,47,51,24.72,73.42,6.75,955.85,Loamy Soil,Kharif,Ahmedabad,High,Maize
89,41,41,20.23,45.25,6.12,154.24,Loamy Soil,Rabi,Rajkot,Medium,Wheat
82,53,46,28.75,71.7,6.62,952.96,Alluvial Soil,Kharif,Anand,High,Maize
47,36,37,32.02,35.28,5.87,291.46,Sandy Soil,Kharif,Kutch,Low,Bajra
26,45,43,19.82,40.93,6.51,159.37,Loamy Soil,Rabi,Rajkot,Low,Gram
65,41,38,20.21,51.51,6.28,228.09,Sandy Soil,Rabi,Ahmedabad,Low,Mustard
24,48,25,20.32,38.94,6.76,156.73,Black Soil,Rabi,Jamnagar,Low,Gram
98,50,38,31.04,63.46,7.03,822.91,Alluvial Soil,Kharif,Amreli,High,Cotton
89,45,40,18.41,45.63,5.69,211.39,Black Soil,Rabi,Banaskantha,Medium,Wheat
49,48,30,16.95,52.36,6.16,167.76,Loamy Soil,Rabi,Ahmedabad,Low,Mustard
75,47,37,24.77,67.91,6.68,951.43,Loamy Soil,Kharif,Anand,High,Maize
54,32,31,36.97,35.38,6.09,265.88,Sandy Soil,Kharif,Jamnagar,Low,Bajra
40,54,38,29.21,74.49,6.85,707.94,Loamy Soil,Kharif,Jamnagar,Medium,Groundnut
24,36,29,25.5,32.3,6.79,73.73,Sandy Soil,Rabi,Kutch,Low,Cumin
52,37,26,29.73,56.64,6.54,489.65,Alluvial Soil,Kharif,Mehsana,Low,Castor
43,43,35,29.28,68.32,6.21,607.22,Black Soil,Kharif,Rajkot,Medium,Groundnut
37,46,34,29.61,72.44,7.32,695.4,Loamy Soil,Kharif,Junagadh,Medium,Groundnut
92,44,51,17.42,46.01,6.07,190.71,Loamy Soil,Rabi,Ahmedabad,Medium,Wheat
49,40,33,19.93,54.49,7.76,131.51,Alluvial Soil,Rabi,Mehsana,Low,Mustard
33,36,28,24.19,38.47,6.41,135.9,Sandy Soil,Rabi,Mehsana,Low,Cumin
94,44,41,20.48,49.6,5.4,178.25,Alluvial Soil,Rabi,Rajkot,Medium,Wheat
88,47,44,29.05,68.59,6.47,845.29,Loamy Soil,Kharif,Anand,High,Maize
44,39,36,31.39,50.79,6.9,402.81,Loamy Soil,Kharif,Kutch,Low,Castor
41,55,35,24.28,42.27,6.86,196.58,Black Soil,Rabi,Jamnagar,Low,Gram
53,29,29,30.21,48.9,7.28,432.72,Loamy Soil,Kharif,Banaskantha,Low,Castor
87,43,44,18.25,50.43,5.99,210.61,Loamy Soil,Rabi,Mehsana,Medium,Wheat
47,55,33,28.8,75.09,6.36,659.11,Black Soil,Kharif,Bhavnagar,Medium,Groundnut
38,56,32,21.61,40.48,6.14,192.34,Clay Soil,Rabi,Junagadh,Low,Gram
38,50,45,28.15,69.22,6.21,681.27,Loamy Soil,Kharif,Rajkot,Medium,Groundnut
83,40,44,25.64,68.7,7.23,891.07,Red Soil,Kharif,Banaskantha,High,Maize
25,39,21,23.81,38.11,7.59,103.06,Loamy Soil,Rabi,Banaskantha,Low,Cumin
36,29,23,20.76,38.76,7.1,101.56,Alluvial Soil,Rabi,Banaskantha,Low,Cumin
96,50,46,30.08,70.89,6.41,895.54,Alluvial Soil,Kharif,Vadodara,High,Maize
113,48,45,19.23,46.88,7.08,183.65,Clay Soil,Rabi,Ahmedabad,Medium,Wheat
60,35,31,34.01,39.85,6.4,296.55,Sandy Soil,Kharif,Kutch,Low,Bajra
43,53,27,20.84,38.44,6.82,206.92,Clay Soil,Rabi,Ahmedabad,Low,Gram
35,53,34,24.14,42.34,6.85,172.23,Clay Soil,Rabi,Vadodara,Low,Gram
85,50,45,25.74,78.62,7.17,864.55,Alluvial Soil,Kharif,Mehsana,High,Maize
113,39,51,19.58,45.99,5.84,204.66,Clay Soil,Rabi,Mehsana,Medium,Wheat
42,54,37,22.47,43.04,6.54,226.38,Loamy Soil,Rabi,Ahmedabad,Low,Gram
58,32,35,17.54,49.11,6.79,124.97,Sandy Soil,Rabi,Banaskantha,Low,Mustard
42,47,31,28.72,71.66,6.5,636.27,Loamy Soil,Kharif,Bhavnagar,Medium,Groundnut
46,36,24,33.17,54.26,5.95,454.76,Alluvial Soil,Kharif,Rajkot,Low,Castor
29,29,35,25.47,31.36,7.33,99.58,Loamy Soil,Rabi,Kutch,Low,Cumin
53,42,31,26.97,70.93,7.64,697.02,Black Soil,Kharif,Jamnagar,Medium,Groundnut
28,35,28,25.01,34.49,6.55,82.34,Loamy Soil,Rabi,Jamnagar,Low,Cumin
31,32,26,29.77,55.81,6.35,451.64,Alluvial Soil,Kharif,Bhavnagar,Low,Sesame
56,41,32,36.01,38.49,6.33,318.92,Loamy Soil,Kharif,Banaskantha,Low,Bajra
34,20,22,29.96,51.07,6.67,334.29,Alluvial Soil,Kharif,Junagadh,Low,Sesame
61,33,28,35.45,41.25,6.34,259.99,Loamy Soil,Kharif,Kutch,Low,Bajra
65,35,31,31.11,40.36,7.54,328.76,Loamy Soil,Kharif,Mehsana,Low,Bajra
43,44,35,26.43,71.61,7.32,653.42,Black Soil,Kharif,Junagadh,Medium,Groundnut
51,34,18,33.33,55.59,6.5,515.51,Loamy Soil,Kharif,Banaskantha,Low,Castor
32,28,29,28.1,50.58,6.82,352.67,Loamy Soil,Kharif,Junagadh,Low,Sesame
48,33,37,27.27,72.3,6.24,727.14,Sandy Soil,Kharif,Jamnagar,Medium,Groundnut
90,45,48,19.56,43.23,7.07,133.24,Clay Soil,Rabi,Mehsana,Medium,Wheat
33,52,33,22.56,44.24,6.05,157.37,Clay Soil,Rabi,Vadodara,Low,Gram
37,25,26,28.9,56.88,6.41,408.97,Sandy Soil,Kharif,Kutch,Low,Sesame
52,23,27,35.84,45.77,6.03,282.62,Sandy Soil,Kharif,Banaskantha,Low,Bajra
42,44,26,25.54,38.33,6.63,67.12,Sandy Soil,Rabi,Mehsana,Low,Cumin
47,23,30,28.94,54.65,6.84,431.76,Sandy Soil,Kharif,Banaskantha,Low,Castor
51,51,31,17.07,54.29,6.03,153.88,Sandy Soil,Rabi,Banaskantha,Low,Mustard
33,28,24,32.82,48.08,6.78,430.45,Alluvial Soil,Kharif,Bhavnagar,Low,Sesame
84,53,42,23.88,70.32,6.67,753.87,Red Soil,Kharif,Mehsana,High,Maize
37,27,28,30.65,48.35,6.45,397.3,Sandy Soil,Kharif,Bhavnagar,Low,Sesame
120,58,48,33.39,65.48,6.51,776.57,Black Soil,Kharif,Vadodara,High,Cotton
33,64,26,22.62,42.4,6.93,179.97,Black Soil,Rabi,Rajkot,Low,Gram
40,40,32,27.72,72.1,6.14,618.05,Black Soil,Kharif,Bhavnagar,Medium,Groundnut
86,51,49,25.55,68.15,6.64,882.93,Alluvial Soil,Kharif,Vadodara,High,Maize
31,31,23,22.39,39.89,6.34,117.29,Loamy Soil,Rabi,Rajkot,Low,Cumin
92,44,46,18.81,46.65,6.21,263.91,Black Soil,Rabi,Banaskantha,Medium,Wheat
36,33,30,23.3,31.34,5.68,114.37,Sandy Soil,Rabi,Kutch,Low,Cumin
48,42,35,23.23,41.47,6.21,208.11,Clay Soil,Rabi,Jamnagar,Low,Gram
30,25,26,29.92,40.73,6.75,420.3,Alluvial Soil,Kharif,Amreli,Low,Sesame
58,35,24,25.0,50.22,5.57,377.69,Sandy Soil,Kharif,Rajkot,Low,Castor
97,50,50,28.01,65.23,6.19,888.72,Red Soil,Kharif,Anand,High,Maize
33,26,25,35.0,44.95,5.56,382.13,Alluvial Soil,Kharif,Amreli,Low,Sesame
60,31,38,30.88,43.04,6.75,243.51,Loamy Soil,Kharif,Banaskantha,Low,Bajra
106,60,57,31.67,57.33,6.09,771.55,Black Soil,Kharif,Bhavnagar,High,Cotton
46,32,26,30.52,60.91,6.94,515.84,Sandy Soil,Kharif,Rajkot,Low,Castor
40,41,33,27.56,74.7,6.67,634.24,Loamy Soil,Kharif,Junagadh,Medium,Groundnut
43,50,32,30.24,78.5,6.77,600.37,Black Soil,Kharif,Junagadh,Medium,Groundnut
37,49,32,27.75,69.38,6.89,617.4,Black Soil,Kharif,Junagadh,Medium,Groundnut
83,49,40,19.73,46.19,7.11,177.45,Loamy Soil,Rabi,Rajkot,Medium,Wheat
115,50,46,33.77,66.85,6.73,944.33,Black Soil,Kharif,Vadodara,Medium,Cotton
22,30,29,23.4,28.32,6.29,147.0,Sandy Soil,Rabi,Mehsana,Low,Cumin
40,40,29,25.4,32.86,6.07,92.65,Loamy Soil,Rabi,Jamnagar,Low,Cumin
42,29,29,29.22,53.51,6.22,523.46,Alluvial Soil,Kharif,Mehsana,Low,Castor
58,36,21,27.74,58.87,6.3,441.58,Sandy Soil,Kharif,Kutch,Low,Castor
45,24,33,32.34,41.44,6.11,280.55,Loamy Soil,Kharif,Ahmedabad,Low,Bajra
32,26,20,28.49,52.33,6.73,306.91,Loamy Soil,Kharif,Rajkot,Low,Sesame
91,42,47,19.47,42.76,6.02,200.19,Loamy Soil,Rabi,Mehsana,Medium,Wheat
94,52,44,26.26,68.06,6.89,861.72,Alluvial Soil,Kharif,Ahmedabad,High,Maize
93,49,41,32.59,67.6,6.73,911.63,Black Soil,Kharif,Surat,Medium,Cotton
28,26,22,23.44,34.36,7.26,60.72,Loamy Soil,Rabi,Banaskantha,Low,Cumin
26,46,29,22.11,46.67,6.3,138.68,Black Soil,Rabi,Jamnagar,Low,Gram
30,32,22,30.14,54.23,6.64,395.61,Loamy Soil,Kharif,Kutch,Low,Sesame
38,36,25,19.26,26.22,6.82,107.33,Sandy Soil,Rabi,Jamnagar,Low,Cumin
96,57,50,19.81,49.19,6.4,162.42,Loamy Soil,Rabi,Rajkot,Medium,Wheat
48,44,28,25.95,69.45,6.93,633.97,Black Soil,Kharif,Bhavnagar,Medium,Groundnut
57,37,36,18.73,51.72,6.15,203.6,Alluvial Soil,Rabi,Jamnagar,Low,Mustard
32,33,28,22.86,34.32,5.82,91.37,Sandy Soil,Rabi,Kutch,Low,Cumin
34,36,25,21.77,35.01,6.18,94.59,Sandy Soil,Rabi,Jamnagar,Low,Cumin
77,50,42,17.57,51.57,7.05,207.06,Clay Soil,Rabi,Anand,Medium,Wheat
29,19,19,28.89,53.04,5.89,372.61,Loamy Soil,Kharif,Rajkot,Low,Sesame
92,40,39,32.03,61.23,6.47,728.36,Black Soil,Kharif,Vadodara,High,Cotton
31,30,21,30.37,52.93,6.56,410.0,Loamy Soil,Kharif,Junagadh,Low,Sesame
34,57,39,22.21,38.85,5.81,190.93,Loamy Soil,Rabi,Jamnagar,Low,Gram
41,52,35,24.36,41.19,4.9,186.19,Loamy Soil,Rabi,Ahmedabad,Low,Gram
38,54,41,20.96,41.82,6.33,200.78,Loamy Soil,Rabi,Vadodara,Low,Gram
47,25,32,26.49,62.16,6.81,381.95,Sandy Soil,Kharif,Anand,Low,Castor
35,45,34,20.86,42.78,7.22,197.32,Clay Soil,Rabi,Vadodara,Low,Gram
34,54,35,21.01,43.71,7.08,180.18,Black Soil,Rabi,Junagadh,Low,Gram
59,35,31,18.89,52.44,7.13,191.38,Alluvial Soil,Rabi,Kutch,Low,Mustard
84,49,44,26.55,72.7,7.49,1046.05,Red Soil,Kharif,Vadodara,High,Maize
39,53,35,22.41,41.34,7.47,195.21,Black Soil,Rabi,Rajkot,Low,Gram
52,43,20,30.63,52.84,6.06,516.72,Loamy Soil,Kharif,Anand,Low,Castor
93,48,52,31.61,69.16,6.16,818.6,Black Soil,Kharif,Bhavnagar,High,Cotton
52,37,32,35.05,35.91,6.09,295.08,Loamy Soil,Kharif,Kutch,Low,Bajra
53,44,34,35.54,43.58,6.83,360.95,Loamy Soil,Kharif,Banaskantha,Low,Bajra
82,51,38,25.53,71.46,7.17,898.48,Red Soil,Kharif,Mehsana,High,Maize
34,34,18,27.77,33.68,6.08,89.73,Alluvial Soil,Rabi,Rajkot,Low,Cumin
63,48,30,16.59,51.83,6.19,164.56,Loamy Soil,Rabi,Ahmedabad,Low,Mustard
58,37,36,20.14,47.11,5.38,136.72,Loamy Soil,Rabi,Ahmedabad,Low,Mustard
100,54,39,28.4,68.98,7.11,867.58,Red Soil,Kharif,Ahmedabad,High,Maize
66,36,29,17.27,53.97,5.99,157.94,Loamy Soil,Rabi,Ahmedabad,Low,Mustard
81,48,44,26.28,70.41,5.74,844.51,Loamy Soil,Kharif,Anand,High,Maize
34,31,23,21.92,38.79,6.41,93.75,Alluvial Soil,Rabi,Rajkot,Low,Cumin
33,27,24,19.22,33.68,6.2,91.27,Loamy Soil,Rabi,Banaskantha,Low,Cumin
40,37,22,22.46,36.31,6.2,125.8,Sandy Soil,Rabi,Rajkot,Low,Cumin
36,29,19,33.76,59.4,7.21,403.85,Alluvial Soil,Kharif,Junagadh,Low,Sesame
38,52,40,20.56,43.35,7.11,155.41,Clay Soil,Rabi,Ahmedabad,Low,Gram
34,59,31,22.45,42.23,6.87,195.0,Loamy Soil,Rabi,Vadodara,Low,Gram
62,39,36,33.48,42.21,7.25,272.92,Sandy Soil,Kharif,Ahmedabad,Low,Bajra
96,44,40,28.41,70.96,7.05,934.34,Loamy Soil,Kharif,Mehsana,High,Maize
90,49,48,31.33,59.83,6.53,729.18,Alluvial Soil,Kharif,Rajkot,Medium,Cotton
109,50,40,23.78,65.02,7.33,1000.13,Alluvial Soil,Kharif,Ahmedabad,High,Maize
37,47,43,26.23,45.04,5.9,185.18,Black Soil,Rabi,Ahmedabad,Low,Gram
52,33,37,35.54,41.78,6.61,256.91,Loamy Soil,Kharif,Mehsana,Low,Bajra
84,53,45,25.67,73.46,6.23,889.06,Red Soil,Kharif,Banaskantha,High,Maize
28,49,36,22.3,41.4,6.83,180.76,Clay Soil,Rabi,Ahmedabad,Low,Gram
92,49,45,21.43,45.85,5.93,210.27,Alluvial Soil,Rabi,Ahmedabad,Medium,Wheat
37,46,28,26.39,75.61,6.86,653.29,Sandy Soil,Kharif,Amreli,Medium,Groundnut
47,38,26,28.16,55.37,6.69,518.64,Loamy Soil,Kharif,Rajkot,Low,Castor
28,34,22,24.28,38.44,6.47,101.88,Sandy Soil,Rabi,Mehsana,Low,Cumin
67,45,32,19.49,50.09,5.87,198.49,Loamy Soil,Rabi,Jamnagar,Low,Mustard
48,34,27,29.76,51.88,6.67,447.77,Alluvial Soil,Kharif,Kutch,Low,Castor
35,26,25,27.24,50.81,5.75,315.67,Alluvial Soil,Kharif,Bhavnagar,Low,Sesame
55,32,25,27.52,57.16,6.31,434.95,Loamy Soil,Kharif,Mehsana,Low,Castor
90,43,39,26.01,73.14,6.76,960.25,Red Soil,Kharif,Banaskantha,High,Maize
112,53,61,32.52,65.64,6.35,808.9,Alluvial Soil,Kharif,Junagadh,Medium,Cotton
80,44,43,27.5,70.67,6.49,908.88,Loamy Soil,Kharif,Mehsana,High,Maize
31,57,44,20.38,40.57,6.28,203.83,Loamy Soil,Rabi,Rajkot,Low,Gram
34,52,22,27.81,75.43,6.45,629.75,Loamy Soil,Kharif,Bhavnagar,Medium,Groundnut
30,38,20,21.79,37.07,6.22,123.67,Alluvial Soil,Rabi,Banaskantha,Low,Cumin
35,55,35,22.32,38.18,6.63,142.72,Clay Soil,Rabi,Rajkot,Low,Gram
48,33,35,31.73,38.38,6.76,188.43,Loamy Soil,Kharif,Ahmedabad,Low,Bajra
40,38,26,32.0,57.78,5.63,515.78,Alluvial Soil,Kharif,Rajkot,Low,Castor
41,43,32,19.81,40.06,6.93,174.63,Black Soil,Rabi,Jamnagar,Low,Gram
48,44,30,27.54,74.65,6.68,664.56,Black Soil,Kharif,Rajkot,Medium,Groundnut
38,23,24,30.24,49.46,6.03,397.24,Alluvial Soil,Kharif,Kutch,Low,Sesame
89,40,36,20.27,48.12,6.18,234.2,Black Soil,Rabi,Mehsana,Medium,Wheat
55,36,23,32.21,56.16,5.88,404.31,Alluvial Soil,Kharif,Anand,Low,Castor
56,32,42,19.05,56.43,5.94,151.95,Alluvial Soil,Rabi,Jamnagar,Low,Mustard
35,32,28,31.96,51.01,6.04,419.57,Loamy Soil,Kharif,Bhavnagar,Low,Sesame
33,24,15,29.98,49.13,7.12,422.97,Alluvial Soil,Kharif,Rajkot,Low,Sesame
37,42,29,28.23,78.27,6.13,634.09,Black Soil,Kharif,Rajkot,Medium,Groundnut
34,49,43,18.54,45.29,5.63,195.29,Clay Soil,Rabi,Vadodara,Low,Gram
37,48,28,19.59,42.41,6.19,126.8,Clay Soil,Rabi,Junagadh,Low,Gram
42,32,30,23.63,30.38,5.85,139.99,Alluvial Soil,Rabi,Jamnagar,Low,Cumin
36,32,31,20.62,37.24,6.47,81.8,Sandy Soil,Rabi,Mehsana,Low,Cumin
45,32,38,30.89,42.46,6.3,238.19,Loamy Soil,Kharif,Kutch,Low,Bajra
36,25,25,30.85,48.48,6.06,407.59,Loamy Soil,Kharif,Junagadh,Low,Sesame
51,38,32,34.12,34.83,6.14,306.33,Loamy Soil,Kharif,Kutch,Low,Bajra
31,40,31,26.65,73.35,6.38,650.53,Black Soil,Kharif,Junagadh,Medium,Groundnut
33,44,30,26.68,74.35,6.77,710.45,Sandy Soil,Kharif,Amreli,Medium,Groundnut
31,33,27,25.02,31.16,6.5,93.3,Loamy Soil,Rabi,Kutch,Low,Cumin
27,42,34,27.38,71.73,7.07,655.32,Black Soil,Kharif,Rajkot,Medium,Groundnut
32,40,27,22.53,33.12,6.35,97.48,Sandy Soil,Rabi,Kutch,Low,Cumin
38,37,27,21.75,35.75,6.46,132.01,Alluvial Soil,Rabi,Rajkot,Low,Cumin
53,28,30,34.88,38.77,6.4,258.4,Sandy Soil,Kharif,Ahmedabad,Low,Bajra
56,40,33,18.51,54.99,7.48,160.2,Alluvial Soil,Rabi,Mehsana,Low,Mustard
57,28,28,26.93,55.91,7.58,361.01,Loamy Soil,Kharif,Mehsana,Low,Castor
57,33,29,28.86,56.06,7.57,417.69,Sandy Soil,Kharif,Anand,Low,Castor
37,29,21,28.05,50.59,7.12,428.16,Loamy Soil,Kharif,Amreli,Low,Sesame
39,50,31,22.13,41.55,7.75,168.78,Loamy Soil,Rabi,Junagadh,Low,Gram
59,38,27,28.31,77.79,6.08,636.71,Sandy Soil,Kharif,Amreli,Medium,Groundnut
58,32,24,29.91,54.31,6.84,510.8,Loamy Soil,Kharif,Kutch,Low,Castor
33,38,27,22.73,39.72,6.26,114.93,Loamy Soil,Rabi,Jamnagar,Low,Cumin
34,44,41,21.97,40.63,7.07,206.44,Loamy Soil,Rabi,Rajkot,Low,Gram
50,31,33,34.11,40.67,6.06,336.87,Sandy Soil,Kharif,Kutch,Low,Bajra
87,42,44,18.67,47.17,6.51,170.07,Loamy Soil,Rabi,Rajkot,Medium,Wheat
47,50,36,28.13,70.83,5.8,648.0,Loamy Soil,Kharif,Bhavnagar,Medium,Groundnut
78,43,37,23.74,43.37,6.5,238.11,Loamy Soil,Rabi,Rajkot,Medium,Wheat
48,35,33,34.47,37.2,6.25,280.28,Sandy Soil,Kharif,Banaskantha,Low,Bajra
50,35,33,34.28,34.3,6.51,293.53,Sandy Soil,Kharif,Mehsana,Low,Bajra
44,50,35,22.08,36.05,6.54,173.79,Loamy Soil,Rabi,Vadodara,Low,Gram
46,41,27,34.43,54.06,8.0,471.99,Alluvial Soil,Kharif,Kutch,Low,Castor
69,37,34,32.17,38.06,5.51,261.6,Loamy Soil,Kharif,Ahmedabad,Low,Bajra
100,54,48,30.63,65.15,5.96,805.41,Alluvial Soil,Kharif,Vadodara,High,Cotton
56,33,38,34.41,38.38,6.97,261.74,Sandy Soil,Kharif,Jamnagar,Low,Bajra
37,28,27,24.37,33.14,6.71,102.52,Sandy Soil,Rabi,Mehsana,Low,Cumin
58,39,33,19.9,52.24,6.2,153.78,Sandy Soil,Rabi,Ahmedabad,Low,Mustard
36,48,26,27.44,68.07,6.15,682.1,Sandy Soil,Kharif,Junagadh,Medium,Groundnut
87,42,43,24.19,70.32,6.17,842.28,Loamy Soil,Kharif,Mehsana,High,Maize
87,50,48,31.12,65.79,6.57,909.7,Loamy Soil,Kharif,Banaskantha,High,Maize
87,54,43,19.45,51.08,6.35,160.72,Alluvial Soil,Rabi,Banaskantha,Medium,Wheat
53,36,35,33.94,37.36,6.88,276.39,Loamy Soil,Kharif,Banaskantha,Low,Bajra
45,43,31,28.59,74.54,6.8,702.0,Sandy Soil,Kharif,Amreli,Medium,Groundnut
29,23,24,29.73,48.47,7.17,407.02,Sandy Soil,Kharif,Junagadh,Low,Sesame
51,27,29,32.5,52.76,6.18,446.02,Sandy Soil,Kharif,Kutch,Low,Castor
94,52,42,20.34,44.27,6.29,212.56,Black Soil,Rabi,Banaskantha,Medium,Wheat
95,43,41,21.69,46.88,6.29,197.33,Alluvial Soil,Rabi,Ahmedabad,Medium,Wheat
46,54,34,27.75,75.08,7.23,626.0,Loamy Soil,Kharif,Bhavnagar,Medium,Groundnut
80,46,40,18.28,45.15,6.46,231.46,Loamy Soil,Rabi,Anand,Medium,Wheat
81,55,51,31.23,56.36,6.23,826.12,Black Soil,Kharif,Vadodara,High,Cotton
56,33,26,31.69,55.95,5.81,554.69,Alluvial Soil,Kharif,Banaskantha,Low,Castor
69,42,50,17.12,44.56,6.58,196.13,Clay Soil,Rabi,Ahmedabad,Medium,Wheat
107,68,46,32.52,62.54,6.59,830.68,Alluvial Soil,Kharif,Junagadh,High,Cotton
49,44,36,19.07,53.02,7.51,166.59,Sandy Soil,Rabi,Kutch,Low,Mustard
47,34,23,30.38,49.72,7.03,402.17,Sandy Soil,Kharif,Mehsana,Low,Castor
107,41,49,30.42,63.68,6.77,806.07,Alluvial Soil,Kharif,Jamnagar,Medium,Cotton
46,40,25,21.9,40.77,6.8,104.86,Sandy Soil,Rabi,Mehsana,Low,Cumin
91,39,42,18.57,49.61,6.06,141.47,Alluvial Soil,Rabi,Banaskantha,Medium,Wheat
45,51,35,27.71,72.85,5.74,643.31,Black Soil,Kharif,Jamnagar,Medium,Groundnut
36,32,34,27.95,75.87,6.69,576.07,Loamy Soil,Kharif,Amreli,Medium,Groundnut
33,31,25,31.11,58.33,5.51,365.75,Sandy Soil,Kharif,Bhavnagar,Low,Sesame
44,33,31,31.97,38.21,6.45,253.97,Loamy Soil,Kharif,Ahmedabad,Low,Bajra
77,55,44,30.15,70.64,6.45,865.68,Alluvial Soil,Kharif,Anand,High,Maize
42,35,34,33.4,37.41,7.12,301.33,Loamy Soil,Kharif,Mehsana,Low,Bajra
36,41,40,21.42,41.42,7.47,107.28,Clay Soil,Rabi,Junagadh,Low,Gram
39,57,31,19.17,43.53,6.3,199.69,Clay Soil,Rabi,Rajkot,Low,Gram
62,38,24,22.08,50.41,5.83,164.13,Sandy Soil,Rabi,Banaskantha,Low,Mustard
58,36,38,21.55,53.91,5.59,147.06,Loamy Soil,Rabi,Ahmedabad,Low,Mustard
29,44,30,20.57,39.0,6.8,170.27,Black Soil,Rabi,Vadodara,Low,Gram
30,27,27,32.32,50.62,6.83,395.21,Alluvial Soil,Kharif,Kutch,Low,Sesame
48,41,31,34.67,39.48,5.56,314.89,Loamy Soil,Kharif,Ahmedabad,Low,Bajra
87,40,42,19.25,48.51,6.97,184.54,Alluvial Soil,Rabi,Rajkot,Medium,Wheat
61,38,42,36.15,37.17,6.62,263.97,Loamy Soil,Kharif,Mehsana,Low,Bajra
48,45,33,26.07,71.73,6.38,608.54,Sandy Soil,Kharif,Jamnagar,Medium,Groundnut
40,49,42,23.43,39.34,6.43,183.12,Clay Soil,Rabi,Rajkot,Low,Gram
58,46,28,15.74,48.86,6.84,162.14,Loamy Soil,Rabi,Banaskantha,Low,Mustard
62,40,32,19.84,53.31,6.31,140.43,Alluvial Soil,Rabi,Banaskantha,Low,Mustard
85,55,41,26.78,70.71,6.07,851.8,Red Soil,Kharif,Anand,High,Maize
54,48,38,16.3,53.68,6.08,105.6,Sandy Soil,Rabi,Mehsana,Low,Mustard
74,53,47,18.59,48.52,5.74,235.18,Alluvial Soil,Rabi,Anand,Medium,Wheat
32,46,28,26.86,71.82,5.97,626.22,Sandy Soil,Kharif,Jamnagar,Medium,Groundnut
99,44,42,30.66,65.69,6.53,751.88,Alluvial Soil,Kharif,Bhavnagar,Medium,Cotton
50,27,21,28.34,58.5,6.77,466.13,Sandy Soil,Kharif,Kutch,Low,Castor
85,50,43,24.94,72.08,5.87,837.36,Red Soil,Kharif,Anand,High,Maize
82,50,44,21.24,45.95,6.85,176.08,Alluvial Soil,Rabi,Anand,Medium,Wheat
92,41,43,30.14,70.68,6.44,776.94,Alluvial Soil,Kharif,Amreli,Medium,Cotton
56,40,28,34.02,42.05,5.98,275.85,Loamy Soil,Kharif,Ahmedabad,Low,Bajra
88,53,49,30.43,68.09,5.61,761.46,Alluvial Soil,Kharif,Jamnagar,Medium,Cotton
37,55,27,24.06,44.98,6.17,196.2,Black Soil,Rabi,Ahmedabad,Low,Gram
44,36,23,30.08,55.97,5.57,380.11,Sandy Soil,Kharif,Anand,Low,Castor
37,20,23,31.1,53.77,6.21,433.78,Sandy Soil,Kharif,Bhavnagar,Low,Sesame
91,54,44,24.83,69.8,6.36,864.18,Loamy Soil,Kharif,Ahmedabad,High,Maize
32,37,18,23.5,40.35,6.55,110.87,Loamy Soil,Rabi,Kutch,Low,Cumin
35,27,26,28.95,54.67,6.04,394.52,Loamy Soil,Kharif,Rajkot,Low,Sesame
97,55,36,28.44,70.63,7.11,921.49,Red Soil,Kharif,Anand,High,Maize
48,51,33,26.32,69.43,6.55,625.01,Sandy Soil,Kharif,Bhavnagar,Medium,Groundnut
30,31,23,29.72,50.97,6.01,357.25,Alluvial Soil,Kharif,Junagadh,Low,Sesame
40,44,35,27.86,68.1,6.37,601.39,Black Soil,Kharif,Rajkot,Medium,Groundnut
95,62,42,33.03,66.19,7.13,755.52,Alluvial Soil,Kharif,Vadodara,Medium,Cotton
56,30,29,28.51,54.42,6.27,415.23,Loamy Soil,Kharif,Banaskantha,Low,Castor
43,45,35,26.6,71.65,6.39,672.78,Black Soil,Kharif,Jamnagar,Medium,Groundnut
40,28,26,31.79,52.76,5.69,425.4,Loamy Soil,Kharif,Junagadh,Low,Sesame
55,34,23,36.27,41.33,5.89,334.49,Loamy Soil,Kharif,Kutch,Low,Bajra
40,52,40,24.28,43.32,6.2,187.43,Clay Soil,Rabi,Rajkot,Low,Gram
52,36,26,29.99,53.73,6.13,511.46,Loamy Soil,Kharif,Anand,Low,Castor
84,52,42,21.99,45.32,7.22,206.7,Alluvial Soil,Rabi,Rajkot,Medium,Wheat
34,28,23,27.29,56.16,6.76,376.61,Alluvial Soil,Kharif,Kutch,Low,Sesame
32,21,31,29.9,51.63,6.61,399.52,Loamy Soil,Kharif,Amreli,Low,Sesame
38,35,29,22.24,26.0,5.6,115.29,Loamy Soil,Rabi,Jamnagar,Low,Cumin
35,37,28,29.33,73.14,6.44,624.55,Loamy Soil,Kharif,Jamnagar,Medium,Groundnut
91,46,39,20.99,48.45,6.78,256.28,Clay Soil,Rabi,Mehsana,Medium,Wheat
42,47,49,25.28,39.67,7.13,171.86,Black Soil,Rabi,Rajkot,Low,Gram
45,29,28,31.49,52.59,5.58,398.64,Sandy Soil,Kharif,Banaskantha,Low,Castor
70,46,45,26.01,68.89,5.64,846.9,Loamy Soil,Kharif,Banaskantha,High,Maize
55,27,25,28.12,52.42,7.09,520.25,Loamy Soil,Kharif,Mehsana,Low,Castor
64,34,26,30.0,45.56,6.74,297.68,Loamy Soil,Kharif,Banaskantha,Low,Bajra
54,43,25,30.5,58.35,6.03,458.9,Sandy Soil,Kharif,Banaskantha,Low,Castor
51,35,37,20.14,58.38,6.95,233.02,Loamy Soil,Rabi,Mehsana,Low,Mustard
27,28,31,31.03,58.13,6.04,408.6,Sandy Soil,Kharif,Rajkot,Low,Sesame
35,49,45,23.15,44.32,6.62,188.33,Black Soil,Rabi,Jamnagar,Low,Gram
94,50,34,29.98,69.56,7.32,783.4,Alluvial Soil,Kharif,Amreli,High,Cotton
42,34,22,21.97,40.24,6.51,83.67,Alluvial Soil,Rabi,Banaskantha,Low,Cumin
101,56,56,30.35,72.11,5.52,789.88,Alluvial Soil,Kharif,Jamnagar,Medium,Cotton
100,42,47,22.46,47.31,7.06,255.71,Black Soil,Rabi,Ahmedabad,Medium,Wheat
89,45,44,16.97,45.58,6.62,191.7,Black Soil,Rabi,Rajkot,Medium,Wheat
44,32,28,24.0,31.63,6.51,144.38,Loamy Soil,Rabi,Kutch,Low,Cumin
34,21,26,30.31,50.5,5.57,324.6,Loamy Soil,Kharif,Bhavnagar,Low,Sesame
42,30,30,30.09,36.33,6.62,260.56,Sandy Soil,Kharif,Kutch,Low,Bajra
47,35,27,31.04,54.05,5.9,410.51,Loamy Soil,Kharif,Anand,Low,Castor
52,34,27,32.03,55.49,6.58,459.11,Alluvial Soil,Kharif,Anand,Low,Castor
47,38,37,15.87,50.62,7.5,169.83,Alluvial Soil,Rabi,Kutch,Low,Mustard
66,47,37,18.34,51.28,5.57,175.23,Sandy Soil,Rabi,Banaskantha,Low,Mustard
89,53,46,26.73,70.28,7.24,911.97,Red Soil,Kharif,Banaskantha,High,Maize
55,31,24,18.21,54.28,5.81,129.99,Alluvial Soil,Rabi,Jamnagar,Low,Mustard
106,46,47,21.6,45.93,5.76,206.67,Black Soil,Rabi,Anand,Medium,Wheat
26,30,34,27.42,33.7,6.3,129.8,Alluvial Soil,Rabi,Jamnagar,Low,Cumin
27,55,36,22.03,41.28,6.3,167.57,Clay Soil,Rabi,Junagadh,Low,Gram
86,54,40,19.82,47.79,7.0,236.77,Alluvial Soil,Rabi,Ahmedabad,Medium,Wheat
26,27,25,29.98,53.46,6.53,380.65,Loamy Soil,Kharif,Kutch,Low,Sesame
80,45,41,21.07,47.87,6.03,228.02,Clay Soil,Rabi,Ahmedabad,Medium,Wheat
49,28,30,31.01,54.65,7.38,428.14,Loamy Soil,Kharif,Anand,Low,Castor
33,31,21,32.97,52.37,7.09,415.59,Sandy Soil,Kharif,Amreli,Low,Sesame
27,21,23,30.49,49.25,6.72,387.44,Sandy Soil,Kharif,Rajkot,Low,Sesame
36,44,35,29.7,73.93,6.55,724.9,Sandy Soil,Kharif,Bhavnagar,Medium,Groundnut
34,26,20,30.8,53.44,6.32,413.64,Sandy Soil,Kharif,Bhavnagar,Low,Sesame
40,29,34,22.09,38.33,6.98,116.41,Alluvial Soil,Rabi,Jamnagar,Low,Cumin
45,52,38,19.27,41.69,6.37,172.48,Clay Soil,Rabi,Ahmedabad,Low,Gram
39,19,23,28.75,49.71,7.19,313.72,Loamy Soil,Kharif,Kutch,Low,Sesame
53,40,31,37.22,37.47,6.11,237.34,Loamy Soil,Kharif,Banaskantha,Low,Bajra
45,30,28,32.03,55.68,6.04,492.77,Alluvial Soil,Kharif,Banaskantha,Low,Castor
48,32,28,27.73,57.67,6.21,553.35,Sandy Soil,Kharif,Rajkot,Low,Castor
36,20,29,21.56,35.4,6.19,100.0,Sandy Soil,Rabi,Rajkot,Low,Cumin
87,50,42,24.76,70.29,6.55,835.43,Red Soil,Kharif,Ahmedabad,High,Maize
82,33,45,18.32,45.54,6.32,195.54,Loamy Soil,Rabi,Anand,Medium,Wheat
45,37,29,30.58,54.68,6.53,404.63,Alluvial Soil,Kharif,Anand,Low,Castor
88,40,52,20.89,44.38,6.52,204.8,Loamy Soil,Rabi,Mehsana,Medium,Wheat
39,28,24,31.09,57.06,6.38,567.99,Loamy Soil,Kharif,Mehsana,Low,Castor
32,28,30,24.26,42.29,6.59,112.91,Alluvial Soil,Rabi,Mehsana,Low,Cumin
35,53,40,21.18,40.19,5.77,176.2,Loamy Soil,Rabi,Ahmedabad,Low,Gram
39,23,30,22.15,36.95,6.76,114.55,Sandy Soil,Rabi,Jamnagar,Low,Cumin
36,24,28,31.18,48.93,6.77,355.59,Sandy Soil,Kharif,Junagadh,Low,Sesame
40,35,37,31.32,40.5,6.99,320.46,Loamy Soil,Kharif,Jamnagar,Low,Bajra
40,46,24,27.82,73.91,6.42,618.31,Black Soil,Kharif,Amreli,Medium,Groundnut
32,24,26,32.17,46.12,5.56,449.19,Loamy Soil,Kharif,Junagadh,Low,Sesame
29,25,28,30.43,44.94,6.48,419.45,Sandy Soil,Kharif,Junagadh,Low,Sesame
64,41,36,21.52,52.18,6.45,144.11,Sandy Soil,Rabi,Banaskantha,Low,Mustard
47,31,22,31.06,49.83,6.33,382.37,Sandy Soil,Kharif,Bhavnagar,Low,Sesame
50,37,33,35.39,46.91,6.58,225.32,Loamy Soil,Kharif,Banaskantha,Low,Bajra
68,42,42,16.05,53.28,6.81,116.31,Sandy Soil,Rabi,Ahmedabad,Low,Mustard
93,49,41,33.63,64.14,6.68,761.98,Black Soil,Kharif,Rajkot,Medium,Cotton
99,54,50,32.86,66.85,6.54,786.84,Alluvial Soil,Kharif,Surat,High,Cotton
40,47,29,26.99,73.72,7.69,700.17,Black Soil,Kharif,Junagadh,Medium,Groundnut
107,50,46,33.32,62.63,5.73,789.29,Alluvial Soil,Kharif,Jamnagar,High,Cotton
22,53,36,20.53,40.82,6.18,169.9,Black Soil,Rabi,Junagadh,Low,Gram
83,43,42,28.49,72.92,6.31,970.94,Alluvial Soil,Kharif,Anand,High,Maize
63,32,32,19.22,51.64,6.3,144.52,Alluvial Soil,Rabi,Kutch,Low,Mustard
51,25,33,30.67,54.59,7.38,432.67,Alluvial Soil,Kharif,Kutch,Low,Castor
52,34,24,31.87,56.86,7.55,476.31,Alluvial Soil,Kharif,Rajkot,Low,Castor
77,57,35,25.24,74.93,6.82,878.3,Alluvial Soil,Kharif,Ahmedabad,High,Maize
45,35,42,18.25,51.39,5.19,113.87,Sandy Soil,Rabi,Mehsana,Low,Mustard
90,59,41,29.84,66.27,6.09,821.42,Black Soil,Kharif,Jamnagar,Medium,Cotton
38,27,20,33.31,43.58,5.55,219.9,Sandy Soil,Kharif,Mehsana,Low,Bajra
22,29,29,22.65,37.7,7.02,110.37,Sandy Soil,Rabi,Banaskantha,Low,Cumin
108,51,47,32.28,58.19,6.38,754.53,Alluvial Soil,Kharif,Rajkot,High,Cotton
103,41,51,18.75,46.14,6.36,179.26,Alluvial Soil,Rabi,Mehsana,Medium,Wheat
61,41,34,20.42,51.04,6.33,160.0,Alluvial Soil,Rabi,Kutch,Low,Mustard
35,29,28,26.05,34.44,6.16,121.64,Loamy Soil,Rabi,Mehsana,Low,Cumin
38,36,34,28.35,72.66,6.39,635.36,Black Soil,Kharif,Junagadh,Medium,Groundnut
80,56,44,26.22,65.9,6.02,839.57,Alluvial Soil,Kharif,Mehsana,High,Maize
28,49,41,23.25,43.8,6.87,183.12,Black Soil,Rabi,Vadodara,Low,Gram
42,35,27,30.54,47.77,7.15,361.97,Loamy Soil,Kharif,Bhavnagar,Low,Sesame
64,35,29,18.65,52.74,6.63,137.68,Alluvial Soil,Rabi,Banaskantha,Low,Mustard
52,34,26,30.48,41.7,6.99,300.32,Sandy Soil,Kharif,Ahmedabad,Low,Bajra
94,47,38,25.74,75.72,6.17,891.78,Loamy Soil,Kharif,Vadodara,High,Maize
46,43,30,29.51,76.49,6.82,617.26,Black Soil,Kharif,Jamnagar,Medium,Groundnut
104,37,47,20.46,45.6,5.99,233.91,Clay Soil,Rabi,Banaskantha,Medium,Wheat
31,33,24,20.98,31.93,6.94,69.98,Alluvial Soil,Rabi,Rajkot,Low,Cumin
43,41,32,27.53,74.6,6.42,647.05,Sandy Soil,Kharif,Rajkot,Medium,Groundnut
86,53,30,26.92,67.15,7.25,940.95,Red Soil,Kharif,Anand,High,Maize
34,28,23,30.6,50.14,6.4,367.65,Loamy Soil,Kharif,Kutch,Low,Sesame
56,36,30,34.37,43.57,7.7,281.12,Loamy Soil,Kharif,Jamnagar,Low,Bajra
115,56,57,29.79,63.25,6.13,848.1,Alluvial Soil,Kharif,Jamnagar,Medium,Cotton
62,42,27,19.57,51.73,6.06,185.64,Loamy Soil,Rabi,Ahmedabad,Low,Mustard
39,26,20,30.03,52.38,6.07,353.13,Alluvial Soil,Kharif,Rajkot,Low,Sesame
103,44,45,31.94,61.34,7.4,743.1,Alluvial Soil,Kharif,Amreli,Medium,Cotton
80,52,39,23.21,66.92,5.78,972.77,Loamy Soil,Kharif,Ahmedabad,High,Maize
33,45,23,28.64,74.15,6.87,630.25,Sandy Soil,Kharif,Junagadh,Medium,Groundnut
47,33,37,18.24,56.29,6.03,192.22,Loamy Soil,Rabi,Ahmedabad,Low,Mustard
63,41,27,32.91,42.41,6.19,279.39,Loamy Soil,Kharif,Ahmedabad,Low,Bajra
62,39,38,19.8,54.71,6.43,190.76,Loamy Soil,Rabi,Ahmedabad,Low,Mustard
49,41,25,31.24,53.52,5.58,398.93,Loamy Soil,Kharif,Mehsana,Low,Castor
44,35,21,29.09,52.11,6.76,424.26,Alluvial Soil,Kharif,Rajkot,Low,Castor
61,52,27,18.6,49.07,6.44,161.4,Sandy Soil,Rabi,Jamnagar,Low,Mustard
112,41,48,29.58,67.53,6.45,827.97,Black Soil,Kharif,Rajkot,Medium,Cotton
55,45,35,19.13,50.59,6.67,212.0,Sandy Soil,Rabi,Kutch,Low,Mustard
43,50,37,27.83,74.1,6.31,603.85,Sandy Soil,Kharif,Amreli,Medium,Groundnut
96,34,50,21.79,46.29,6.62,170.31,Loamy Soil,Rabi,Ahmedabad,Medium,Wheat
105,57,50,31.39,67.52,5.8,870.26,Black Soil,Kharif,Amreli,Medium,Cotton
46,19,21,29.48,53.48,6.25,432.26,Sandy Soil,Kharif,Rajkot,Low,Sesame
66,42,38,25.32,68.18,5.98,806.27,Loamy Soil,Kharif,Mehsana,High,Maize
39,24,28,27.99,48.49,5.71,363.98,Sandy Soil,Kharif,Bhavnagar,Low,Sesame
51,42,40,18.03,48.54,6.28,170.33,Loamy Soil,Rabi,Kutch,Low,Mustard
32,31,17,24.02,30.63,6.6,96.12,Sandy Soil,Rabi,Banaskantha,Low,Cumin
23,27,25,30.15,43.94,6.68,417.1,Loamy Soil,Kharif,Kutch,Low,Sesame
58,37,35,20.35,51.26,6.56,250.0,Loamy Soil,Rabi,Kutch,Low,Mustard
86,46,50,20.18,52.06,7.04,217.44,Loamy Soil,Rabi,Ahmedabad,Medium,Wheat
30,46,27,28.84,70.94,5.97,689.98,Loamy Soil,Kharif,Junagadh,Medium,Groundnut
38,41,29,28.0,69.85,6.25,624.19,Sandy Soil,Kharif,Bhavnagar,Medium,Groundnut
104,58,48,31.65,64.35,6.46,797.52,Black Soil,Kharif,Surat,Medium,Cotton
92,49,42,16.85,48.96,6.03,153.72,Black Soil,Rabi,Ahmedabad,Medium,Wheat
31,30,32,30.01,47.59,7.12,379.49,Sandy Soil,Kharif,Kutch,Low,Sesame
62,33,28,37.61,36.09,6.58,245.49,Sandy Soil,Kharif,Ahmedabad,Low,Bajra
35,58,36,29.47,73.73,5.7,669.75,Sandy Soil,Kharif,Rajkot,Medium,Groundnut
48,42,37,18.69,52.98,6.9,169.72,Sandy Soil,Rabi,Mehsana,Low,Mustard
62,45,30,19.14,47.12,6.94,187.54,Loamy Soil,Rabi,Ahmedabad,Low,Mustard
88,39,41,18.11,44.23,7.18,130.27,Loamy Soil,Rabi,Anand,Medium,Wheat
110,50,39,32.99,64.32,6.52,907.17,Black Soil,Kharif,Jamnagar,High,Cotton
48,27,38,32.6,36.91,6.29,263.4,Sandy Soil,Kharif,Ahmedabad,Low,Bajra
115,57,43,31.59,65.48,6.15,912.82,Alluvial Soil,Kharif,Jamnagar,High,Cotton
86,41,44,19.02,51.42,5.99,239.35,Loamy Soil,Rabi,Rajkot,Medium,Wheat
29,33,20,19.34,41.09,7.02,114.92,Loamy Soil,Rabi,Kutch,Low,Cumin
60,41,40,20.57,54.96,6.81,203.31,Alluvial Soil,Rabi,Ahmedabad,Low,Mustard
28,40,38,19.52,46.14,7.21,197.14,Clay Soil,Rabi,Vadodara,Low,Gram
59,33,38,18.59,45.55,6.89,197.97,Loamy Soil,Rabi,Jamnagar,Low,Mustard
101,52,53,33.29,66.65,6.32,849.45,Alluvial Soil,Kharif,Amreli,High,Cotton
72,57,37,28.29,70.39,6.41,881.99,Red Soil,Kharif,Mehsana,High,Maize
98,48,44,17.79,45.79,6.24,209.23,Black Soil,Rabi,Banaskantha,Medium,Wheat
41,32,28,24.78,34.22,6.03,102.63,Loamy Soil,Rabi,Rajkot,Low,Cumin
40,34,23,29.27,52.38,6.19,389.71,Loamy Soil,Kharif,Rajkot,Low,Sesame
34,36,26,25.15,35.59,6.2,107.78,Alluvial Soil,Rabi,Kutch,Low,Cumin
31,29,27,29.31,53.5,6.6,448.7,Sandy Soil,Kharif,Kutch,Low,Sesame
49,26,26,32.09,52.72,7.06,458.79,Loamy Soil,Kharif,Kutch,Low,Castor
69,37,29,18.02,49.13,6.54,161.04,Alluvial Soil,Rabi,Kutch,Low,Mustard
56,29,29,35.85,46.26,6.0,244.27,Sandy Soil,Kharif,Ahmedabad,Low,Bajra
34,25,27,26.84,44.43,6.23,357.55,Loamy Soil,Kharif,Amreli,Low,Sesame
41,48,32,27.51,71.48,6.19,689.38,Sandy Soil,Kharif,Bhavnagar,Medium,Groundnut
39,43,31,27.05,71.6,7.52,604.37,Sandy Soil,Kharif,Amreli,Medium,Groundnut
32,33,28,31.12,54.6,5.91,431.88,Alluvial Soil,Kharif,Junagadh,Low,Sesame
38,20,25,31.77,47.99,6.45,337.88,Sandy Soil,Kharif,Rajkot,Low,Sesame
35,28,25,30.39,45.62,6.58,403.53,Alluvial Soil,Kharif,Amreli,Low,Sesame
22,44,31,22.64,44.9,6.02,171.43,Black Soil,Rabi,Rajkot,Low,Gram
97,46,33,26.4,66.25,6.06,947.36,Loamy Soil,Kharif,Mehsana,High,Maize
62,36,28,20.24,54.19,6.33,184.92,Alluvial Soil,Rabi,Jamnagar,Low,Mustard
87,54,50,25.04,73.79,6.33,962.36,Alluvial Soil,Kharif,Vadodara,High,Maize
38,26,30,27.8,45.78,7.43,412.05,Alluvial Soil,Kharif,Rajkot,Low,Sesame
94,48,40,31.94,60.08,6.97,803.67,Alluvial Soil,Kharif,Rajkot,Medium,Cotton
34,45,30,26.09,77.98,5.91,661.01,Loamy Soil,Kharif,Rajkot,Medium,Groundnut
60,37,35,35.46,34.63,6.16,218.0,Sandy Soil,Kharif,Mehsana,Low,Bajra
102,59,42,34.08,59.9,7.31,775.15,Black Soil,Kharif,Vadodara,High,Cotton
42,26,23,28.68,53.83,6.94,395.13,Loamy Soil,Kharif,Bhavnagar,Low,Sesame
49,45,32,28.65,56.72,6.18,471.32,Alluvial Soil,Kharif,Rajkot,Low,Castor
27,33,36,23.46,42.56,6.22,109.52,Sandy Soil,Rabi,Rajkot,Low,Cumin
45,48,35,22.47,41.22,6.3,199.84,Black Soil,Rabi,Rajkot,Low,Gram
37,23,24,28.47,48.77,5.96,366.64,Sandy Soil,Kharif,Kutch,Low,Sesame
39,19,21,27.76,49.79,6.65,426.38,Sandy Soil,Kharif,Junagadh,Low,Sesame
41,24,29,27.94,52.48,6.52,440.61,Alluvial Soil,Kharif,Kutch,Low,Castor
39,28,25,24.13,31.66,6.13,115.53,Loamy Soil,Rabi,Kutch,Low,Cumin
31,20,27,33.23,54.85,6.52,416.44,Sandy Soil,Kharif,Junagadh,Low,Sesame
53,35,25,30.83,54.19,7.47,415.36,Alluvial Soil,Kharif,Rajkot,Low,Castor
25,27,27,30.64,51.72,6.31,440.38,Loamy Soil,Kharif,Rajkot,Low,Sesame
41,46,25,23.94,45.68,6.13,194.35,Black Soil,Rabi,Junagadh,Low,Gram
64,30,30,29.59,55.82,6.96,364.02,Alluvial Soil,Kharif,Kutch,Low,Castor
80,52,33,29.36,71.01,6.58,791.3,Alluvial Soil,Kharif,Ahmedabad,High,Maize
37,49,32,28.94,68.07,4.54,664.19,Black Soil,Kharif,Jamnagar,Medium,Groundnut
109,54,43,34.37,61.02,6.96,866.71,Black Soil,Kharif,Bhavnagar,Medium,Cotton
84,43,41,25.58,73.69,6.8,879.08,Red Soil,Kharif,Mehsana,High,Maize
72,26,21,20.28,53.09,6.84,150.09,Sandy Soil,Rabi,Banaskantha,Low,Mustard
26,28,27,23.37,32.69,5.12,119.19,Loamy Soil,Rabi,Mehsana,Low,Cumin
63,47,34,20.89,53.67,5.94,193.92,Alluvial Soil,Rabi,Ahmedabad,Low,Mustard
88,53,38,26.37,69.44,6.07,788.36,Loamy Soil,Kharif,Vadodara,High,Maize
35,39,20,30.74,51.36,7.25,436.19,Loamy Soil,Kharif,Rajkot,Low,Castor
38,50,26,23.23,39.15,5.88,167.08,Loamy Soil,Rabi,Jamnagar,Low,Gram
72,45,42,22.92,68.73,5.92,800.05,Loamy Soil,Kharif,Banaskantha,High,Maize
37,31,28,27.75,57.64,7.0,380.88,Loamy Soil,Kharif,Kutch,Low,Sesame
111,45,45,18.5,48.74,5.92,272.16,Loamy Soil,Rabi,Anand,Medium,Wheat
67,36,35,21.54,53.81,7.01,183.45,Sandy Soil,Rabi,Kutch,Low,Mustard
33,50,28,24.4,44.03,6.46,144.53,Loamy Soil,Rabi,Jamnagar,Low,Gram
70,42,42,24.89,74.08,5.91,1003.8,Alluvial Soil,Kharif,Vadodara,High,Maize
107,56,42,33.45,63.21,6.9,824.49,Alluvial Soil,Kharif,Amreli,High,Cotton
44,54,38,26.7,67.64,7.68,763.45,Sandy Soil,Kharif,Amreli,Medium,Groundnut
36,28,24,28.85,50.25,6.36,331.13,Alluvial Soil,Kharif,Kutch,Low,Sesame
48,47,29,28.04,70.27,6.41,622.27,Black Soil,Kharif,Rajkot,Medium,Groundnut
34,53,36,22.1,47.04,5.95,148.42,Loamy Soil,Rabi,Rajkot,Low,Gram
87,51,50,30.39,67.7,6.08,767.8,Alluvial Soil,Kharif,Rajkot,Medium,Cotton
36,41,30,26.45,40.81,6.39,121.52,Sandy Soil,Rabi,Mehsana,Low,Cumin
48,35,40,32.08,42.95,7.17,260.0,Sandy Soil,Kharif,Mehsana,Low,Bajra
93,46,51,30.94,61.83,5.78,767.81,Alluvial Soil,Kharif,Junagadh,Medium,Cotton
80,40,47,26.97,67.57,6.64,910.2,Loamy Soil,Kharif,Ahmedabad,High,Maize
50,31,27,29.12,52.04,6.37,453.42,Sandy Soil,Kharif,Anand,Low,Castor
38,41,33,28.09,72.44,6.71,628.51,Sandy Soil,Kharif,Junagadh,Medium,Groundnut
35,54,32,21.74,39.07,6.89,201.74,Loamy Soil,Rabi,Rajkot,Low,Gram
43,40,28,30.57,57.3,6.48,500.63,Sandy Soil,Kharif,Banaskantha,Low,Castor
41,29,30,25.11,33.54,6.44,119.13,Alluvial Soil,Rabi,Rajkot,Low,Cumin
91,58,46,25.8,69.83,7.27,821.75,Loamy Soil,Kharif,Ahmedabad,High,Maize
56,39,36,20.49,49.91,6.55,217.92,Loamy Soil,Rabi,Ahmedabad,Low,Mustard
57,43,34,14.46,52.02,7.12,125.48,Loamy Soil,Rabi,Jamnagar,Low,Mustard
39,32,30,30.32,52.92,5.7,444.62,Alluvial Soil,Kharif,Anand,Low,Castor
87,42,49,21.39,46.17,5.93,223.14,Black Soil,Rabi,Ahmedabad,Medium,Wheat
90,39,53,21.62,46.17,7.39,199.86,Clay Soil,Rabi,Anand,Medium,Wheat
53,43,28,28.15,51.37,6.57,467.88,Loamy Soil,Kharif,Anand,Low,Castor
42,52,35,29.97,69.88,6.66,657.76,Loamy Soil,Kharif,Junagadh,Medium,Groundnut
51,42,35,21.46,48.86,7.11,137.28,Sandy Soil,Rabi,Ahmedabad,Low,Mustard
78,44,48,29.1,71.97,6.18,989.0,Alluvial Soil,Kharif,Banaskantha,High,Maize
35,31,34,24.32,33.84,6.53,178.18,Alluvial Soil,Rabi,Banaskantha,Low,Cumin
78,44,50,18.76,49.77,7.1,174.2,Black Soil,Rabi,Ahmedabad,Medium,Wheat
31,32,25,24.64,42.96,6.96,135.6,Sandy Soil,Rabi,Kutch,Low,Cumin
69,57,43,25.86,70.74,6.08,721.93,Red Soil,Kharif,Mehsana,High,Maize
95,56,36,32.88,62.32,6.65,783.48,Alluvial Soil,Kharif,Jamnagar,High,Cotton
62,38,40,19.93,56.43,6.47,155.88,Sandy Soil,Rabi,Banaskantha,Low,Mustard
27,32,30,21.97,38.17,6.23,121.32,Sandy Soil,Rabi,Kutch,Low,Cumin
92,53,44,32.25,70.03,6.8,833.91,Black Soil,Kharif,Amreli,High,Cotton
44,38,27,22.23,33.1,7.3,100.77,Loamy Soil,Rabi,Mehsana,Low,Cumin
41,22,24,31.23,52.23,6.71,377.73,Sandy Soil,Kharif,Kutch,Low,Sesame
95,53,46,24.09,75.04,6.11,866.04,Loamy Soil,Kharif,Mehsana,High,Maize
95,38,47,18.84,48.0,6.98,159.19,Loamy Soil,Rabi,Anand,Medium,Wheat
32,30,19,31.35,49.87,5.76,437.64,Alluvial Soil,Kharif,Amreli,Low,Sesame
58,37,33,19.59,56.15,6.42,140.55,Alluvial Soil,Rabi,Mehsana,Low,Mustard
55,38,28,34.75,44.89,6.18,210.54,Loamy Soil,Kharif,Banaskantha,Low,Bajra
47,46,29,28.53,76.77,6.96,677.38,Loamy Soil,Kharif,Amreli,Medium,Groundnut
41,22,26,31.02,55.36,6.73,409.3,Loamy Soil,Kharif,Bhavnagar,Low,Sesame
34,45,29,21.98,41.85,6.93,198.85,Loamy Soil,Rabi,Rajkot,Low,Gram
102,55,38,33.19,63.39,6.57,907.48,Alluvial Soil,Kharif,Rajkot,Medium,Cotton
95,44,51,19.02,45.04,5.97,224.52,Black Soil,Rabi,Anand,Medium,Wheat
42,25,27,30.28,46.42,6.42,398.94,Alluvial Soil,Kharif,Rajkot,Low,Sesame
50,33,30,32.67,35.19,6.38,284.82,Loamy Soil,Kharif,Banaskantha,Low,Bajra
82,41,42,21.25,50.73,5.8,233.54,Alluvial Soil,Rabi,Anand,Medium,Wheat
71,37,27,19.21,55.04,7.12,131.16,Alluvial Soil,Rabi,Mehsana,Low,Mustard
81,51,45,27.93,74.47,6.76,901.87,Loamy Soil,Kharif,Mehsana,High,Maize
99,46,42,26.66,70.74,6.19,886.61,Loamy Soil,Kharif,Vadodara,High,Maize
40,42,30,33.97,42.63,6.76,306.27,Loamy Soil,Kharif,Mehsana,Low,Bajra
35,30,23,30.43,46.08,6.54,375.97,Alluvial Soil,Kharif,Amreli,Low,Sesame
31,25,26,22.16,29.92,6.63,91.54,Loamy Soil,Rabi,Jamnagar,Low,Cumin
53,39,26,29.8,57.71,6.86,387.57,Alluvial Soil,Kharif,Kutch,Low,Castor
42,38,27,31.65,56.19,5.83,453.14,Sandy Soil,Kharif,Anand,Low,Castor
94,50,43,20.48,48.91,6.94,201.31,Clay Soil,Rabi,Banaskantha,Medium,Wheat
44,41,42,18.04,50.52,7.39,182.78,Sandy Soil,Rabi,Kutch,Low,Mustard
61,27,30,33.18,38.13,6.47,307.44,Loamy Soil,Kharif,Banaskantha,Low,Bajra
56,43,28,29.57,51.44,6.44,460.16,Sandy Soil,Kharif,Kutch,Low,Castor
55,30,38,21.01,50.77,6.42,151.42,Alluvial Soil,Rabi,Jamnagar,Low,Mustard
28,27,21,29.55,50.79,7.03,410.42,Loamy Soil,Kharif,Junagadh,Low,Sesame
108,53,38,30.93,64.75,6.46,931.5,Alluvial Soil,Kharif,Jamnagar,Medium,Cotton
98,53,36,19.02,46.83,5.8,183.83,Black Soil,Rabi,Ahmedabad,Medium,Wheat
48,31,25,27.45,60.53,5.86,389.62,Loamy Soil,Kharif,Banaskantha,Low,Castor
26,31,32,22.3,33.74,6.15,87.13,Loamy Soil,Rabi,Banaskantha,Low,Cumin
91,45,48,16.14,51.36,5.4,164.03,Black Soil,Rabi,Mehsana,Medium,Wheat
82,54,45,31.1,67.04,7.02,862.09,Alluvial Soil,Kharif,Vadodara,Medium,Cotton
92,54,43,27.91,73.66,6.25,952.9,Alluvial Soil,Kharif,Banaskantha,High,Maize
71,49,35,19.16,55.56,6.42,178.04,Alluvial Soil,Rabi,Ahmedabad,Low,Mustard
31,28,18,30.13,47.4,6.34,466.47,Loamy Soil,Kharif,Bhavnagar,Low,Sesame
52,37,29,37.14,42.83,5.74,263.15,Sandy Soil,Kharif,Ahmedabad,Low,Bajra
55,39,33,32.43,40.08,5.93,282.65,Sandy Soil,Kharif,Jamnagar,Low,Bajra
28,41,32,17.49,41.37,5.49,172.64,Black Soil,Rabi,Jamnagar,Low,Gram
45,31,28,32.37,58.62,6.12,410.95,Alluvial Soil,Kharif,Rajkot,Low,Castor
54,41,34,32.9,51.05,6.67,414.11,Alluvial Soil,Kharif,Anand,Low,Castor
64,39,40,19.73,47.96,6.82,208.59,Black Soil,Rabi,Banaskantha,Medium,Wheat
47,38,40,17.22,51.12,7.88,174.23,Alluvial Soil,Rabi,Mehsana,Low,Mustard
30,42,31,28.67,69.98,6.12,675.53,Loamy Soil,Kharif,Junagadh,Medium,Groundnut
69,40,36,20.15,51.21,6.24,166.17,Sandy Soil,Rabi,Banaskantha,Low,Mustard
30,24,26,29.36,50.3,5.99,383.68,Sandy Soil,Kharif,Rajkot,Low,Sesame
84,41,45,18.67,50.96,7.09,239.39,Clay Soil,Rabi,Rajkot,Medium,Wheat
53,47,31,28.46,75.61,6.11,617.41,Sandy Soil,Kharif,Junagadh,Medium,Groundnut
35,42,27,27.7,75.19,6.5,692.97,Loamy Soil,Kharif,Rajkot,Medium,Groundnut
26,34,25,22.68,27.2,7.35,117.27,Loamy Soil,Rabi,Kutch,Low,Cumin
44,49,31,26.35,75.69,6.45,736.52,Loamy Soil,Kharif,Bhavnagar,Medium,Groundnut
34,51,33,28.82,70.25,5.02,623.84,Loamy Soil,Kharif,Amreli,Medium,Groundnut
108,52,44,28.21,70.08,7.08,967.2,Red Soil,Kharif,Vadodara,High,Maize
35,20,22,30.9,50.21,7.37,350.69,Sandy Soil,Kharif,Rajkot,Low,Sesame
41,35,31,29.7,58.4,6.68,464.57,Sandy Soil,Kharif,Anand,Low,Castor
32,45,31,18.29,43.05,6.85,176.74,Clay Soil,Rabi,Vadodara,Low,Gram
42,37,34,30.29,36.04,7.53,267.24,Loamy Soil,Kharif,Jamnagar,Low,Bajra
40,26,27,32.13,50.21,6.72,423.13,Alluvial Soil,Kharif,Amreli,Low,Sesame
37,31,34,26.12,27.65,6.96,91.61,Alluvial Soil,Rabi,Banaskantha,Low,Cumin
80,42,42,26.92,70.19,6.48,875.15,Alluvial Soil,Kharif,Vadodara,High,Maize
34,32,18,33.25,52.78,6.6,396.14,Alluvial Soil,Kharif,Kutch,Low,Sesame
51,48,35,18.67,57.71,5.95,208.52,Alluvial Soil,Rabi,Ahmedabad,Low,Mustard
83,62,44,29.83,69.15,7.18,1038.22,Red Soil,Kharif,Vadodara,High,Maize
102,50,48,34.02,66.27,6.31,766.65,Alluvial Soil,Kharif,Jamnagar,High,Cotton
55,42,35,17.1,54.89,5.82,116.47,Loamy Soil,Rabi,Ahmedabad,Low,Mustard
102,40,37,20.7,43.38,7.11,169.85,Black Soil,Rabi,Banaskantha,Medium,Wheat
46,52,44,28.33,70.84,6.73,636.69,Loamy Soil,Kharif,Jamnagar,Medium,Groundnut
65,41,31,19.71,51.32,6.56,125.95,Loamy Soil,Rabi,Jamnagar,Low,Mustard
36,26,35,24.91,33.05,6.32,141.2,Loamy Soil,Rabi,Rajkot,Low,Cumin
83,43,53,18.5,51.65,6.92,213.21,Black Soil,Rabi,Banaskantha,Medium,Wheat
46,31,44,21.58,51.07,7.0,194.29,Loamy Soil,Rabi,Ahmedabad,Low,Mustard
47,27,34,31.78,59.16,5.96,522.25,Alluvial Soil,Kharif,Anand,Low,Castor
58,50,35,20.2,53.76,5.29,153.68,Sandy Soil,Rabi,Banaskantha,Low,Mustard
59,30,33,33.99,41.02,6.56,274.48,Loamy Soil,Kharif,Banaskantha,Low,Bajra
28,34,34,18.0,31.76,7.59,133.07,Alluvial Soil,Rabi,Jamnagar,Low,Cumin
37,52,24,25.24,72.72,6.28,650.39,Sandy Soil,Kharif,Bhavnagar,Medium,Groundnut
43,39,31,17.87,52.29,6.83,147.41,Sandy Soil,Rabi,Banaskantha,Low,Mustard
31,24,20,31.31,53.68,6.21,397.42,Sandy Soil,Kharif,Kutch,Low,Sesame
56,37,30,35.85,36.21,5.04,286.77,Sandy Soil,Kharif,Mehsana,Low,Bajra
87,40,44,19.81,44.5,5.83,214.91,Alluvial Soil,Rabi,Mehsana,Medium,Wheat
50,40,42,18.16,53.08,5.97,162.18,Sandy Soil,Rabi,Jamnagar,Low,Mustard
35,55,40,19.0,41.25,5.93,190.99,Black Soil,Rabi,Rajkot,Low,Gram
50,35,24,29.95,51.75,6.67,392.67,Loamy Soil,Kharif,Banaskantha,Low,Castor
88,46,49,20.89,48.08,6.42,267.47,Loamy Soil,Rabi,Banaskantha,Medium,Wheat
28,27,21,30.57,51.51,7.1,393.02,Loamy Soil,Kharif,Rajkot,Low,Sesame
96,39,41,21.38,46.09,7.06,215.82,Alluvial Soil,Rabi,Rajkot,Medium,Wheat
26,47,27,27.99,71.72,6.83,661.41,Loamy Soil,Kharif,Rajkot,Medium,Groundnut
98,49,39,30.56,58.26,6.45,760.1,Alluvial Soil,Kharif,Surat,High,Cotton
55,28,39,34.86,39.71,7.02,244.94,Sandy Soil,Kharif,Jamnagar,Low,Bajra
38,50,37,21.66,40.59,6.56,176.7,Clay Soil,Rabi,Jamnagar,Low,Gram
35,26,30,31.4,50.5,7.05,440.14,Loamy Soil,Kharif,Kutch,Low,Castor
101,49,45,34.23,69.47,5.85,855.32,Alluvial Soil,Kharif,Bhavnagar,Medium,Cotton
55,36,41,34.97,38.34,5.9,270.99,Loamy Soil,Kharif,Jamnagar,Low,Bajra
40,42,25,21.1,41.47,6.92,150.81,Black Soil,Rabi,Ahmedabad,Low,Gram
77,48,48,29.95,68.08,6.79,863.18,Red Soil,Kharif,Ahmedabad,High,Maize
34,51,45,24.93,39.88,7.37,209.42,Black Soil,Rabi,Jamnagar,Low,Gram
30,25,28,29.7,52.78,7.31,386.83,Alluvial Soil,Kharif,Rajkot,Low,Sesame
61,38,26,30.38,57.18,6.57,404.31,Sandy Soil,Kharif,Mehsana,Low,Castor
95,48,41,23.82,73.52,6.46,1095.57,Loamy Soil,Kharif,Anand,High,Maize
112,56,40,31.3,66.63,5.89,847.53,Black Soil,Kharif,Surat,High,Cotton
36,36,20,22.62,27.24,7.1,93.71,Sandy Soil,Rabi,Mehsana,Low,Cumin
37,33,32,24.22,35.27,6.87,133.11,Sandy Soil,Rabi,Jamnagar,Low,Cumin
56,26,26,29.14,58.37,6.27,471.88,Alluvial Soil,Kharif,Kutch,Low,Castor
32,29,30,22.85,36.14,6.43,121.49,Sandy Soil,Rabi,Kutch,Low,Cumin
77,38,36,19.73,51.17,6.29,207.17,Sandy Soil,Rabi,Mehsana,Low,Mustard
33,49,34,27.57,76.5,7.28,696.64,Loamy Soil,Kharif,Jamnagar,Medium,Groundnut
80,52,43,27.14,65.46,6.55,964.04,Loamy Soil,Kharif,Mehsana,High,Maize
34,28,24,28.95,53.41,6.66,369.6,Loamy Soil,Kharif,Junagadh,Low,Sesame
57,44,31,21.06,49.77,6.82,180.64,Loamy Soil,Rabi,Kutch,Low,Mustard
72,49,43,27.76,66.92,5.87,884.36,Loamy Soil,Kharif,Banaskantha,High,Maize
78,44,43,18.79,48.3,5.59,192.36,Black Soil,Rabi,Mehsana,Medium,Wheat
31,31,27,25.61,47.79,5.64,404.62,Loamy Soil,Kharif,Junagadh,Low,Sesame
27,42,34,28.61,75.88,7.1,635.72,Black Soil,Kharif,Jamnagar,Medium,Groundnut
56,38,27,32.89,56.38,6.68,462.46,Alluvial Soil,Kharif,Mehsana,Low,Castor
29,27,22,33.06,43.93,6.73,442.6,Loamy Soil,Kharif,Amreli,Low,Sesame
54,39,43,37.78,37.04,6.25,213.69,Loamy Soil,Kharif,Ahmedabad,Low,Bajra
44,31,25,33.54,42.24,6.17,258.21,Loamy Soil,Kharif,Kutch,Low,Bajra
106,49,41,25.81,70.82,6.6,898.92,Loamy Soil,Kharif,Banaskantha,High,Maize
61,45,33,20.78,54.13,7.73,212.23,Alluvial Soil,Rabi,Jamnagar,Low,Mustard
64,36,31,29.65,52.79,6.63,514.78,Alluvial Soil,Kharif,Mehsana,Low,Castor
82,39,43,18.7,48.99,6.47,220.92,Loamy Soil,Rabi,Anand,Medium,Wheat
35,29,29,20.74,34.19,6.7,117.87,Sandy Soil,Rabi,Jamnagar,Low,Cumin
63,35,39,19.17,55.12,7.27,161.55,Loamy Soil,Rabi,Mehsana,Low,Mustard
86,55,31,31.16,63.37,6.82,801.51,Black Soil,Kharif,Junagadh,High,Cotton
42,22,25,32.13,46.4,6.37,390.19,Loamy Soil,Kharif,Bhavnagar,Low,Sesame
56,33,38,31.18,50.0,6.41,305.77,Sandy Soil,Kharif,Mehsana,Low,Bajra
34,22,30,30.44,50.03,6.43,370.76,Sandy Soil,Kharif,Amreli,Low,Sesame
69,56,40,27.56,75.94,6.22,858.17,Red Soil,Kharif,Mehsana,High,Maize
33,28,26,28.58,51.39,6.75,397.55,Loamy Soil,Kharif,Kutch,Low,Sesame
56,33,30,18.98,53.25,6.16,130.92,Alluvial Soil,Rabi,Ahmedabad,Low,Mustard
32,35,27,22.44,34.41,6.67,134.67,Alluvial Soil,Rabi,Jamnagar,Low,Cumin
69,36,48,21.3,52.99,7.25,146.82,Alluvial Soil,Rabi,Kutch,Low,Mustard
37,50,36,19.49,42.82,6.67,158.12,Black Soil,Rabi,Ahmedabad,Low,Gram
36,27,26,21.96,32.25,6.73,107.68,Loamy Soil,Rabi,Banaskantha,Low,Cumin
39,29,23,26.05,30.63,6.12,132.01,Sandy Soil,Rabi,Jamnagar,Low,Cumin
59,48,34,15.83,51.37,6.5,166.85,Alluvial Soil,Rabi,Jamnagar,Low,Mustard
40,34,24,21.49,32.66,6.47,114.46,Sandy Soil,Rabi,Banaskantha,Low,Cumin
34,33,27,28.92,48.29,5.88,454.12,Alluvial Soil,Kharif,Amreli,Low,Sesame
36,51,33,24.92,38.78,6.89,199.55,Black Soil,Rabi,Rajkot,Low,Gram
71,39,40,33.13,37.88,6.73,314.74,Loamy Soil,Kharif,Mehsana,Low,Bajra
44,29,31,36.23,46.38,6.17,220.42,Loamy Soil,Kharif,Banaskantha,Low,Bajra
56,34,30,30.01,53.48,6.13,385.86,Alluvial Soil,Kharif,Anand,Low,Castor
112,49,47,32.08,67.83,5.38,759.55,Alluvial Soil,Kharif,Bhavnagar,High,Cotton
43,40,29,25.22,71.76,5.96,653.96,Black Soil,Kharif,Amreli,Medium,Groundnut
81,40,45,17.2,46.83,6.63,259.49,Loamy Soil,Rabi,Rajkot,Medium,Wheat
22,26,24,22.0,34.77,6.88,100.07,Sandy Soil,Rabi,Banaskantha,Low,Cumin
41,44,27,28.26,75.07,6.39,663.41,Black Soil,Kharif,Rajkot,Medium,Groundnut
88,58,40,27.07,67.84,6.65,862.1,Red Soil,Kharif,Anand,High,Maize
38,31,30,24.14,30.05,6.54,145.61,Loamy Soil,Rabi,Kutch,Low,Cumin
96,58,41,27.61,70.34,5.69,796.54,Red Soil,Kharif,Ahmedabad,High,Maize
47,47,18,27.86,51.36,7.39,417.77,Loamy Soil,Kharif,Banaskantha,Low,Castor
41,33,26,25.09,35.87,6.67,113.59,Alluvial Soil,Rabi,Kutch,Low,Cumin
81,46,42,19.78,50.7,6.46,269.31,Black Soil,Rabi,Ahmedabad,Medium,Wheat
43,30,35,33.55,36.42,5.58,305.55,Sandy Soil,Kharif,Ahmedabad,Low,Bajra
43,24,23,32.34,54.02,6.64,436.3,Sandy Soil,Kharif,Kutch,Low,Castor
61,36,40,21.27,54.83,6.81,204.44,Sandy Soil,Rabi,Kutch,Low,Mustard
35,26,30,28.83,35.54,6.56,271.31,Sandy Soil,Kharif,Ahmedabad,Low,Bajra
36,30,23,20.56,30.73,5.82,107.26,Alluvial Soil,Rabi,Banaskantha,Low,Cumin
37,25,26,28.97,47.58,6.47,360.79,Alluvial Soil,Kharif,Junagadh,Low,Sesame
84,44,38,27.4,66.85,6.58,883.6,Red Soil,Kharif,Anand,High,Maize
34,24,33,24.95,36.24,6.29,115.21,Sandy Soil,Rabi,Kutch,Low,Cumin
34,48,33,22.95,43.49,6.3,175.6,Black Soil,Rabi,Jamnagar,Low,Gram
28,44,28,21.21,42.64,7.33,154.26,Black Soil,Rabi,Vadodara,Low,Gram
35,26,26,30.28,50.32,6.13,418.47,Alluvial Soil,Kharif,Bhavnagar,Low,Sesame
42,34,21,29.08,53.29,6.01,505.03,Sandy Soil,Kharif,Rajkot,Low,Castor
53,56,32,24.0,75.59,6.23,609.93,Sandy Soil,Kharif,Amreli,Medium,Groundnut
36,29,26,22.51,36.87,6.03,102.35,Loamy Soil,Rabi,Jamnagar,Low,Cumin
29,30,27,21.85,33.6,5.82,129.61,Alluvial Soil,Rabi,Kutch,Low,Cumin
30,48,36,23.48,43.43,6.88,175.31,Clay Soil,Rabi,Junagadh,Low,Gram
41,48,34,26.62,74.13,6.71,596.47,Black Soil,Kharif,Junagadh,Medium,Groundnut
49,31,32,16.03,49.34,6.68,163.93,Alluvial Soil,Rabi,Mehsana,Low,Mustard
30,24,23,30.06,51.38,6.09,354.79,Sandy Soil,Kharif,Kutch,Low,Sesame
30,52,33,21.8,43.16,6.73,177.9,Black Soil,Rabi,Jamnagar,Low,Gram
32,27,28,28.16,52.12,5.73,346.82,Loamy Soil,Kharif,Rajkot,Low,Sesame
37,45,35,23.53,45.05,6.18,200.04,Black Soil,Rabi,Junagadh,Low,Gram
77,40,41,20.72,52.29,6.53,179.81,Alluvial Soil,Rabi,Mehsana,Low,Mustard
34,29,26,31.18,55.4,6.6,366.76,Sandy Soil,Kharif,Kutch,Low,Sesame
105,50,46,32.2,62.46,6.61,902.02,Alluvial Soil,Kharif,Bhavnagar,High,Cotton
84,43,40,20.09,50.19,6.09,242.71,Clay Soil,Rabi,Mehsana,Medium,Wheat
80,37,54,21.2,44.02,6.58,196.67,Clay Soil,Rabi,Banaskantha,Medium,Wheat
32,31,30,23.15,43.88,5.87,134.75,Alluvial Soil,Rabi,Rajkot,Low,Cumin
39,51,29,27.65,66.66,7.37,596.48,Loamy Soil,Kharif,Jamnagar,Medium,Groundnut
45,36,29,28.16,56.35,5.76,559.6,Sandy Soil,Kharif,Banaskantha,Low,Castor
57,38,17,27.78,62.2,7.09,420.85,Alluvial Soil,Kharif,Kutch,Low,Castor
75,60,51,30.0,60.07,7.34,750.84,Black Soil,Kharif,Amreli,High,Cotton
39,29,23,28.28,50.12,7.46,386.88,Loamy Soil,Kharif,Bhavnagar,Low,Sesame
102,45,53,32.76,62.65,5.73,790.34,Alluvial Soil,Kharif,Jamnagar,High,Cotton
97,50,49,33.09,67.87,6.21,788.86,Alluvial Soil,Kharif,Surat,Medium,Cotton
32,41,37,26.91,72.95,6.61,714.9,Sandy Soil,Kharif,Amreli,Medium,Groundnut
89,46,34,18.87,50.01,6.29,175.42,Black Soil,Rabi,Banaskantha,Medium,Wheat
87,52,41,27.48,73.11,6.0,917.66,Loamy Soil,Kharif,Ahmedabad,High,Maize
38,25,19,25.35,31.59,6.55,109.19,Loamy Soil,Rabi,Rajkot,Low,Cumin
100,56,44,32.19,64.85,6.04,792.42,Black Soil,Kharif,Bhavnagar,Medium,Cotton
80,50,34,33.83,61.38,7.13,863.06,Black Soil,Kharif,Junagadh,High,Cotton
42,60,27,23.81,39.73,6.12,180.22,Loamy Soil,Rabi,Jamnagar,Low,Gram
21,28,25,22.29,33.89,5.91,107.8,Loamy Soil,Rabi,Rajkot,Low,Cumin
42,45,33,30.23,72.41,6.88,752.58,Black Soil,Kharif,Amreli,Medium,Groundnut
97,58,54,30.36,66.99,6.85,780.16,Alluvial Soil,Kharif,Junagadh,High,Cotton
53,39,40,32.37,33.35,6.23,312.66,Sandy Soil,Kharif,Jamnagar,Low,Bajra
36,37,35,30.33,74.16,6.6,670.46,Sandy Soil,Kharif,Rajkot,Medium,Groundnut
42,26,32,30.75,49.5,6.34,397.83,Loamy Soil,Kharif,Bhavnagar,Low,Sesame
41,25,23,23.73,41.85,5.66,116.29,Alluvial Soil,Rabi,Mehsana,Low,Cumin
56,35,27,30.58,37.88,6.68,250.59,Loamy Soil,Kharif,Ahmedabad,Low,Bajra
92,59,56,30.91,60.15,6.65,763.51,Alluvial Soil,Kharif,Amreli,Medium,Cotton
43,41,39,30.06,74.01,7.18,653.24,Black Soil,Kharif,Jamnagar,Medium,Groundnut
32,52,35,23.64,46.22,6.65,189.83,Loamy Soil,Rabi,Rajkot,Low,Gram
49,47,28,19.27,50.41,6.31,137.22,Sandy Soil,Rabi,Jamnagar,Low,Mustard
58,28,28,35.31,33.32,6.67,219.53,Loamy Soil,Kharif,Banaskantha,Low,Bajra
53,36,26,30.46,56.43,7.22,575.01,Loamy Soil,Kharif,Anand,Low,Castor
51,40,28,29.78,52.68,6.69,465.93,Sandy Soil,Kharif,Mehsana,Low,Castor
29,24,23,28.66,46.18,6.21,387.31,Loamy Soil,Kharif,Kutch,Low,Sesame
27,38,30,22.04,41.95,5.82,107.86,Sandy Soil,Rabi,Rajkot,Low,Cumin
35,52,37,25.78,44.92,6.85,201.43,Black Soil,Rabi,Jamnagar,Low,Gram
31,35,26,22.52,31.8,6.51,101.3,Loamy Soil,Rabi,Rajkot,Low,Cumin
37,31,28,30.76,49.99,6.72,439.83,Loamy Soil,Kharif,Bhavnagar,Low,Sesame
98,49,49,20.08,50.94,6.69,257.12,Alluvial Soil,Rabi,Banaskantha,Medium,Wheat
39,42,33,28.68,71.07,6.58,711.81,Loamy Soil,Kharif,Amreli,Medium,Groundnut
104,43,44,21.02,48.35,5.71,203.3,Alluvial Soil,Rabi,Rajkot,Medium,Wheat
82,56,37,28.79,73.09,6.42,975.95,Alluvial Soil,Kharif,Vadodara,High,Maize
40,25,24,29.89,53.07,6.29,420.09,Alluvial Soil,Kharif,Rajkot,Low,Sesame
37,22,25,29.56,53.58,6.95,403.03,Alluvial Soil,Kharif,Rajkot,Low,Sesame
34,41,38,20.87,48.24,6.26,165.26,Clay Soil,Rabi,Ahmedabad,Low,Gram
34,44,32,21.77,42.13,6.86,158.93,Loamy Soil,Rabi,Jamnagar,Low,Gram
33,35,25,24.57,35.44,6.59,95.53,Sandy Soil,Rabi,Jamnagar,Low,Cumin
61,29,30,19.7,50.85,5.82,157.7,Loamy Soil,Rabi,Kutch,Low,Mustard
59,31,35,35.71,42.33,6.88,294.37,Sandy Soil,Kharif,Ahmedabad,Low,Bajra
82,52,36,29.16,69.39,6.88,963.99,Red Soil,Kharif,Vadodara,High,Maize
26,18,23,31.88,50.52,6.29,364.14,Loamy Soil,Kharif,Rajkot,Low,Sesame
30,50,31,24.73,39.54,6.47,148.83,Black Soil,Rabi,Rajkot,Low,Gram
65,43,29,17.88,54.81,6.11,178.94,Loamy Soil,Rabi,Banaskantha,Low,Mustard
30,52,28,23.84,41.81,6.85,175.86,Black Soil,Rabi,Jamnagar,Low,Gram
30,26,24,33.71,47.57,6.81,415.72,Loamy Soil,Kharif,Bhavnagar,Low,Sesame
27,29,31,22.96,34.97,6.35,127.18,Alluvial Soil,Rabi,Banaskantha,Low,Cumin
94,40,42,22.34,46.49,6.1,239.02,Clay Soil,Rabi,Banaskantha,Medium,Wheat
80,40,50,16.76,51.54,6.33,174.25,Loamy Soil,Rabi,Banaskantha,Medium,Wheat
42,50,34,18.36,42.98,6.5,141.1,Black Soil,Rabi,Rajkot,Low,Gram
31,24,23,29.59,44.47,5.88,357.66,Sandy Soil,Kharif,Amreli,Low,Sesame
54,29,29,30.48,36.93,6.71,273.01,Loamy Soil,Kharif,Jamnagar,Low,Bajra
43,21,21,29.48,51.48,6.08,519.53,Alluvial Soil,Kharif,Banaskantha,Low,Castor
33,31,26,25.37,29.0,6.72,138.58,Sandy Soil,Rabi,Jamnagar,Low,Cumin
99,53,43,33.56,61.08,6.74,878.79,Alluvial Soil,Kharif,Rajkot,Medium,Cotton
34,46,37,26.44,72.12,5.63,630.34,Loamy Soil,Kharif,Jamnagar,Medium,Groundnut
90,44,43,25.83,65.93,6.07,863.7,Alluvial Soil,Kharif,Mehsana,High,Maize
63,37,35,18.85,55.87,5.57,210.73,Alluvial Soil,Rabi,Jamnagar,Low,Mustard
87,56,35,18.15,47.16,6.4,181.68,Alluvial Soil,Rabi,Ahmedabad,Medium,Wheat
41,45,30,29.1,67.84,6.23,625.75,Sandy Soil,Kharif,Junagadh,Medium,Groundnut
79,53,45,27.01,63.91,7.36,885.82,Red Soil,Kharif,Anand,High,Maize
83,52,50,19.95,46.97,6.93,213.08,Alluvial Soil,Rabi,Anand,Medium,Wheat
58,38,34,21.09,50.28,5.53,149.86,Sandy Soil,Rabi,Banaskantha,Low,Mustard
53,43,41,17.87,48.67,5.92,162.27,Alluvial Soil,Rabi,Ahmedabad,Low,Mustard
30,51,35,29.05,73.97,6.58,723.03,Sandy Soil,Kharif,Bhavnagar,Medium,Groundnut
28,30,30,30.23,54.51,6.29,413.81,Loamy Soil,Kharif,Junagadh,Low,Sesame
49,29,31,31.07,58.06,5.89,506.77,Loamy Soil,Kharif,Banaskantha,Low,Castor
33,46,35,25.46,41.9,6.71,102.3,Clay Soil,Rabi,Junagadh,Low,Gram
42,37,32,32.54,53.51,6.82,445.25,Alluvial Soil,Kharif,Mehsana,Low,Castor
79,41,47,20.91,50.55,6.13,219.87,Black Soil,Rabi,Anand,Medium,Wheat
41,26,23,31.88,54.5,6.08,358.54,Loamy Soil,Kharif,Junagadh,Low,Sesame
58,41,28,32.93,54.72,6.97,525.78,Sandy Soil,Kharif,Anand,Low,Castor
94,55,58,33.09,64.84,6.41,776.22,Black Soil,Kharif,Bhavnagar,Medium,Cotton
52,39,28,31.41,56.69,6.83,472.11,Alluvial Soil,Kharif,Banaskantha,Low,Castor
106,46,39,29.6,57.59,6.24,779.93,Black Soil,Kharif,Surat,Medium,Cotton
82,52,40,25.62,70.01,6.76,920.62,Alluvial Soil,Kharif,Banaskantha,High,Maize
47,35,34,30.11,38.34,7.42,294.97,Loamy Soil,Kharif,Ahmedabad,Low,Bajra
62,33,32,20.24,47.94,5.79,154.44,Alluvial Soil,Rabi,Ahmedabad,Low,Mustard
27,51,36,18.13,36.33,6.27,205.76,Black Soil,Rabi,Ahmedabad,Low,Gram
89,53,51,20.94,49.39,5.85,222.1,Black Soil,Rabi,Banaskantha,Medium,Wheat
38,24,23,31.37,49.3,5.74,373.38,Loamy Soil,Kharif,Rajkot,Low,Sesame
55,35,35,30.5,56.9,6.07,390.91,Alluvial Soil,Kharif,Anand,Low,Castor
36,27,25,32.15,53.52,6.86,408.4,Loamy Soil,Kharif,Amreli,Low,Sesame
92,44,44,32.24,66.98,6.22,772.47,Black Soil,Kharif,Rajkot,Medium,Cotton
88,43,40,19.9,53.16,6.25,185.55,Black Soil,Rabi,Anand,Medium,Wheat
51,37,23,32.43,52.78,7.28,443.69,Loamy Soil,Kharif,Anand,Low,Castor
34,33,23,31.1,59.59,6.19,395.57,Sandy Soil,Kharif,Mehsana,Low,Castor
29,30,26,26.08,44.22,6.68,372.26,Loamy Soil,Kharif,Junagadh,Low,Sesame
49,44,35,27.7,76.67,6.16,619.29,Sandy Soil,Kharif,Jamnagar,Medium,Groundnut
31,48,34,21.06,46.64,6.16,211.66,Clay Soil,Rabi,Ahmedabad,Low,Gram
96,43,47,22.01,50.02,7.67,178.11,Loamy Soil,Rabi,Mehsana,Medium,Wheat
61,35,39,32.9,41.62,6.37,332.57,Sandy Soil,Kharif,Ahmedabad,Low,Bajra
34,42,27,25.58,74.3,6.61,650.52,Loamy Soil,Kharif,Bhavnagar,Medium,Groundnut
36,29,28,31.92,42.56,6.85,416.23,Sandy Soil,Kharif,Bhavnagar,Low,Sesame
40,43,34,27.13,70.97,6.24,717.65,Black Soil,Kharif,Junagadh,Medium,Groundnut
37,31,29,30.16,48.15,6.39,573.65,Sandy Soil,Kharif,Banaskantha,Low,Castor
34,48,33,24.64,73.57,6.7,651.01,Black Soil,Kharif,Junagadh,Medium,Groundnut
33,49,38,19.3,42.99,7.77,166.05,Black Soil,Rabi,Ahmedabad,Low,Gram
104,52,44,30.54,67.78,6.96,696.95,Black Soil,Kharif,Rajkot,Medium,Cotton
75,40,45,18.43,40.0,7.04,143.86,Clay Soil,Rabi,Banaskantha,Medium,Wheat
40,48,34,22.76,41.39,6.11,182.68,Black Soil,Rabi,Ahmedabad,Low,Gram
26,45,27,28.23,69.64,5.91,730.25,Sandy Soil,Kharif,Bhavnagar,Medium,Groundnut
30,32,28,28.6,52.9,6.21,377.87,Loamy Soil,Kharif,Rajkot,Low,Sesame
40,45,26,28.74,74.08,6.84,697.33,Black Soil,Kharif,Junagadh,Medium,Groundnut
80,44,41,17.19,47.04,6.55,242.28,Alluvial Soil,Rabi,Banaskantha,Medium,Wheat
38,38,33,26.87,74.16,7.6,610.67,Loamy Soil,Kharif,Bhavnagar,Medium,Groundnut
59,38,41,17.43,50.69,6.36,132.47,Alluvial Soil,Rabi,Jamnagar,Low,Mustard
38,35,25,23.76,33.46,6.11,92.03,Sandy Soil,Rabi,Rajkot,Low,Cumin
50,33,32,32.95,51.78,6.26,398.45,Sandy Soil,Kharif,Kutch,Low,Castor
40,34,21,30.0,52.63,6.36,391.37,Loamy Soil,Kharif,Junagadh,Low,Sesame
71,49,50,33.6,63.46,6.29,876.93,Black Soil,Kharif,Surat,High,Cotton
46,38,22,22.83,35.16,6.84,81.98,Sandy Soil,Rabi,Kutch,Low,Cumin
95,55,38,32.25,66.51,7.35,748.61,Black Soil,Kharif,Rajkot,Medium,Cotton
107,50,42,19.6,45.33,6.38,202.06,Alluvial Soil,Rabi,Banaskantha,Medium,Wheat
48,28,28,32.81,51.13,7.01,426.43,Alluvial Soil,Kharif,Mehsana,Low,Castor
58,29,34,27.98,54.3,7.15,475.34,Sandy Soil,Kharif,Anand,Low,Castor
53,35,27,31.02,53.45,6.69,441.26,Alluvial Soil,Kharif,Anand,Low,Castor
91,53,55,32.78,63.63,6.63,783.96,Black Soil,Kharif,Rajkot,High,Cotton
47,45,34,32.36,60.98,7.21,448.88,Sandy Soil,Kharif,Anand,Low,Castor
37,48,28,28.19,73.28,5.76,680.41,Sandy Soil,Kharif,Rajkot,Medium,Groundnut
29,34,21,29.42,43.28,6.11,425.87,Loamy Soil,Kharif,Rajkot,Low,Sesame
60,31,27,37.41,34.72,6.27,301.89,Sandy Soil,Kharif,Kutch,Low,Bajra
58,37,43,20.83,49.98,6.99,141.61,Sandy Soil,Rabi,Kutch,Low,Mustard
31,24,22,30.59,44.73,6.3,355.36,Alluvial Soil,Kharif,Amreli,Low,Sesame
81,46,43,27.09,73.55,6.29,767.94,Loamy Soil,Kharif,Mehsana,High,Maize
94,50,45,27.59,69.27,6.96,923.02,Red Soil,Kharif,Banaskantha,High,Maize
101,44,49,17.65,48.13,6.03,143.71,Alluvial Soil,Rabi,Rajkot,Medium,Wheat
51,33,32,31.11,37.88,6.53,218.71,Sandy Soil,Kharif,Jamnagar,Low,Bajra
66,45,38,27.26,67.97,7.58,829.49,Red Soil,Kharif,Mehsana,High,Maize
54,46,31,18.68,50.41,6.59,171.16,Loamy Soil,Rabi,Banaskantha,Low,Mustard
69,38,37,19.94,56.51,6.33,137.66,Loamy Soil,Rabi,Ahmedabad,Low,Mustard
27,32,28,24.39,33.92,6.94,130.77,Sandy Soil,Rabi,Mehsana,Low,Cumin
38,26,24,32.14,50.39,7.69,398.64,Loamy Soil,Kharif,Bhavnagar,Low,Sesame
71,42,46,20.14,46.99,6.84,196.36,Loamy Soil,Rabi,Rajkot,Medium,Wheat
91,47,45,18.51,47.51,6.14,173.99,Alluvial Soil,Rabi,Ahmedabad,Medium,Wheat
91,42,49,26.28,77.43,7.36,892.9,Alluvial Soil,Kharif,Ahmedabad,High,Maize
80,51,42,18.15,49.03,7.3,213.88,Loamy Soil,Rabi,Rajkot,Medium,Wheat
61,40,41,18.56,52.5,7.28,174.23,Alluvial Soil,Rabi,Mehsana,Low,Mustard
54,33,24,34.55,57.43,6.47,414.6,Sandy Soil,Kharif,Rajkot,Low,Castor
68,40,37,18.38,54.76,7.21,186.77,Alluvial Soil,Rabi,Ahmedabad,Low,Mustard
28,54,32,24.37,39.96,7.48,133.36,Black Soil,Rabi,Rajkot,Low,Gram
84,55,30,26.0,64.19,5.9,1060.31,Loamy Soil,Kharif,Banaskantha,High,Maize
44,17,26,30.28,51.18,6.22,400.1,Loamy Soil,Kharif,Rajkot,Low,Sesame
41,27,25,24.69,34.32,6.77,141.32,Loamy Soil,Rabi,Mehsana,Low,Cumin
81,42,51,21.84,44.63,6.62,185.64,Loamy Soil,Rabi,Banaskantha,Medium,Wheat
100,47,50,17.45,46.46,6.04,257.25,Black Soil,Rabi,Mehsana,Medium,Wheat
77,48,36,27.01,70.79,6.0,1029.35,Red Soil,Kharif,Vadodara,High,Maize
35,28,25,22.89,31.73,6.52,79.9,Loamy Soil,Rabi,Banaskantha,Low,Cumin
33,32,26,23.42,35.96,6.24,138.86,Sandy Soil,Rabi,Rajkot,Low,Cumin
53,30,29,29.88,53.8,5.88,456.58,Loamy Soil,Kharif,Rajkot,Low,Castor
29,39,36,29.16,73.41,5.64,632.08,Black Soil,Kharif,Junagadh,Medium,Groundnut
52,30,31,34.56,38.85,6.3,285.75,Loamy Soil,Kharif,Banaskantha,Low,Bajra
37,24,25,27.93,48.63,5.96,358.94,Loamy Soil,Kharif,Junagadh,Low,Sesame
32,25,24,24.89,36.74,6.53,137.99,Alluvial Soil,Rabi,Rajkot,Low,Cumin
72,45,49,17.07,48.62,7.17,262.93,Alluvial Soil,Rabi,Anand,Medium,Wheat
63,44,30,16.74,56.16,7.09,213.56,Sandy Soil,Rabi,Banaskantha,Low,Mustard
84,44,39,17.73,52.74,6.65,172.23,Clay Soil,Rabi,Anand,Medium,Wheat
51,35,31,31.79,41.88,6.89,230.13,Loamy Soil,Kharif,Mehsana,Low,Bajra
86,45,53,17.94,48.01,6.72,217.33,Clay Soil,Rabi,Banaskantha,Medium,Wheat
30,45,27,19.18,43.45,6.04,183.65,Loamy Soil,Rabi,Vadodara,Low,Gram
28,45,40,21.09,37.55,7.1,170.64,Black Soil,Rabi,Jamnagar,Low,Gram
33,48,41,23.15,45.59,7.48,153.91,Clay Soil,Rabi,Jamnagar,Low,Gram
39,32,29,24.36,35.4,6.67,83.14,Alluvial Soil,Rabi,Kutch,Low,Cumin
89,52,50,32.92,65.59,6.32,744.83,Black Soil,Kharif,Junagadh,Medium,Cotton
51,37,37,28.9,68.21,7.86,646.81,Sandy Soil,Kharif,Rajkot,Medium,Groundnut
53,38,33,18.4,54.5,6.94,176.52,Sandy Soil,Rabi,Jamnagar,Low,Mustard
43,48,38,29.18,72.1,5.94,733.39,Black Soil,Kharif,Bhavnagar,Medium,Groundnut
36,42,33,28.61,65.0,7.01,721.82,Black Soil,Kharif,Bhavnagar,Medium,Groundnut
48,24,31,33.41,47.73,5.79,458.37,Alluvial Soil,Kharif,Mehsana,Low,Castor
43,41,28,26.91,71.36,6.32,758.28,Black Soil,Kharif,Rajkot,Medium,Groundnut
92,41,43,20.88,50.17,5.93,148.97,Black Soil,Rabi,Rajkot,Medium,Wheat
109,58,55,30.86,66.58,6.82,768.39,Alluvial Soil,Kharif,Junagadh,High,Cotton
32,48,38,30.54,79.66,6.05,791.21,Loamy Soil,Kharif,Jamnagar,Medium,Groundnut
40,32,25,20.63,32.85,6.51,94.12,Sandy Soil,Rabi,Kutch,Low,Cumin
100,47,46,27.59,65.29,6.04,1003.41,Red Soil,Kharif,Anand,High,Maize
28,54,36,19.06,39.89,6.51,117.32,Loamy Soil,Rabi,Rajkot,Low,Gram
48,35,29,30.26,56.83,6.53,416.22,Alluvial Soil,Kharif,Rajkot,Low,Castor
34,39,33,27.85,72.01,7.2,677.46,Sandy Soil,Kharif,Bhavnagar,Medium,Groundnut
35,33,29,20.78,36.26,6.55,109.13,Loamy Soil,Rabi,Mehsana,Low,Cumin
92,50,32,20.24,46.35,6.73,170.12,Alluvial Soil,Rabi,Banaskantha,Medium,Wheat
44,32,29,23.03,38.4,5.97,149.06,Loamy Soil,Rabi,Jamnagar,Low,Cumin
43,29,22,21.13,33.68,8.37,146.91,Loamy Soil,Rabi,Jamnagar,Low,Cumin
33,27,27,21.65,31.42,7.07,129.55,Loamy Soil,Rabi,Kutch,Low,Cumin
90,37,42,24.01,71.7,5.45,887.97,Alluvial Soil,Kharif,Mehsana,High,Maize
30,44,37,23.16,43.78,6.35,202.34,Clay Soil,Rabi,Rajkot,Low,Gram
56,54,32,28.52,75.9,6.43,617.17,Sandy Soil,Kharif,Rajkot,Medium,Groundnut
56,37,31,21.0,50.59,6.21,173.82,Loamy Soil,Rabi,Ahmedabad,Low,Mustard
66,48,43,19.17,46.71,6.62,174.91,Clay Soil,Rabi,Rajkot,Medium,Wheat
35,58,41,22.1,45.59,6.11,170.2,Loamy Soil,Rabi,Junagadh,Low,Gram
90,48,46,19.4,44.18,6.36,220.78,Loamy Soil,Rabi,Anand,Medium,Wheat
104,64,39,32.25,62.79,6.71,801.28,Alluvial Soil,Kharif,Jamnagar,High,Cotton
75,46,56,18.92,51.42,6.12,207.18,Clay Soil,Rabi,Ahmedabad,Medium,Wheat
101,42,49,22.59,44.83,6.65,291.63,Loamy Soil,Rabi,Banaskantha,Medium,Wheat
53,39,30,15.72,50.24,6.37,205.41,Alluvial Soil,Rabi,Mehsana,Low,Mustard
104,43,41,19.98,44.82,6.41,199.73,Alluvial Soil,Rabi,Ahmedabad,Medium,Wheat
88,38,43,19.35,44.42,6.68,209.33,Clay Soil,Rabi,Rajkot,Medium,Wheat
44,33,33,29.82,56.82,7.13,503.66,Alluvial Soil,Kharif,Banaskantha,Low,Castor
33,33,23,30.3,58.39,5.8,567.68,Sandy Soil,Kharif,Rajkot,Low,Castor
84,40,41,18.97,46.28,6.17,269.96,Black Soil,Rabi,Ahmedabad,Medium,Wheat
43,39,33,23.91,36.27,6.27,131.67,Loamy Soil,Rabi,Jamnagar,Low,Cumin
76,49,41,27.0,66.98,7.0,955.6,Red Soil,Kharif,Banaskantha,High,Maize
35,30,25,31.09,48.51,6.68,443.63,Loamy Soil,Kharif,Rajkot,Low,Sesame
46,36,25,33.09,48.42,6.82,445.76,Alluvial Soil,Kharif,Mehsana,Low,Castor
32,29,24,28.99,53.49,6.63,327.19,Alluvial Soil,Kharif,Rajkot,Low,Sesame
71,39,26,16.45,52.02,6.65,188.29,Alluvial Soil,Rabi,Mehsana,Low,Mustard
89,53,43,27.86,66.96,6.58,868.24,Loamy Soil,Kharif,Banaskantha,High,Maize
26,41,34,28.86,70.8,6.35,620.13,Black Soil,Kharif,Junagadh,Medium,Groundnut
39,57,28,22.61,44.34,5.8,200.47,Black Soil,Rabi,Ahmedabad,Low,Gram
100,43,47,21.63,48.05,6.44,206.46,Alluvial Soil,Rabi,Mehsana,Medium,Wheat
39,30,29,24.17,32.39,6.91,100.71,Loamy Soil,Rabi,Banaskantha,Low,Cumin
62,37,40,33.82,35.06,6.67,272.01,Loamy Soil,Kharif,Ahmedabad,Low,Bajra
27,40,26,27.38,73.64,6.38,620.51,Loamy Soil,Kharif,Junagadh,Medium,Groundnut
48,40,43,24.32,41.04,7.44,186.66,Loamy Soil,Rabi,Junagadh,Low,Gram
54,41,29,28.41,48.07,6.61,461.27,Sandy Soil,Kharif,Mehsana,Low,Castor
32,32,24,28.0,46.4,6.1,471.52,Alluvial Soil,Kharif,Junagadh,Low,Sesame
25,24,24,30.21,52.05,7.11,375.15,Loamy Soil,Kharif,Amreli,Low,Sesame
109,46,50,31.64,67.82,5.44,793.39,Alluvial Soil,Kharif,Junagadh,High,Cotton
35,35,30,22.87,38.31,6.52,125.3,Sandy Soil,Rabi,Mehsana,Low,Cumin
50,42,39,29.19,72.11,5.59,649.03,Black Soil,Kharif,Jamnagar,Medium,Groundnut
53,36,25,31.47,50.99,7.16,405.2,Sandy Soil,Kharif,Mehsana,Low,Castor
38,32,21,22.5,34.66,6.97,134.87,Loamy Soil,Rabi,Jamnagar,Low,Cumin
98,53,41,27.69,67.72,7.06,974.22,Loamy Soil,Kharif,Anand,High,Maize
34,35,24,21.67,37.0,6.08,118.28,Alluvial Soil,Rabi,Jamnagar,Low,Cumin
106,64,40,32.63,61.91,6.78,738.75,Black Soil,Kharif,Amreli,Medium,Cotton
68,43,28,17.64,53.21,6.58,202.06,Sandy Soil,Rabi,Banaskantha,Low,Mustard
59,34,31,31.25,58.37,5.98,403.98,Loamy Soil,Kharif,Mehsana,Low,Castor
35,49,39,20.38,40.55,5.58,183.13,Black Soil,Rabi,Rajkot,Low,Gram
38,36,27,21.36,35.79,6.21,129.16,Loamy Soil,Rabi,Mehsana,Low,Cumin
40,55,35,20.73,42.5,6.0,194.65,Loamy Soil,Rabi,Rajkot,Low,Gram
42,41,33,23.04,34.84,7.05,98.58,Sandy Soil,Rabi,Mehsana,Low,Cumin
57,47,42,16.02,52.58,6.23,157.62,Sandy Soil,Rabi,Ahmedabad,Low,Mustard
50,44,25,29.72,56.63,6.2,425.81,Loamy Soil,Kharif,Banaskantha,Low,Castor
48,46,30,27.65,54.19,6.49,394.62,Alluvial Soil,Kharif,Banaskantha,Low,Castor
103,50,43,19.91,50.6,6.92,151.23,Black Soil,Rabi,Mehsana,Medium,Wheat
102,48,58,32.63,61.03,6.83,735.02,Black Soil,Kharif,Surat,High,Cotton
91,44,54,18.08,51.94,6.52,138.81,Alluvial Soil,Rabi,Banaskantha,Medium,Wheat
38,42,32,27.21,73.32,6.23,673.43,Black Soil,Kharif,Rajkot,Medium,Groundnut
87,53,53,31.5,69.5,7.15,910.92,Black Soil,Kharif,Rajkot,Medium,Cotton
43,53,42,19.35,42.98,6.0,152.47,Black Soil,Rabi,Junagadh,Low,Gram
95,43,45,19.76,46.62,6.53,187.49,Clay Soil,Rabi,Rajkot,Medium,Wheat
38,41,32,26.12,72.31,7.25,619.45,Loamy Soil,Kharif,Junagadh,Medium,Groundnut
43,52,35,29.08,73.24,5.75,597.77,Sandy Soil,Kharif,Jamnagar,Medium,Groundnut
96,38,52,19.15,48.11,6.78,219.69,Alluvial Soil,Rabi,Banaskantha,Medium,Wheat
80,49,47,28.3,71.46,6.82,912.01,Red Soil,Kharif,Vadodara,High,Maize
85,44,43,21.78,50.65,5.88,182.24,Clay Soil,Rabi,Anand,Medium,Wheat
89,56,55,32.93,65.95,6.01,743.54,Alluvial Soil,Kharif,Rajkot,High,Cotton
58,39,27,30.31,59.22,6.85,450.9,Alluvial Soil,Kharif,Mehsana,Low,Castor
41,43,36,31.42,42.66,6.21,313.12,Loamy Soil,Kharif,Jamnagar,Low,Bajra
51,36,32,27.2,53.92,6.77,537.56,Loamy Soil,Kharif,Kutch,Low,Castor
67,36,34,36.12,41.81,6.72,253.16,Sandy Soil,Kharif,Jamnagar,Low,Bajra
47,45,30,29.39,72.8,6.12,707.75,Sandy Soil,Kharif,Junagadh,Medium,Groundnut
87,49,46,26.05,70.9,6.43,859.02,Red Soil,Kharif,Ahmedabad,High,Maize
99,50,54,33.26,62.42,6.7,735.22,Black Soil,Kharif,Surat,Medium,Cotton
53,40,33,19.04,52.87,6.05,160.56,Sandy Soil,Rabi,Kutch,Low,Mustard
56,37,40,30.45,42.48,6.69,259.55,Sandy Soil,Kharif,Mehsana,Low,Bajra
63,41,29,33.58,37.96,6.95,288.87,Loamy Soil,Kharif,Jamnagar,Low,Bajra
68,38,37,19.34,54.26,7.34,184.14,Loamy Soil,Rabi,Banaskantha,Low,Mustard
48,40,30,34.54,44.38,6.04,275.34,Sandy Soil,Kharif,Banaskantha,Low,Bajra
76,45,45,27.12,72.9,7.0,851.6,Alluvial Soil,Kharif,Anand,High,Maize
72,49,46,30.02,69.21,6.44,933.36,Loamy Soil,Kharif,Vadodara,High,Maize
34,31,28,25.51,35.71,6.81,67.47,Loamy Soil,Rabi,Rajkot,Low,Cumin
95,45,44,21.32,46.57,6.68,173.2,Loamy Soil,Rabi,Ahmedabad,Medium,Wheat
29,48,27,27.55,76.17,5.8,573.37,Sandy Soil,Kharif,Rajkot,Medium,Groundnut
32,17,25,29.5,47.61,6.55,399.82,Loamy Soil,Kharif,Amreli,Low,Sesame
30,43,37,19.21,41.19,6.38,190.39,Black Soil,Rabi,Ahmedabad,Low,Gram
96,54,44,30.87,63.05,6.26,823.97,Alluvial Soil,Kharif,Amreli,High,Cotton
62,30,32,38.08,43.27,6.54,310.03,Sandy Soil,Kharif,Kutch,Low,Bajra
59,46,22,19.9,55.08,6.16,194.92,Loamy Soil,Rabi,Jamnagar,Low,Mustard
32,47,33,23.43,40.93,6.31,191.08,Loamy Soil,Rabi,Junagadh,Low,Gram
70,39,26,19.44,49.43,6.63,203.08,Alluvial Soil,Rabi,Kutch,Low,Mustard
55,47,29,33.14,37.42,6.18,311.4,Sandy Soil,Kharif,Kutch,Low,Bajra
104,64,54,33.53,60.37,6.88,796.46,Black Soil,Kharif,Rajkot,High,Cotton
55,27,36,16.38,54.84,6.48,156.61,Loamy Soil,Rabi,Mehsana,Low,Mustard
33,32,31,21.63,40.67,6.82,158.79,Sandy Soil,Rabi,Banaskantha,Low,Cumin
35,21,21,27.86,45.96,6.26,435.4,Loamy Soil,Kharif,Bhavnagar,Low,Sesame
68,36,35,19.55,48.86,5.96,209.29,Sandy Soil,Rabi,Mehsana,Low,Mustard
27,29,25,21.8,29.18,7.32,128.92,Alluvial Soil,Rabi,Jamnagar,Low,Cumin
45,27,24,20.36,34.27,5.63,140.69,Alluvial Soil,Rabi,Jamnagar,Low,Cumin
77,49,36,26.01,69.84,5.72,933.76,Alluvial Soil,Kharif,Banaskantha,High,Maize
32,40,25,26.71,34.46,6.45,108.62,Sandy Soil,Rabi,Jamnagar,Low,Cumin
30,34,23,24.24,35.82,6.35,129.44,Sandy Soil,Rabi,Jamnagar,Low,Cumin
87,48,30,21.49,47.11,6.57,189.32,Loamy Soil,Rabi,Banaskantha,Medium,Wheat
46,27,27,30.04,55.4,6.29,410.98,Alluvial Soil,Kharif,Amreli,Low,Sesame
65,31,32,36.81,38.2,7.06,237.08,Loamy Soil,Kharif,Jamnagar,Low,Bajra
90,46,49,21.19,46.49,6.75,216.42,Clay Soil,Rabi,Rajkot,Medium,Wheat
30,52,41,22.31,41.44,6.21,184.57,Clay Soil,Rabi,Jamnagar,Low,Gram
45,31,26,28.17,56.51,6.15,479.43,Loamy Soil,Kharif,Mehsana,Low,Castor
43,46,31,30.44,73.73,6.02,662.42,Black Soil,Kharif,Bhavnagar,Medium,Groundnut
37,24,28,30.07,46.41,7.75,386.07,Sandy Soil,Kharif,Rajkot,Low,Sesame
55,28,31,33.87,45.46,6.35,283.33,Loamy Soil,Kharif,Mehsana,Low,Bajra
93,53,44,25.03,79.62,7.03,934.47,Red Soil,Kharif,Vadodara,High,Maize
33,27,19,23.21,35.42,6.81,132.66,Alluvial Soil,Rabi,Kutch,Low,Cumin
79,45,47,20.45,47.35,6.38,215.05,Clay Soil,Rabi,Ahmedabad,Medium,Wheat
87,55,36,29.27,67.46,6.75,796.17,Alluvial Soil,Kharif,Amreli,High,Cotton
38,24,22,23.53,29.17,6.05,80.5,Loamy Soil,Rabi,Kutch,Low,Cumin
39,35,27,23.53,34.72,5.44,124.97,Loamy Soil,Rabi,Banaskantha,Low,Cumin
86,56,38,29.24,73.9,5.89,942.04,Loamy Soil,Kharif,Ahmedabad,High,Maize
56,28,23,27.86,46.05,6.92,521.48,Sandy Soil,Kharif,Mehsana,Low,Castor
26,20,24,33.0,56.26,6.35,368.28,Loamy Soil,Kharif,Bhavnagar,Low,Sesame
92,44,50,21.05,50.8,5.94,173.86,Clay Soil,Rabi,Banaskantha,Medium,Wheat
43,28,42,34.64,39.18,7.13,243.77,Sandy Soil,Kharif,Jamnagar,Low,Bajra
86,50,52,20.58,44.16,7.13,224.13,Black Soil,Rabi,Anand,Medium,Wheat
95,51,44,27.16,72.56,6.74,896.37,Red Soil,Kharif,Anand,High,Maize
37,35,32,23.82,35.24,5.96,120.9,Loamy Soil,Rabi,Kutch,Low,Cumin
59,42,40,20.59,51.04,6.22,205.01,Sandy Soil,Rabi,Kutch,Low,Mustard
50,33,32,35.53,39.18,6.66,275.31,Loamy Soil,Kharif,Mehsana,Low,Bajra
47,41,23,30.84,57.8,6.85,558.21,Alluvial Soil,Kharif,Mehsana,Low,Castor
47,39,29,31.74,36.24,6.57,236.22,Loamy Soil,Kharif,Kutch,Low,Bajra
45,40,34,30.08,56.01,5.95,486.86,Sandy Soil,Kharif,Rajkot,Low,Castor
47,35,22,33.46,43.58,6.14,282.37,Loamy Soil,Kharif,Jamnagar,Low,Bajra
82,44,51,20.14,45.57,6.82,187.1,Alluvial Soil,Rabi,Banaskantha,Medium,Wheat
38,34,35,23.06,35.17,6.67,91.88,Loamy Soil,Rabi,Banaskantha,Low,Cumin
96,43,42,32.52,66.94,6.49,877.12,Black Soil,Kharif,Bhavnagar,Medium,Cotton
110,44,44,15.65,46.38,6.93,252.13,Black Soil,Rabi,Anand,Medium,Wheat
58,30,27,36.63,42.91,6.69,223.4,Sandy Soil,Kharif,Kutch,Low,Bajra
102,57,44,32.54,66.84,6.72,744.96,Black Soil,Kharif,Bhavnagar,High,Cotton
101,54,47,29.22,65.53,7.61,776.0,Alluvial Soil,Kharif,Vadodara,High,Cotton
56,36,25,28.64,58.3,6.75,425.34,Loamy Soil,Kharif,Mehsana,Low,Castor
36,23,22,28.25,47.92,6.83,369.88,Alluvial Soil,Kharif,Amreli,Low,Sesame
85,49,43,29.0,72.82,6.51,1013.42,Red Soil,Kharif,Anand,High,Maize
36,39,30,27.87,71.53,6.39,666.7,Loamy Soil,Kharif,Jamnagar,Medium,Groundnut
85,51,36,28.34,70.39,6.6,838.83,Loamy Soil,Kharif,Anand,High,Maize
68,45,31,17.15,52.91,5.88,82.7,Alluvial Soil,Rabi,Jamnagar,Low,Mustard
31,30,20,29.08,52.97,6.84,373.26,Alluvial Soil,Kharif,Amreli,Low,Sesame
35,49,32,27.3,74.05,6.14,681.91,Loamy Soil,Kharif,Jamnagar,Medium,Groundnut
99,56,53,31.0,58.44,6.49,819.57,Black Soil,Kharif,Jamnagar,Medium,Cotton
38,57,34,21.77,43.02,6.26,199.69,Black Soil,Rabi,Ahmedabad,Low,Gram
34,53,36,20.96,43.47,6.54,178.2,Black Soil,Rabi,Vadodara,Low,Gram
47,35,27,32.2,51.8,6.08,397.1,Loamy Soil,Kharif,Kutch,Low,Castor
39,35,26,25.98,60.39,6.34,437.04,Alluvial Soil,Kharif,Banaskantha,Low,Castor
103,49,51,30.57,70.73,6.05,814.62,Black Soil,Kharif,Junagadh,Medium,Cotton
77,55,46,26.32,69.59,7.21,824.43,Loamy Soil,Kharif,Ahmedabad,High,Maize
91,45,36,20.04,50.39,7.07,222.28,Clay Soil,Rabi,Anand,Medium,Wheat
29,44,22,22.33,43.08,6.02,168.0,Black Soil,Rabi,Vadodara,Low,Gram
112,58,43,30.24,64.32,6.1,795.77,Black Soil,Kharif,Bhavnagar,Medium,Cotton
33,28,26,31.6,45.61,6.85,345.12,Loamy Soil,Kharif,Rajkot,Low,Sesame
39,45,39,20.04,42.19,6.47,156.16,Black Soil,Rabi,Junagadh,Low,Gram
62,44,33,33.8,35.59,6.25,341.83,Loamy Soil,Kharif,Mehsana,Low,Bajra
103,63,46,30.87,62.83,5.96,747.68,Black Soil,Kharif,Rajkot,High,Cotton
28,23,30,29.68,49.7,7.05,420.09,Sandy Soil,Kharif,Junagadh,Low,Sesame
86,38,46,22.33,46.31,6.84,223.19,Clay Soil,Rabi,Mehsana,Medium,Wheat
28,48,38,20.56,47.21,5.06,168.8,Clay Soil,Rabi,Rajkot,Low,Gram
46,50,40,25.64,69.43,6.1,626.51,Loamy Soil,Kharif,Jamnagar,Medium,Groundnut
69,36,34,18.59,59.44,6.05,181.54,Alluvial Soil,Rabi,Kutch,Low,Mustard
40,30,33,24.79,34.57,5.69,63.72,Sandy Soil,Rabi,Kutch,Low,Cumin
46,47,39,30.24,71.64,7.75,651.22,Sandy Soil,Kharif,Amreli,Medium,Groundnut
70,42,46,26.01,69.47,6.88,889.46,Red Soil,Kharif,Ahmedabad,High,Maize
106,55,52,32.44,74.78,5.99,685.96,Black Soil,Kharif,Vadodara,Medium,Cotton
90,41,49,19.12,49.0,6.37,252.13,Loamy Soil,Rabi,Mehsana,Medium,Wheat
61,42,37,18.87,52.62,6.47,166.0,Sandy Soil,Rabi,Kutch,Low,Mustard
36,30,27,31.51,53.06,6.29,439.84,Sandy Soil,Kharif,Rajkot,Low,Sesame
101,41,48,18.25,52.46,6.1,170.59,Clay Soil,Rabi,Anand,Medium,Wheat
29,52,35,21.32,44.89,6.37,208.35,Loamy Soil,Rabi,Ahmedabad,Low,Gram
97,51,49,32.11,57.6,6.39,743.24,Black Soil,Kharif,Rajkot,High,Cotton
78,46,44,27.27,69.55,6.85,925.26,Red Soil,Kharif,Mehsana,High,Maize
33,56,39,21.34,41.4,6.14,195.44,Loamy Soil,Rabi,Jamnagar,Low,Gram
41,46,31,27.5,80.0,6.95,670.66,Loamy Soil,Kharif,Amreli,Medium,Groundnut
35,32,26,23.89,32.79,6.77,146.02,Sandy Soil,Rabi,Mehsana,Low,Cumin
38,40,38,20.88,41.49,6.94,193.31,Clay Soil,Rabi,Rajkot,Low,Gram
45,39,32,15.81,49.69,6.26,178.23,Loamy Soil,Rabi,Jamnagar,Low,Mustard
44,38,31,30.44,56.38,5.77,518.11,Loamy Soil,Kharif,Kutch,Low,Castor
90,44,48,25.06,73.64,6.22,910.93,Alluvial Soil,Kharif,Mehsana,High,Maize
39,44,29,29.26,72.69,6.41,612.63,Loamy Soil,Kharif,Bhavnagar,Medium,Groundnut
66,38,37,19.01,52.15,6.17,188.8,Sandy Soil,Rabi,Jamnagar,Low,Mustard
49,38,27,27.83,53.39,6.59,344.66,Alluvial Soil,Kharif,Banaskantha,Low,Castor
79,45,40,20.14,51.23,6.43,204.34,Clay Soil,Rabi,Ahmedabad,Medium,Wheat
84,45,41,26.15,71.91,6.08,937.64,Alluvial Soil,Kharif,Banaskantha,High,Maize
91,41,44,20.19,49.77,6.67,187.34,Alluvial Soil,Rabi,Anand,Medium,Wheat
36,23,23,30.03,50.42,5.83,388.63,Sandy Soil,Kharif,Kutch,Low,Sesame
91,52,38,33.53,64.32,7.06,764.9,Black Soil,Kharif,Surat,Medium,Cotton
49,28,32,28.67,57.62,6.06,485.21,Alluvial Soil,Kharif,Mehsana,Low,Castor
37,28,18,30.06,54.72,7.25,422.75,Loamy Soil,Kharif,Bhavnagar,Low,Sesame
91,57,48,26.36,73.45,6.62,974.48,Red Soil,Kharif,Ahmedabad,High,Maize
100,54,54,30.22,63.84,6.11,825.28,Black Soil,Kharif,Rajkot,High,Cotton
51,45,35,15.43,50.39,6.3,131.87,Alluvial Soil,Rabi,Kutch,Low,Mustard
76,40,50,20.53,46.12,6.86,229.59,Clay Soil,Rabi,Rajkot,Medium,Wheat
45,36,30,32.25,55.15,6.39,447.24,Alluvial Soil,Kharif,Anand,Low,Castor
50,37,26,30.63,54.71,5.38,384.46,Sandy Soil,Kharif,Mehsana,Low,Castor
43,28,26,28.57,54.88,6.75,445.48,Alluvial Soil,Kharif,Junagadh,Low,Sesame
57,31,32,31.76,39.6,6.29,280.69,Sandy Soil,Kharif,Jamnagar,Low,Bajra
34,53,31,26.66,71.6,5.85,721.69,Loamy Soil,Kharif,Junagadh,Medium,Groundnut
23,36,31,25.07,37.12,6.5,109.4,Alluvial Soil,Rabi,Banaskantha,Low,Cumin
105,37,47,32.44,68.08,5.99,805.71,Black Soil,Kharif,Junagadh,Medium,Cotton
28,48,26,21.76,40.43,5.92,174.38,Loamy Soil,Rabi,Jamnagar,Low,Gram
38,23,27,30.48,46.09,6.67,424.97,Alluvial Soil,Kharif,Amreli,Low,Sesame
54,38,33,36.32,38.96,6.63,289.33,Loamy Soil,Kharif,Jamnagar,Low,Bajra
39,26,18,29.84,47.89,6.27,413.78,Alluvial Soil,Kharif,Junagadh,Low,Sesame
89,50,37,32.53,67.16,6.26,904.93,Alluvial Soil,Kharif,Junagadh,High,Cotton
40,43,27,26.72,70.02,6.36,747.6,Loamy Soil,Kharif,Amreli,Medium,Groundnut
89,55,44,26.1,80.0,7.1,962.22,Alluvial Soil,Kharif,Anand,High,Maize
28,49,40,24.92,43.19,7.17,163.5,Loamy Soil,Rabi,Junagadh,Low,Gram
30,40,36,22.09,40.69,5.36,134.8,Alluvial Soil,Rabi,Banaskantha,Low,Cumin
94,49,52,30.53,65.74,7.11,765.79,Alluvial Soil,Kharif,Surat,Medium,Cotton
31,29,29,28.4,48.63,6.47,394.93,Sandy Soil,Kharif,Kutch,Low,Sesame
36,25,25,25.97,29.7,6.28,111.42,Alluvial Soil,Rabi,Jamnagar,Low,Cumin
75,53,40,24.55,70.49,6.08,794.82,Alluvial Soil,Kharif,Vadodara,High,Maize
68,37,34,18.27,50.04,5.98,173.75,Sandy Soil,Rabi,Banaskantha,Low,Mustard
58,38,26,35.16,40.43,6.04,242.13,Loamy Soil,Kharif,Banaskantha,Low,Bajra
90,48,39,24.66,64.27,6.15,959.2,Loamy Soil,Kharif,Mehsana,High,Maize
77,45,46,27.64,72.53,6.06,774.82,Loamy Soil,Kharif,Ahmedabad,High,Maize
64,33,27,32.91,37.09,6.21,250.25,Sandy Soil,Kharif,Mehsana,Low,Bajra
50,39,25,29.48,66.81,6.4,800.0,Black Soil,Kharif,Bhavnagar,Medium,Groundnut
36,49,37,21.0,39.75,6.7,181.7,Black Soil,Rabi,Rajkot,Low,Gram
53,32,25,17.73,51.59,6.85,161.31,Loamy Soil,Rabi,Ahmedabad,Low,Mustard
66,36,23,20.49,52.48,6.98,167.61,Sandy Soil,Rabi,Mehsana,Low,Mustard
31,49,41,22.88,42.15,6.15,191.84,Black Soil,Rabi,Jamnagar,Low,Gram
30,33,28,28.3,50.69,6.39,438.07,Alluvial Soil,Kharif,Rajkot,Low,Sesame
51,33,37,20.28,51.52,6.51,152.26,Alluvial Soil,Rabi,Jamnagar,Low,Mustard
38,46,32,22.72,45.26,5.67,176.44,Loamy Soil,Rabi,Jamnagar,Low,Gram
40,47,35,21.71,48.18,6.12,165.38,Clay Soil,Rabi,Rajkot,Low,Gram
94,47,47,32.58,63.69,6.77,820.43,Alluvial Soil,Kharif,Jamnagar,High,Cotton
108,59,41,26.25,80.0,5.96,896.33,Alluvial Soil,Kharif,Mehsana,High,Maize
38,59,43,24.68,43.68,6.86,148.03,Loamy Soil,Rabi,Ahmedabad,Low,Gram
105,51,49,31.19,65.29,6.42,877.85,Alluvial Soil,Kharif,Vadodara,Medium,Cotton
22,34,28,20.72,36.45,6.72,108.45,Loamy Soil,Rabi,Jamnagar,Low,Cumin
84,30,38,20.44,47.58,7.29,251.51,Loamy Soil,Rabi,Anand,Medium,Wheat
29,47,24,19.52,42.46,6.98,166.08,Black Soil,Rabi,Vadodara,Low,Gram
59,40,41,31.05,42.56,6.92,250.81,Loamy Soil,Kharif,Mehsana,Low,Bajra
38,25,26,30.24,60.0,6.35,373.83,Sandy Soil,Kharif,Amreli,Low,Sesame
40,25,28,25.94,47.95,5.83,411.25,Alluvial Soil,Kharif,Amreli,Low,Sesame
25,26,26,30.03,57.28,6.71,391.05,Alluvial Soil,Kharif,Kutch,Low,Sesame
108,47,45,31.4,59.01,6.33,848.86,Black Soil,Kharif,Rajkot,High,Cotton
38,33,25,23.39,35.55,6.37,117.52,Loamy Soil,Rabi,Kutch,Low,Cumin
105,56,40,30.0,62.51,6.17,850.23,Alluvial Soil,Kharif,Rajkot,High,Cotton
101,47,48,18.74,49.59,6.96,177.71,Loamy Soil,Rabi,Anand,Medium,Wheat
56,35,32,35.15,36.9,5.82,254.16,Loamy Soil,Kharif,Banaskantha,Low,Bajra
96,47,38,26.86,65.67,6.62,845.28,Loamy Soil,Kharif,Banaskantha,High,Maize
39,34,26,23.71,34.66,6.65,128.03,Alluvial Soil,Rabi,Banaskantha,Low,Cumin
45,26,28,25.77,35.69,5.7,175.07,Loamy Soil,Rabi,Kutch,Low,Cumin
34,26,27,31.87,55.83,6.82,404.55,Alluvial Soil,Kharif,Bhavnagar,Low,Sesame
42,28,22,27.44,50.41,6.11,405.17,Loamy Soil,Kharif,Kutch,Low,Sesame
84,56,35,25.75,69.16,7.62,828.63,Loamy Soil,Kharif,Banaskantha,High,Maize
31,51,36,23.27,43.33,7.46,180.22,Clay Soil,Rabi,Rajkot,Low,Gram
35,37,22,23.78,32.26,5.99,135.18,Sandy Soil,Rabi,Rajkot,Low,Cumin
46,35,27,18.9,49.62,6.86,117.84,Loamy Soil,Rabi,Ahmedabad,Low,Mustard
81,54,36,31.91,60.44,7.49,860.76,Black Soil,Kharif,Junagadh,Medium,Cotton
74,50,48,30.47,66.29,6.4,917.03,Black Soil,Kharif,Amreli,Medium,Cotton
85,45,35,27.1,69.13,6.89,890.44,Red Soil,Kharif,Banaskantha,High,Maize
100,66,46,32.4,64.88,5.92,876.19,Alluvial Soil,Kharif,Jamnagar,Medium,Cotton
47,41,33,19.05,52.05,6.88,189.97,Alluvial Soil,Rabi,Ahmedabad,Low,Mustard
63,34,30,30.1,37.87,6.11,241.88,Loamy Soil,Kharif,Banaskantha,Low,Bajra
80,51,56,16.97,44.79,6.89,217.1,Alluvial Soil,Rabi,Anand,Medium,Wheat
100,34,42,16.86,46.79,6.26,202.66,Clay Soil,Rabi,Anand,Medium,Wheat
61,39,35,14.64,51.76,6.93,147.55,Loamy Soil,Rabi,Banaskantha,Low,Mustard
69,40,36,20.04,53.97,6.49,139.46,Loamy Soil,Rabi,Kutch,Low,Mustard
93,43,52,15.77,50.3,6.9,215.23,Clay Soil,Rabi,Mehsana,Medium,Wheat
80,53,38,26.54,69.39,6.21,875.88,Red Soil,Kharif,Anand,High,Maize
68,42,34,20.23,53.42,7.21,161.21,Loamy Soil,Rabi,Jamnagar,Low,Mustard
39,35,28,29.2,65.65,7.09,676.06,Black Soil,Kharif,Rajkot,Medium,Groundnut
106,49,39,28.18,69.83,5.96,932.2,Red Soil,Kharif,Ahmedabad,High,Maize
37,26,23,29.33,52.32,6.98,416.43,Loamy Soil,Kharif,Kutch,Low,Sesame
32,31,26,23.39,33.46,7.02,73.01,Loamy Soil,Rabi,Kutch,Low,Cumin
55,40,35,35.93,41.01,6.08,249.43,Sandy Soil,Kharif,Jamnagar,Low,Bajra
42,42,30,22.73,44.38,6.91,211.88,Clay Soil,Rabi,Vadodara,Low,Gram
86,54,45,25.65,73.78,6.88,946.06,Red Soil,Kharif,Mehsana,High,Maize
39,23,28,29.23,50.01,6.41,406.34,Alluvial Soil,Kharif,Bhavnagar,Low,Sesame
46,39,25,28.97,53.02,6.14,506.36,Loamy Soil,Kharif,Kutch,Low,Castor
43,53,31,19.49,41.25,6.37,192.05,Black Soil,Rabi,Jamnagar,Low,Gram
47,34,39,29.33,56.05,6.47,507.88,Alluvial Soil,Kharif,Mehsana,Low,Castor
31,24,23,29.6,48.14,7.04,384.37,Alluvial Soil,Kharif,Bhavnagar,Low,Sesame
54,33,37,33.82,35.95,5.95,285.29,Loamy Soil,Kharif,Ahmedabad,Low,Bajra
28,51,29,19.88,40.31,6.42,210.85,Clay Soil,Rabi,Jamnagar,Low,Gram
51,28,31,28.2,50.78,6.37,431.37,Alluvial Soil,Kharif,Mehsana,Low,Castor
78,42,44,21.28,52.04,7.2,228.67,Clay Soil,Rabi,Mehsana,Medium,Wheat
60,43,34,20.89,53.15,7.01,144.58,Sandy Soil,Rabi,Ahmedabad,Low,Mustard
47,38,37,34.0,40.22,6.15,319.46,Loamy Soil,Kharif,Ahmedabad,Low,Bajra
91,32,48,19.87,47.39,6.51,216.44,Loamy Soil,Rabi,Ahmedabad,Medium,Wheat
32,56,30,20.8,41.37,6.05,160.34,Loamy Soil,Rabi,Rajkot,Low,Gram
55,29,27,34.46,37.78,7.17,267.0,Sandy Soil,Kharif,Ahmedabad,Low,Bajra
35,54,32,21.2,41.15,6.62,213.66,Clay Soil,Rabi,Ahmedabad,Low,Gram
102,41,51,32.4,67.13,7.03,824.51,Alluvial Soil,Kharif,Bhavnagar,Medium,Cotton
113,51,48,31.77,65.05,5.95,704.0,Black Soil,Kharif,Amreli,Medium,Cotton
37,29,20,31.89,55.07,6.81,402.58,Sandy Soil,Kharif,Rajkot,Low,Sesame
44,28,23,30.28,47.61,6.42,426.31,Sandy Soil,Kharif,Junagadh,Low,Sesame
32,45,32,25.64,49.24,6.03,180.61,Black Soil,Rabi,Jamnagar,Low,Gram
36,29,24,28.64,48.39,5.89,430.85,Loamy Soil,Kharif,Rajkot,Low,Sesame
38,31,24,31.59,50.98,7.07,360.92,Sandy Soil,Kharif,Junagadh,Low,Sesame
31,30,28,24.06,33.42,5.98,117.96,Sandy Soil,Rabi,Rajkot,Low,Cumin
52,36,33,18.69,46.4,6.12,149.31,Loamy Soil,Rabi,Kutch,Low,Mustard
102,54,45,32.78,63.42,6.94,710.27,Black Soil,Kharif,Rajkot,Medium,Cotton
82,44,47,20.5,45.14,6.01,169.45,Clay Soil,Rabi,Banaskantha,Medium,Wheat
65,39,25,14.94,53.06,5.91,150.02,Loamy Soil,Rabi,Ahmedabad,Low,Mustard
86,43,43,23.68,67.12,6.55,979.6,Loamy Soil,Kharif,Vadodara,High,Maize
50,37,34,19.32,56.11,6.54,174.06,Loamy Soil,Rabi,Banaskantha,Low,Mustard
97,44,53,33.5,58.51,6.99,745.96,Black Soil,Kharif,Vadodara,High,Cotton
48,37,35,30.54,58.24,7.19,474.6,Sandy Soil,Kharif,Anand,Low,Castor
65,39,28,19.5,55.01,6.8,166.68,Alluvial Soil,Rabi,Ahmedabad,Low,Mustard
32,33,29,22.41,33.56,6.1,113.35,Sandy Soil,Rabi,Mehsana,Low,Cumin
63,39,26,21.11,55.2,6.88,173.92,Sandy Soil,Rabi,Banaskantha,Low,Mustard
32,46,39,21.29,45.51,6.59,205.47,Loamy Soil,Rabi,Jamnagar,Low,Gram
41,34,31,20.74,34.02,6.71,150.81,Sandy Soil,Rabi,Rajkot,Low,Cumin
58,36,36,33.95,34.66,6.45,311.94,Loamy Soil,Kharif,Mehsana,Low,Bajra
88,37,42,20.07,46.17,6.51,224.67,Alluvial Soil,Rabi,Banaskantha,Medium,Wheat
64,34,38,20.21,53.72,7.74,185.58,Alluvial Soil,Rabi,Kutch,Low,Mustard
32,35,26,20.6,33.85,6.47,71.87,Loamy Soil,Rabi,Jamnagar,Low,Cumin
38,30,29,20.8,28.28,6.19,116.73,Alluvial Soil,Rabi,Banaskantha,Low,Cumin
60,36,28,34.85,36.83,6.34,231.82,Sandy Soil,Kharif,Banaskantha,Low,Bajra
41,29,24,29.67,54.86,6.42,444.29,Alluvial Soil,Kharif,Anand,Low,Castor
47,23,30,36.17,38.57,6.73,282.69,Sandy Soil,Kharif,Banaskantha,Low,Bajra
95,50,42,28.06,75.25,7.26,939.52,Loamy Soil,Kharif,Vadodara,High,Maize
30,31,27,29.84,49.09,5.42,342.26,Sandy Soil,Kharif,Kutch,Low,Sesame
66,39,31,20.93,49.41,6.59,122.89,Alluvial Soil,Rabi,Mehsana,Low,Mustard
35,38,29,27.56,66.58,6.4,696.22,Sandy Soil,Kharif,Amreli,Medium,Groundnut
53,38,38,19.16,55.05,7.33,190.12,Alluvial Soil,Rabi,Ahmedabad,Low,Mustard
43,43,31,29.69,75.74,6.36,618.46,Sandy Soil,Kharif,Junagadh,Medium,Groundnut
79,46,44,26.3,64.84,6.95,782.67,Alluvial Soil,Kharif,Ahmedabad,High,Maize
36,47,34,23.4,42.05,6.25,203.77,Loamy Soil,Rabi,Junagadh,Low,Gram
68,38,36,18.36,49.95,6.3,133.13,Loamy Soil,Rabi,Ahmedabad,Low,Mustard
60,39,32,22.69,54.3,5.98,132.33,Sandy Soil,Rabi,Kutch,Low,Mustard
51,40,26,19.62,51.35,6.75,143.96,Alluvial Soil,Rabi,Ahmedabad,Low,Mustard
81,45,45,18.57,46.57,6.38,226.99,Black Soil,Rabi,Rajkot,Medium,Wheat
115,45,40,30.54,64.77,6.72,849.31,Black Soil,Kharif,Surat,Medium,Cotton
50,37,31,29.39,52.29,7.17,465.34,Loamy Soil,Kharif,Kutch,Low,Castor
36,32,29,22.61,37.43,6.08,73.62,Loamy Soil,Rabi,Banaskantha,Low,Cumin
29,35,31,20.8,37.87,6.41,96.99,Loamy Soil,Rabi,Mehsana,Low,Cumin
41,43,32,29.82,71.4,6.81,651.88,Loamy Soil,Kharif,Amreli,Medium,Groundnut
37,25,22,22.65,36.99,6.28,85.52,Loamy Soil,Rabi,Jamnagar,Low,Cumin
35,34,25,23.41,30.15,7.64,123.99,Loamy Soil,Rabi,Kutch,Low,Cumin
85,49,41,26.96,66.89,6.64,806.09,Alluvial Soil,Kharif,Banaskantha,High,Maize
52,32,32,33.92,43.92,7.26,302.11,Loamy Soil,Kharif,Jamnagar,Low,Bajra
46,32,31,39.7,40.74,5.55,185.3,Loamy Soil,Kharif,Banaskantha,Low,Bajra
42,26,24,29.77,49.98,6.9,388.52,Alluvial Soil,Kharif,Amreli,Low,Sesame
38,27,32,29.0,45.54,6.65,419.44,Sandy Soil,Kharif,Kutch,Low,Sesame
93,53,40,25.19,70.39,5.97,968.25,Alluvial Soil,Kharif,Anand,High,Maize
98,49,45,32.77,69.71,6.19,806.6,Alluvial Soil,Kharif,Amreli,Medium,Cotton
42,40,30,27.77,68.66,5.66,619.96,Black Soil,Kharif,Amreli,Medium,Groundnut
44,52,28,30.12,73.21,6.5,630.12,Black Soil,Kharif,Amreli,Medium,Groundnut
90,38,39,19.52,46.49,5.84,143.53,Black Soil,Rabi,Ahmedabad,Medium,Wheat
50,41,36,19.71,50.31,5.99,156.91,Alluvial Soil,Rabi,Banaskantha,Low,Mustard
61,37,28,31.38,59.74,5.69,421.72,Loamy Soil,Kharif,Kutch,Low,Castor
37,45,31,28.16,75.72,6.44,591.86,Sandy Soil,Kharif,Rajkot,Medium,Groundnut
55,34,24,32.2,55.33,6.32,458.89,Loamy Soil,Kharif,Kutch,Low,Castor
30,36,29,23.88,36.61,7.04,111.63,Sandy Soil,Rabi,Jamnagar,Low,Cumin
91,60,46,30.82,68.33,6.36,850.63,Alluvial Soil,Kharif,Vadodara,Medium,Cotton
58,31,31,19.93,50.81,7.31,199.16,Loamy Soil,Rabi,Ahmedabad,Low,Mustard
90,52,42,32.76,59.05,6.32,820.07,Black Soil,Kharif,Rajkot,High,Cotton
37,31,30,22.28,34.91,6.9,112.79,Loamy Soil,Rabi,Jamnagar,Low,Cumin
67,36,43,16.03,48.73,6.27,155.52,Alluvial Soil,Rabi,Kutch,Low,Mustard
103,50,46,30.39,70.3,6.94,864.28,Alluvial Soil,Kharif,Bhavnagar,High,Cotton
73,41,37,25.03,74.62,6.48,875.78,Red Soil,Kharif,Ahmedabad,High,Maize
51,42,30,30.22,39.24,5.51,231.04,Loamy Soil,Kharif,Banaskantha,Low,Bajra
33,45,38,29.5,73.07,6.34,663.44,Black Soil,Kharif,Junagadh,Medium,Groundnut
49,40,26,31.63,51.57,6.72,491.97,Loamy Soil,Kharif,Rajkot,Low,Castor
53,36,28,30.07,38.72,5.78,304.68,Loamy Soil,Kharif,Jamnagar,Low,Bajra
55,33,31,31.68,57.84,6.16,391.05,Alluvial Soil,Kharif,Rajkot,Low,Castor
83,60,40,29.52,70.18,5.16,942.7,Loamy Soil,Kharif,Vadodara,High,Maize
86,35,60,19.28,50.1,5.88,233.21,Alluvial Soil,Rabi,Banaskantha,Medium,Wheat
53,39,20,27.89,54.75,5.98,394.51,Loamy Soil,Kharif,Kutch,Low,Castor
122,48,38,29.49,67.38,5.56,775.18,Alluvial Soil,Kharif,Bhavnagar,High,Cotton
48,31,26,30.39,51.78,6.35,450.83,Alluvial Soil,Kharif,Kutch,Low,Castor
52,26,25,29.94,55.71,6.43,415.34,Alluvial Soil,Kharif,Kutch,Low,Castor
42,53,38,27.69,73.68,6.34,752.74,Sandy Soil,Kharif,Rajkot,Medium,Groundnut
42,28,35,29.71,53.67,6.39,418.49,Sandy Soil,Kharif,Mehsana,Low,Castor
99,52,48,32.11,67.66,6.96,729.96,Alluvial Soil,Kharif,Amreli,High,Cotton
30,46,40,23.34,40.92,6.43,194.49,Clay Soil,Rabi,Rajkot,Low,Gram
61,42,39,22.18,55.19,6.72,126.79,Alluvial Soil,Rabi,Ahmedabad,Low,Mustard
26,32,27,28.21,49.89,6.37,415.01,Loamy Soil,Kharif,Kutch,Low,Sesame
61,37,43,19.6,49.56,5.65,147.58,Loamy Soil,Rabi,Kutch,Low,Mustard
60,38,27,18.0,53.8,6.48,198.79,Alluvial Soil,Rabi,Kutch,Low,Mustard
40,57,32,27.71,74.66,6.32,654.27,Sandy Soil,Kharif,Bhavnagar,Medium,Groundnut
36,38,29,20.07,32.79,6.16,99.14,Loamy Soil,Rabi,Mehsana,Low,Cumin
49,34,23,31.46,54.69,6.43,408.76,Alluvial Soil,Kharif,Mehsana,Low,Castor
32,29,37,22.57,39.63,6.43,104.15,Sandy Soil,Rabi,Banaskantha,Low,Cumin
33,51,30,21.31,43.3,5.44,198.73,Black Soil,Rabi,Junagadh,Low,Gram
42,42,33,19.12,52.83,6.12,183.49,Loamy Soil,Rabi,Ahmedabad,Low,Mustard
105,52,45,18.73,50.92,6.15,207.63,Black Soil,Rabi,Banaskantha,Medium,Wheat
31,48,31,16.3,42.04,6.02,182.43,Clay Soil,Rabi,Junagadh,Low,Gram
79,54,41,27.8,70.25,6.45,836.88,Red Soil,Kharif,Anand,High,Maize
59,37,32,32.8,36.99,6.3,232.82,Sandy Soil,Kharif,Ahmedabad,Low,Bajra
61,30,30,31.92,42.67,7.11,250.01,Loamy Soil,Kharif,Jamnagar,Low,Bajra
45,44,28,26.98,71.21,5.61,599.83,Black Soil,Kharif,Jamnagar,Medium,Groundnut
34,49,35,22.06,43.51,6.43,199.7,Loamy Soil,Rabi,Ahmedabad,Low,Gram
59,36,36,35.81,45.27,6.2,259.3,Sandy Soil,Kharif,Jamnagar,Low,Bajra
92,47,41,18.63,45.6,6.07,223.12,Clay Soil,Rabi,Mehsana,Medium,Wheat
46,42,32,30.08,61.13,6.43,451.12,Alluvial Soil,Kharif,Mehsana,Low,Castor
101,50,35,26.53,70.21,6.72,882.84,Red Soil,Kharif,Ahmedabad,High,Maize
54,39,28,29.37,56.67,6.35,495.05,Sandy Soil,Kharif,Anand,Low,Castor
92,57,51,25.26,70.39,7.16,883.09,Alluvial Soil,Kharif,Banaskantha,High,Maize
91,57,36,32.86,61.34,7.13,810.75,Alluvial Soil,Kharif,Rajkot,High,Cotton
100,50,46,32.28,61.69,5.99,707.43,Black Soil,Kharif,Vadodara,Medium,Cotton
94,43,39,26.45,72.38,6.61,1042.89,Red Soil,Kharif,Banaskantha,High,Maize
48,39,32,35.39,40.1,6.64,271.34,Sandy Soil,Kharif,Ahmedabad,Low,Bajra
89,48,36,24.0,72.63,5.89,918.63,Red Soil,Kharif,Banaskantha,High,Maize
38,42,37,22.36,43.65,6.02,177.02,Clay Soil,Rabi,Ahmedabad,Low,Gram
35,35,27,23.81,38.4,5.97,86.39,Loamy Soil,Rabi,Banaskantha,Low,Cumin
33,48,29,19.68,44.42,6.34,197.14,Clay Soil,Rabi,Ahmedabad,Low,Gram
52,35,38,20.55,50.98,6.82,180.95,Alluvial Soil,Rabi,Mehsana,Low,Mustard
34,30,32,20.79,33.39,6.63,167.41,Alluvial Soil,Rabi,Jamnagar,Low,Cumin
41,49,37,24.24,40.18,5.93,215.53,Clay Soil,Rabi,Junagadh,Low,Gram
32,36,25,24.6,29.92,6.64,98.73,Alluvial Soil,Rabi,Rajkot,Low,Cumin
40,26,22,31.59,50.26,5.38,376.49,Sandy Soil,Kharif,Bhavnagar,Low,Sesame
35,49,31,21.98,37.32,5.89,158.09,Black Soil,Rabi,Ahmedabad,Low,Gram
37,27,29,24.9,32.26,6.7,122.74,Sandy Soil,Rabi,Kutch,Low,Cumin
87,50,50,17.03,45.77,6.14,115.61,Alluvial Soil,Rabi,Ahmedabad,Medium,Wheat
40,36,35,24.66,30.91,6.77,150.17,Loamy Soil,Rabi,Kutch,Low,Cumin
99,51,48,20.0,44.43,6.57,219.89,Black Soil,Rabi,Ahmedabad,Medium,Wheat
29,33,21,23.08,34.41,6.7,141.24,Loamy Soil,Rabi,Jamnagar,Low,Cumin
53,33,28,30.58,54.39,7.17,458.84,Alluvial Soil,Kharif,Mehsana,Low,Castor
39,36,32,29.61,71.0,6.71,692.58,Loamy Soil,Kharif,Bhavnagar,Medium,Groundnut
42,25,27,22.83,34.27,6.75,119.64,Alluvial Soil,Rabi,Mehsana,Low,Cumin
48,41,30,31.08,70.74,6.87,678.1,Sandy Soil,Kharif,Jamnagar,Medium,Groundnut
104,48,51,17.95,46.68,6.71,238.7,Alluvial Soil,Rabi,Banaskantha,Medium,Wheat
25,30,23,30.58,48.26,6.78,445.25,Sandy Soil,Kharif,Junagadh,Low,Sesame
45,37,26,25.52,39.19,7.16,102.88,Alluvial Soil,Rabi,Kutch,Low,Cumin
61,33,41,17.62,55.47,6.66,193.35,Alluvial Soil,Rabi,Banaskantha,Low,Mustard
111,60,46,29.17,62.97,7.15,798.48,Alluvial Soil,Kharif,Jamnagar,High,Cotton
53,30,32,33.35,34.53,6.4,223.25,Sandy Soil,Kharif,Ahmedabad,Low,Bajra
54,48,37,19.98,52.64,7.06,219.26,Sandy Soil,Rabi,Kutch,Low,Mustard
48,44,38,27.75,74.62,5.39,770.94,Loamy Soil,Kharif,Bhavnagar,Medium,Groundnut
69,41,39,21.05,55.07,6.07,156.18,Sandy Soil,Rabi,Kutch,Low,Mustard
53,40,29,30.81,52.3,6.55,433.49,Sandy Soil,Kharif,Banaskantha,Low,Castor
36,19,28,29.32,51.78,6.96,406.43,Alluvial Soil,Kharif,Amreli,Low,Sesame
53,33,33,32.24,45.97,6.48,328.6,Loamy Soil,Kharif,Ahmedabad,Low,Bajra
37,51,27,22.26,41.89,6.32,173.86,Black Soil,Rabi,Vadodara,Low,Gram
55,40,35,18.96,54.22,6.97,200.83,Sandy Soil,Rabi,Jamnagar,Low,Mustard
32,32,27,26.32,52.69,6.62,444.46,Sandy Soil,Kharif,Bhavnagar,Low,Sesame
96,42,59,32.63,63.36,7.16,735.15,Alluvial Soil,Kharif,Vadodara,High,Cotton
43,50,27,28.03,69.83,6.47,638.69,Sandy Soil,Kharif,Junagadh,Medium,Groundnut
48,34,28,28.61,55.69,6.84,454.38,Loamy Soil,Kharif,Kutch,Low,Castor
47,52,32,21.86,38.34,6.77,161.26,Black Soil,Rabi,Junagadh,Low,Gram
38,30,25,21.35,33.73,6.4,108.1,Alluvial Soil,Rabi,Rajkot,Low,Cumin
65,43,34,20.99,52.71,6.42,163.06,Sandy Soil,Rabi,Mehsana,Low,Mustard
48,29,32,29.42,56.76,5.61,510.06,Alluvial Soil,Kharif,Anand,Low,Castor
35,38,35,22.43,37.91,6.43,79.99,Alluvial Soil,Rabi,Mehsana,Low,Cumin
30,47,36,23.85,41.94,6.26,173.97,Black Soil,Rabi,Ahmedabad,Low,Gram
102,40,39,20.28,44.15,6.35,225.71,Alluvial Soil,Rabi,Ahmedabad,Medium,Wheat
36,56,30,21.24,40.5,6.66,148.11,Black Soil,Rabi,Jamnagar,Low,Gram
25,23,25,27.66,49.01,6.72,394.6,Alluvial Soil,Kharif,Bhavnagar,Low,Sesame
62,44,32,20.99,48.71,6.19,142.3,Loamy Soil,Rabi,Banaskantha,Low,Mustard
34,37,37,24.51,38.92,6.03,99.24,Sandy Soil,Rabi,Rajkot,Low,Cumin
34,34,28,31.43,56.68,6.95,470.7,Sandy Soil,Kharif,Rajkot,Low,Castor
41,57,31,21.41,44.52,6.91,219.48,Clay Soil,Rabi,Ahmedabad,Low,Gram
36,52,37,23.69,45.48,7.29,126.86,Loamy Soil,Rabi,Vadodara,Low,Gram
34,25,28,33.0,44.32,6.03,441.54,Loamy Soil,Kharif,Junagadh,Low,Sesame
48,60,37,21.58,42.54,6.3,186.53,Black Soil,Rabi,Jamnagar,Low,Gram
33,26,25,21.84,30.01,6.73,115.17,Sandy Soil,Rabi,Jamnagar,Low,Cumin
101,52,46,26.95,66.66,6.24,916.96,Red Soil,Kharif,Anand,High,Maize
83,47,40,26.48,65.33,6.02,957.34,Alluvial Soil,Kharif,Mehsana,High,Maize
39,22,26,30.51,55.98,6.32,401.49,Loamy Soil,Kharif,Kutch,Low,Sesame
35,28,24,33.11,51.77,7.24,380.28,Alluvial Soil,Kharif,Amreli,Low,Sesame
42,36,29,31.82,56.87,7.03,443.47,Loamy Soil,Kharif,Banaskantha,Low,Castor
42,34,32,34.3,50.0,6.18,309.19,Loamy Soil,Kharif,Kutch,Low,Bajra
83,49,38,28.22,75.52,6.08,806.86,Loamy Soil,Kharif,Vadodara,High,Maize
85,52,42,27.6,65.53,6.11,969.0,Red Soil,Kharif,Vadodara,High,Maize
42,41,30,29.26,73.0,5.48,601.18,Black Soil,Kharif,Jamnagar,Medium,Groundnut
52,34,28,32.03,52.82,6.55,383.1,Sandy Soil,Kharif,Kutch,Low,Castor
111,53,43,33.32,64.28,6.76,768.17,Alluvial Soil,Kharif,Amreli,Medium,Cotton
89,51,50,18.86,44.29,6.28,184.38,Clay Soil,Rabi,Anand,Medium,Wheat
52,32,40,32.94,38.71,7.31,299.03,Loamy Soil,Kharif,Jamnagar,Low,Bajra
118,53,45,29.85,64.12,6.33,864.02,Black Soil,Kharif,Vadodara,High,Cotton
35,33,21,22.09,32.96,6.28,133.9,Loamy Soil,Rabi,Mehsana,Low,Cumin
33,58,34,24.05,39.39,6.12,155.27,Clay Soil,Rabi,Jamnagar,Low,Gram
36,46,36,19.34,45.58,5.5,154.81,Clay Soil,Rabi,Jamnagar,Low,Gram
104,56,53,32.55,64.2,6.84,926.66,Black Soil,Kharif,Amreli,High,Cotton
35,35,25,23.07,39.66,6.35,128.17,Sandy Soil,Rabi,Rajkot,Low,Cumin
38,37,24,30.94,54.6,5.78,517.93,Sandy Soil,Kharif,Mehsana,Low,Castor
52,28,29,36.18,34.15,6.56,280.15,Loamy Soil,Kharif,Kutch,Low,Bajra
29,24,27,30.41,49.94,6.72,337.61,Loamy Soil,Kharif,Junagadh,Low,Sesame
37,47,33,21.57,40.98,6.95,128.99,Clay Soil,Rabi,Jamnagar,Low,Gram
97,63,56,34.96,64.47,6.65,698.89,Black Soil,Kharif,Junagadh,Medium,Cotton
39,52,35,28.41,71.5,6.21,720.28,Loamy Soil,Kharif,Bhavnagar,Medium,Groundnut
114,51,47,32.94,65.78,6.98,819.14,Alluvial Soil,Kharif,Junagadh,High,Cotton
53,40,38,31.68,37.66,6.82,314.03,Sandy Soil,Kharif,Kutch,Low,Bajra
39,32,27,21.9,36.85,6.08,123.98,Loamy Soil,Rabi,Kutch,Low,Cumin
34,20,24,29.3,52.01,6.73,390.48,Alluvial Soil,Kharif,Kutch,Low,Sesame
48,39,35,30.24,72.49,6.09,656.15,Loamy Soil,Kharif,Jamnagar,Medium,Groundnut
36,24,19,31.59,47.45,6.63,430.66,Sandy Soil,Kharif,Junagadh,Low,Sesame
43,44,34,30.24,74.32,7.13,654.73,Loamy Soil,Kharif,Rajkot,Medium,Groundnut
29,44,31,20.21,44.76,7.8,168.82,Clay Soil,Rabi,Junagadh,Low,Gram
58,43,34,38.07,41.52,6.12,370.35,Sandy Soil,Kharif,Ahmedabad,Low,Bajra
50,41,26,33.53,51.86,5.94,380.25,Loamy Soil,Kharif,Banaskantha,Low,Castor
74,41,48,23.38,42.56,6.4,213.74,Black Soil,Rabi,Banaskantha,Medium,Wheat
31,25,24,29.69,47.02,5.37,409.88,Sandy Soil,Kharif,Junagadh,Low,Sesame
62,46,36,15.44,48.91,5.97,143.79,Alluvial Soil,Rabi,Ahmedabad,Low,Mustard
54,30,30,20.01,51.74,6.8,108.32,Sandy Soil,Rabi,Mehsana,Low,Mustard
31,48,41,20.45,43.71,6.87,176.92,Black Soil,Rabi,Jamnagar,Low,Gram
90,46,49,31.94,65.11,6.12,784.64,Black Soil,Kharif,Junagadh,Medium,Cotton
88,47,43,20.51,49.78,6.95,203.93,Black Soil,Rabi,Anand,Medium,Wheat
36,47,39,29.33,72.3,6.84,678.88,Black Soil,Kharif,Bhavnagar,Medium,Groundnut
46,26,25,30.69,50.39,6.12,449.51,Loamy Soil,Kharif,Bhavnagar,Low,Sesame
26,47,30,22.99,41.0,6.74,161.67,Black Soil,Rabi,Vadodara,Low,Gram
49,35,26,32.63,56.59,6.31,418.28,Sandy Soil,Kharif,Mehsana,Low,Castor
60,29,31,32.49,42.67,6.26,366.71,Sandy Soil,Kharif,Mehsana,Low,Bajra
33,32,26,23.9,37.97,7.03,108.42,Sandy Soil,Rabi,Mehsana,Low,Cumin
78,43,49,24.62,72.28,6.01,762.05,Loamy Soil,Kharif,Mehsana,High,Maize
87,48,30,19.46,49.48,7.0,176.76,Clay Soil,Rabi,Ahmedabad,Medium,Wheat
81,46,42,20.86,51.42,6.67,203.39,Alluvial Soil,Rabi,Ahmedabad,Medium,Wheat
41,49,25,28.9,72.48,6.93,695.74,Black Soil,Kharif,Rajkot,Medium,Groundnut
35,33,23,21.51,36.1,5.92,101.46,Sandy Soil,Rabi,Rajkot,Low,Cumin
79,45,39,18.76,51.71,5.93,219.57,Clay Soil,Rabi,Rajkot,Medium,Wheat
95,53,40,18.11,46.91,6.91,218.5,Loamy Soil,Rabi,Mehsana,Medium,Wheat
37,34,33,25.49,72.63,6.93,626.16,Loamy Soil,Kharif,Amreli,Medium,Groundnut
55,25,18,26.66,47.86,7.18,489.34,Sandy Soil,Kharif,Mehsana,Low,Castor
57,33,34,34.67,39.23,6.57,270.4,Loamy Soil,Kharif,Jamnagar,Low,Bajra
43,42,35,25.75,71.87,6.79,687.02,Loamy Soil,Kharif,Rajkot,Medium,Groundnut
55,39,27,35.2,35.61,6.89,319.28,Loamy Soil,Kharif,Ahmedabad,Low,Bajra
34,31,34,24.22,33.5,6.43,138.27,Alluvial Soil,Rabi,Mehsana,Low,Cumin
66,49,39,18.08,55.61,6.3,137.16,Sandy Soil,Rabi,Kutch,Low,Mustard
60,27,24,36.65,36.64,6.14,316.23,Sandy Soil,Kharif,Jamnagar,Low,Bajra
33,53,28,24.37,44.41,6.68,189.43,Loamy Soil,Rabi,Junagadh,Low,Gram
87,43,48,33.4,70.61,6.27,871.91,Black Soil,Kharif,Amreli,High,Cotton
110,52,42,31.78,62.52,6.16,790.37,Alluvial Soil,Kharif,Amreli,High,Cotton
33,25,31,21.52,36.93,6.96,114.04,Alluvial Soil,Rabi,Banaskantha,Low,Cumin
32,33,24,29.91,56.13,6.18,375.62,Alluvial Soil,Kharif,Rajkot,Low,Sesame
87,51,45,35.24,66.44,5.81,762.35,Black Soil,Kharif,Bhavnagar,High,Cotton
57,31,30,26.95,60.86,7.0,415.97,Alluvial Soil,Kharif,Rajkot,Low,Castor
39,29,24,29.04,51.81,6.69,386.98,Sandy Soil,Kharif,Bhavnagar,Low,Sesame
42,48,48,20.3,43.69,6.91,112.46,Clay Soil,Rabi,Jamnagar,Low,Gram
36,30,21,28.52,48.95,6.63,406.72,Alluvial Soil,Kharif,Bhavnagar,Low,Sesame
75,30,31,38.81,38.39,6.73,353.16,Loamy Soil,Kharif,Banaskantha,Low,Bajra
37,34,25,23.31,32.23,6.29,122.74,Alluvial Soil,Rabi,Rajkot,Low,Cumin
59,31,31,18.89,57.53,6.69,169.47,Alluvial Soil,Rabi,Mehsana,Low,Mustard
52,41,25,30.92,42.77,6.32,194.76,Sandy Soil,Kharif,Mehsana,Low,Bajra
35,30,30,22.41,39.73,6.5,110.16,Alluvial Soil,Rabi,Kutch,Low,Cumin
101,50,49,31.61,65.56,7.16,732.9,Alluvial Soil,Kharif,Surat,High,Cotton
33,28,26,21.64,34.23,6.44,136.42,Loamy Soil,Rabi,Banaskantha,Low,Cumin
38,27,27,28.0,50.48,6.52,428.12,Loamy Soil,Kharif,Rajkot,Low,Sesame
94,40,52,20.34,50.12,6.68,227.5,Black Soil,Rabi,Banaskantha,Medium,Wheat
34,27,30,25.87,36.79,6.12,134.28,Sandy Soil,Rabi,Jamnagar,Low,Cumin
42,48,34,20.72,44.92,5.88,156.95,Clay Soil,Rabi,Vadodara,Low,Gram
37,27,22,29.27,51.66,5.71,378.44,Loamy Soil,Kharif,Amreli,Low,Sesame
63,28,28,32.5,53.75,6.12,488.36,Sandy Soil,Kharif,Rajkot,Low,Castor
36,35,26,29.63,52.23,6.54,401.9,Sandy Soil,Kharif,Bhavnagar,Low,Sesame
85,52,52,27.19,75.04,6.68,893.36,Loamy Soil,Kharif,Mehsana,High,Maize
95,44,48,15.68,45.4,6.78,189.7,Clay Soil,Rabi,Ahmedabad,Medium,Wheat
83,30,43,19.07,46.88,6.76,229.21,Alluvial Soil,Rabi,Anand,Medium,Wheat
90,45,49,30.87,65.34,6.26,681.26,Alluvial Soil,Kharif,Junagadh,Medium,Cotton
56,38,33,21.49,52.24,6.58,190.83,Sandy Soil,Rabi,Banaskantha,Low,Mustard
97,51,40,19.04,49.75,5.79,134.31,Clay Soil,Rabi,Ahmedabad,Medium,Wheat
87,39,47,20.26,46.71,6.86,138.06,Alluvial Soil,Rabi,Mehsana,Medium,Wheat
36,55,39,21.48,43.53,6.71,193.34,Black Soil,Rabi,Ahmedabad,Low,Gram
36,51,40,23.88,44.02,6.64,174.76,Black Soil,Rabi,Vadodara,Low,Gram
26,28,22,31.44,54.55,6.37,405.46,Alluvial Soil,Kharif,Bhavnagar,Low,Sesame
56,36,37,30.1,39.21,6.04,224.67,Loamy Soil,Kharif,Ahmedabad,Low,Bajra
68,46,44,27.87,69.98,6.51,837.43,Red Soil,Kharif,Anand,High,Maize
93,47,45,19.91,51.0,6.37,151.44,Alluvial Soil,Rabi,Ahmedabad,Medium,Wheat
41,48,38,19.85,43.82,6.31,141.86,Black Soil,Rabi,Junagadh,Low,Gram
37,24,20,32.88,50.85,5.31,385.72,Sandy Soil,Kharif,Amreli,Low,Sesame
32,29,31,22.09,30.37,6.62,114.84,Alluvial Soil,Rabi,Rajkot,Low,Cumin
41,54,36,22.61,42.03,8.01,179.82,Loamy Soil,Rabi,Ahmedabad,Low,Gram
37,47,33,22.94,44.32,5.54,131.92,Clay Soil,Rabi,Vadodara,Low,Gram
44,50,35,27.59,69.77,5.4,636.86,Black Soil,Kharif,Junagadh,Medium,Groundnut
33,31,16,20.82,36.87,7.34,95.69,Sandy Soil,Rabi,Rajkot,Low,Cumin
54,30,33,30.4,32.01,6.38,252.25,Sandy Soil,Kharif,Kutch,Low,Bajra
34,43,31,19.34,39.47,6.06,177.64,Black Soil,Rabi,Ahmedabad,Low,Gram
89,42,43,23.5,52.19,6.56,179.73,Alluvial Soil,Rabi,Ahmedabad,Medium,Wheat
31,33,23,28.3,52.17,6.49,428.51,Alluvial Soil,Kharif,Bhavnagar,Low,Sesame
79,50,41,25.75,69.18,6.77,963.76,Red Soil,Kharif,Mehsana,High,Maize
29,43,34,22.03,41.85,6.44,209.09,Black Soil,Rabi,Ahmedabad,Low,Gram
41,37,40,27.86,72.14,6.02,651.2,Black Soil,Kharif,Amreli,Medium,Groundnut
104,53,54,33.05,68.23,6.66,707.38,Alluvial Soil,Kharif,Surat,Medium,Cotton
25,34,27,30.56,52.78,7.07,407.43,Sandy Soil,Kharif,Junagadh,Low,Sesame
43,33,23,34.13,53.47,6.99,417.02,Loamy Soil,Kharif,Banaskantha,Low,Castor
46,40,20,32.57,59.13,6.06,406.09,Alluvial Soil,Kharif,Kutch,Low,Castor
93,49,44,30.85,65.16,6.08,818.03,Black Soil,Kharif,Rajkot,High,Cotton
41,30,21,20.23,34.28,6.39,136.62,Sandy Soil,Rabi,Rajkot,Low,Cumin
45,40,23,28.91,51.79,6.63,487.18,Sandy Soil,Kharif,Rajkot,Low,Castor
51,51,40,18.73,55.27,6.33,178.45,Loamy Soil,Rabi,Kutch,Low,Mustard
37,42,33,27.22,73.5,5.84,638.06,Black Soil,Kharif,Amreli,Medium,Groundnut
49,55,33,28.68,73.0,6.77,644.02,Sandy Soil,Kharif,Bhavnagar,Medium,Groundnut
38,50,29,19.62,42.32,7.74,215.58,Black Soil,Rabi,Rajkot,Low,Gram
97,42,36,20.3,47.29,6.52,236.25,Loamy Soil,Rabi,Banaskantha,Medium,Wheat
60,38,32,19.05,54.19,7.39,180.61,Sandy Soil,Rabi,Jamnagar,Low,Mustard
68,38,36,19.4,56.66,6.87,152.03,Sandy Soil,Rabi,Mehsana,Low,Mustard
51,36,39,35.71,41.89,7.88,244.48,Loamy Soil,Kharif,Banaskantha,Low,Bajra
37,37,31,28.83,77.01,5.9,628.67,Sandy Soil,Kharif,Junagadh,Medium,Groundnut
30,28,21,32.79,50.57,6.49,362.05,Sandy Soil,Kharif,Amreli,Low,Sesame
37,48,37,22.18,39.05,6.46,187.54,Loamy Soil,Rabi,Vadodara,Low,Gram
32,26,27,28.42,50.02,5.74,396.23,Sandy Soil,Kharif,Kutch,Low,Sesame
65,46,35,17.34,50.71,6.81,132.83,Alluvial Soil,Rabi,Ahmedabad,Low,Mustard
45,39,29,29.33,70.6,6.35,728.79,Sandy Soil,Kharif,Junagadh,Medium,Groundnut
42,35,28,26.07,32.13,6.89,97.35,Alluvial Soil,Rabi,Mehsana,Low,Cumin
31,35,25,22.76,38.47,6.93,157.49,Sandy Soil,Rabi,Jamnagar,Low,Cumin
91,40,55,31.08,68.88,7.03,714.27,Black Soil,Kharif,Junagadh,Medium,Cotton
97,49,48,19.74,50.76,6.34,236.17,Clay Soil,Rabi,Ahmedabad,Medium,Wheat
93,52,41,28.67,65.67,6.8,817.47,Black Soil,Kharif,Surat,Medium,Cotton
45,55,29,27.87,71.82,5.52,634.48,Black Soil,Kharif,Amreli,Medium,Groundnut
81,49,42,25.98,74.25,5.75,824.12,Alluvial Soil,Kharif,Banaskantha,High,Maize
83,46,45,30.71,66.69,6.14,944.34,Alluvial Soil,Kharif,Junagadh,High,Cotton
88,53,36,25.2,73.69,6.47,871.73,Alluvial Soil,Kharif,Anand,High,Maize
55,45,16,29.23,54.96,6.16,403.51,Sandy Soil,Kharif,Banaskantha,Low,Castor
41,50,36,22.23,41.95,6.37,180.64,Loamy Soil,Rabi,Vadodara,Low,Gram
47,29,29,24.54,35.34,7.19,158.23,Alluvial Soil,Rabi,Kutch,Low,Cumin
86,54,32,28.07,73.91,6.7,895.89,Alluvial Soil,Kharif,Vadodara,High,Maize
37,34,29,21.35,32.63,6.07,122.15,Loamy Soil,Rabi,Jamnagar,Low,Cumin
98,43,47,26.02,65.59,7.35,961.54,Alluvial Soil,Kharif,Banaskantha,High,Maize
47,29,33,16.67,56.72,6.49,171.14,Loamy Soil,Rabi,Ahmedabad,Low,Mustard
62,54,36,21.06,54.71,5.48,144.12,Sandy Soil,Rabi,Mehsana,Low,Mustard
39,24,29,32.49,52.33,5.93,423.71,Loamy Soil,Kharif,Kutch,Low,Sesame
48,47,29,29.6,75.52,6.63,604.99,Sandy Soil,Kharif,Rajkot,Medium,Groundnut
101,45,41,27.16,69.64,6.17,992.96,Alluvial Soil,Kharif,Vadodara,High,Maize
35,33,33,26.97,70.5,6.25,737.24,Sandy Soil,Kharif,Rajkot,Medium,Groundnut
64,37,38,35.08,39.75,6.6,338.48,Sandy Soil,Kharif,Ahmedabad,Low,Bajra
46,47,35,25.11,44.19,7.45,157.6,Clay Soil,Rabi,Ahmedabad,Low,Gram
51,37,29,28.88,55.79,5.85,402.07,Sandy Soil,Kharif,Kutch,Low,Castor
40,28,28,28.95,49.81,5.76,391.01,Alluvial Soil,Kharif,Junagadh,Low,Sesame
56,34,29,33.49,37.56,6.84,236.99,Sandy Soil,Kharif,Ahmedabad,Low,Bajra
95,40,39,27.8,65.6,6.43,928.44,Red Soil,Kharif,Ahmedabad,High,Maize
71,39,36,17.21,48.96,6.28,179.77,Sandy Soil,Rabi,Ahmedabad,Low,Mustard
37,50,35,29.84,70.02,6.33,687.95,Loamy Soil,Kharif,Junagadh,Medium,Groundnut
33,32,19,26.29,28.8,6.46,59.78,Alluvial Soil,Rabi,Rajkot,Low,Cumin
48,34,35,20.58,56.18,7.0,208.98,Alluvial Soil,Rabi,Mehsana,Low,Mustard
51,37,25,31.89,58.76,6.41,485.92,Sandy Soil,Kharif,Mehsana,Low,Castor
54,29,28,28.97,58.18,6.71,417.17,Sandy Soil,Kharif,Rajkot,Low,Castor
49,46,25,28.67,69.59,7.2,608.86,Loamy Soil,Kharif,Junagadh,Medium,Groundnut
45,36,37,30.94,55.51,5.81,486.22,Sandy Soil,Kharif,Rajkot,Low,Castor
32,49,31,21.17,39.69,6.06,156.85,Loamy Soil,Rabi,Junagadh,Low,Gram
42,29,24,30.06,55.11,6.22,434.98,Sandy Soil,Kharif,Kutch,Low,Castor
65,41,31,20.98,51.84,6.24,176.32,Sandy Soil,Rabi,Banaskantha,Low,Mustard
36,51,34,20.68,42.27,6.83,191.19,Black Soil,Rabi,Ahmedabad,Low,Gram
90,45,48,19.18,48.91,6.43,260.78,Clay Soil,Rabi,Mehsana,Medium,Wheat
31,25,25,29.84,49.46,6.37,370.75,Alluvial Soil,Kharif,Rajkot,Low,Sesame
89,52,40,27.96,75.64,6.43,877.37,Loamy Soil,Kharif,Mehsana,High,Maize
35,29,34,23.88,35.0,5.95,85.46,Sandy Soil,Rabi,Mehsana,Low,Cumin
43,35,31,26.46,71.99,6.99,665.26,Black Soil,Kharif,Jamnagar,Medium,Groundnut
41,30,24,31.05,55.81,5.92,378.83,Loamy Soil,Kharif,Junagadh,Low,Sesame
55,26,30,34.04,41.8,7.42,308.58,Sandy Soil,Kharif,Ahmedabad,Low,Bajra
92,48,44,19.93,47.41,6.55,193.32,Loamy Soil,Rabi,Banaskantha,Medium,Wheat
61,39,34,20.8,55.04,5.8,191.63,Alluvial Soil,Rabi,Mehsana,Low,Mustard
37,32,28,30.52,53.32,6.59,402.73,Loamy Soil,Kharif,Junagadh,Low,Sesame
34,48,40,19.47,42.71,6.14,169.05,Clay Soil,Rabi,Rajkot,Low,Gram
42,33,22,30.64,46.68,6.91,386.85,Alluvial Soil,Kharif,Rajkot,Low,Sesame
47,44,37,19.02,54.35,6.82,154.64,Alluvial Soil,Rabi,Banaskantha,Low,Mustard
42,53,38,21.01,41.82,6.37,181.87,Loamy Soil,Rabi,Ahmedabad,Low,Gram
28,28,33,22.4,33.64,5.74,104.96,Sandy Soil,Rabi,Banaskantha,Low,Cumin
96,43,38,30.66,61.93,6.02,834.55,Black Soil,Kharif,Jamnagar,High,Cotton
58,45,34,18.85,57.4,5.83,175.11,Alluvial Soil,Rabi,Ahmedabad,Low,Mustard
53,32,33,30.96,36.9,5.65,215.07,Sandy Soil,Kharif,Ahmedabad,Low,Bajra
107,54,41,31.94,64.99,5.92,900.23,Alluvial Soil,Kharif,Jamnagar,Medium,Cotton
32,33,26,28.6,52.61,6.15,368.27,Alluvial Soil,Kharif,Amreli,Low,Sesame
57,41,36,18.95,52.97,6.83,182.38,Sandy Soil,Rabi,Ahmedabad,Low,Mustard
63,38,32,19.38,51.36,5.33,141.64,Loamy Soil,Rabi,Kutch,Low,Mustard
59,31,22,29.44,53.48,6.52,407.5,Sandy Soil,Kharif,Banaskantha,Low,Castor
59,32,28,31.9,34.22,6.7,236.02,Loamy Soil,Kharif,Jamnagar,Low,Bajra
114,45,48,30.54,63.04,6.08,759.47,Black Soil,Kharif,Surat,High,Cotton
39,52,36,24.25,43.35,6.31,187.95,Clay Soil,Rabi,Junagadh,Low,Gram
32,54,38,22.32,41.0,6.3,171.69,Loamy Soil,Rabi,Rajkot,Low,Gram
37,53,37,20.56,42.34,5.9,189.41,Black Soil,Rabi,Ahmedabad,Low,Gram
34,51,30,23.51,40.23,6.88,153.35,Black Soil,Rabi,Junagadh,Low,Gram
44,37,31,29.88,35.42,6.15,283.77,Loamy Soil,Kharif,Jamnagar,Low,Bajra
49,32,20,30.54,57.96,7.92,515.36,Alluvial Soil,Kharif,Mehsana,Low,Castor
97,53,35,31.71,66.19,7.24,765.45,Black Soil,Kharif,Rajkot,High,Cotton
75,38,32,35.35,37.99,6.63,314.78,Sandy Soil,Kharif,Kutch,Low,Bajra
33,46,32,27.77,75.85,6.15,582.52,Sandy Soil,Kharif,Jamnagar,Medium,Groundnut
89,31,39,18.28,49.87,6.15,172.73,Clay Soil,Rabi,Rajkot,Medium,Wheat
57,43,30,19.02,50.85,7.06,150.65,Alluvial Soil,Rabi,Jamnagar,Low,Mustard
63,45,32,24.0,56.05,6.64,159.85,Sandy Soil,Rabi,Banaskantha,Low,Mustard
89,48,44,18.41,44.77,6.93,230.09,Black Soil,Rabi,Ahmedabad,Medium,Wheat
37,32,31,23.86,32.43,6.5,111.18,Sandy Soil,Rabi,Banaskantha,Low,Cumin
30,31,26,22.79,29.11,6.9,140.79,Loamy Soil,Rabi,Mehsana,Low,Cumin
30,48,37,21.4,40.52,6.02,206.66,Loamy Soil,Rabi,Rajkot,Low,Gram
52,38,33,30.09,74.0,6.59,601.58,Sandy Soil,Kharif,Jamnagar,Medium,Groundnut
34,34,20,29.58,42.5,6.88,427.94,Sandy Soil,Kharif,Rajkot,Low,Sesame
104,60,45,21.63,50.03,7.0,259.14,Clay Soil,Rabi,Rajkot,Medium,Wheat
28,31,26,30.67,48.44,5.77,416.68,Loamy Soil,Kharif,Bhavnagar,Low,Sesame
27,54,35,19.5,41.62,6.41,189.62,Clay Soil,Rabi,Junagadh,Low,Gram
30,26,37,21.66,36.21,6.25,89.71,Alluvial Soil,Rabi,Banaskantha,Low,Cumin
81,54,37,27.96,72.54,5.86,884.82,Red Soil,Kharif,Anand,High,Maize
89,35,44,17.48,49.15,5.72,233.76,Loamy Soil,Rabi,Banaskantha,Medium,Wheat
109,55,53,32.7,61.32,6.33,747.99,Black Soil,Kharif,Amreli,High,Cotton
32,49,24,25.6,41.74,6.89,181.13,Clay Soil,Rabi,Ahmedabad,Low,Gram
37,43,30,27.35,65.64,6.7,607.72,Black Soil,Kharif,Bhavnagar,Medium,Groundnut
93,56,50,27.14,66.62,6.45,862.22,Loamy Soil,Kharif,Mehsana,High,Maize
29,22,29,30.53,51.18,6.63,404.93,Sandy Soil,Kharif,Amreli,Low,Sesame
41,39,34,27.18,71.69,6.62,655.15,Black Soil,Kharif,Jamnagar,Medium,Groundnut
45,36,35,27.69,74.27,6.89,730.4,Black Soil,Kharif,Rajkot,Medium,Groundnut
38,34,28,25.09,28.72,6.72,114.03,Alluvial Soil,Rabi,Banaskantha,Low,Cumin
84,41,41,26.26,69.55,6.22,799.49,Red Soil,Kharif,Anand,High,Maize
60,37,27,31.86,41.26,7.03,318.21,Loamy Soil,Kharif,Kutch,Low,Bajra
28,36,32,26.23,77.76,5.47,609.99,Loamy Soil,Kharif,Junagadh,Medium,Groundnut
83,47,36,27.88,74.4,7.78,925.76,Loamy Soil,Kharif,Mehsana,High,Maize
32,31,24,29.5,50.54,7.24,408.47,Alluvial Soil,Kharif,Bhavnagar,Low,Sesame
108,53,39,31.29,62.98,6.46,828.39,Alluvial Soil,Kharif,Junagadh,Medium,Cotton
85,51,40,27.03,62.33,6.92,1020.53,Alluvial Soil,Kharif,Mehsana,High,Maize
84,52,35,27.34,65.41,6.02,948.86,Loamy Soil,Kharif,Anand,High,Maize
41,47,32,22.4,37.97,6.85,217.28,Black Soil,Rabi,Rajkot,Low,Gram
60,35,26,27.72,53.79,6.14,451.36,Loamy Soil,Kharif,Mehsana,Low,Castor
38,37,30,23.05,38.23,6.55,104.43,Alluvial Soil,Rabi,Rajkot,Low,Cumin
55,34,21,26.51,62.16,6.01,415.69,Alluvial Soil,Kharif,Rajkot,Low,Castor
33,26,23,28.84,47.75,6.69,398.0,Sandy Soil,Kharif,Rajkot,Low,Sesame
20,45,29,24.32,40.2,7.34,185.2,Clay Soil,Rabi,Jamnagar,Low,Gram
103,55,55,32.6,63.33,6.28,815.9,Alluvial Soil,Kharif,Bhavnagar,High,Cotton
53,35,30,31.1,58.15,6.12,425.97,Sandy Soil,Kharif,Kutch,Low,Castor
25,55,35,23.94,42.33,6.69,167.39,Black Soil,Rabi,Junagadh,Low,Gram
83,45,40,26.51,71.28,7.02,830.9,Red Soil,Kharif,Banaskantha,High,Maize
37,38,40,21.84,43.75,7.26,184.2,Loamy Soil,Rabi,Junagadh,Low,Gram
36,21,24,30.18,45.3,6.47,400.21,Sandy Soil,Kharif,Kutch,Low,Sesame
40,34,25,33.73,54.79,6.26,498.15,Loamy Soil,Kharif,Amreli,Low,Sesame
63,31,37,35.52,42.11,6.72,236.23,Sandy Soil,Kharif,Ahmedabad,Low,Bajra
54,41,35,31.71,39.08,7.37,288.32,Sandy Soil,Kharif,Kutch,Low,Bajra
104,49,45,32.38,61.12,6.32,742.69,Black Soil,Kharif,Junagadh,High,Cotton
35,32,15,29.19,46.96,6.85,375.35,Loamy Soil,Kharif,Rajkot,Low,Sesame
33,29,28,29.89,54.31,6.8,419.9,Loamy Soil,Kharif,Rajkot,Low,Sesame
27,23,23,23.1,35.21,6.73,122.87,Alluvial Soil,Rabi,Banaskantha,Low,Cumin
56,45,38,18.3,54.51,7.54,173.87,Sandy Soil,Rabi,Jamnagar,Low,Mustard
65,44,44,18.66,55.47,6.79,182.42,Alluvial Soil,Rabi,Ahmedabad,Low,Mustard
42,35,25,30.35,53.93,6.35,457.95,Loamy Soil,Kharif,Banaskantha,Low,Castor
50,46,30,26.33,73.49,6.44,728.71,Sandy Soil,Kharif,Jamnagar,Medium,Groundnut
35,21,29,30.93,51.07,6.51,417.7,Loamy Soil,Kharif,Junagadh,Low,Sesame
37,29,36,25.02,35.18,6.46,130.2,Alluvial Soil,Rabi,Rajkot,Low,Cumin
65,33,29,18.69,53.61,7.1,142.76,Loamy Soil,Rabi,Ahmedabad,Low,Mustard
34,48,30,22.64,45.34,6.25,165.22,Clay Soil,Rabi,Ahmedabad,Low,Gram
36,35,26,21.44,36.01,5.04,112.66,Sandy Soil,Rabi,Kutch,Low,Cumin
52,37,32,33.85,41.33,5.98,334.57,Loamy Soil,Kharif,Ahmedabad,Low,Bajra
100,48,49,31.71,61.87,7.17,861.93,Black Soil,Kharif,Jamnagar,Medium,Cotton
39,41,37,24.84,71.17,6.91,635.3,Sandy Soil,Kharif,Bhavnagar,Medium,Groundnut
53,35,29,31.99,57.19,6.64,471.14,Loamy Soil,Kharif,Rajkot,Low,Castor
65,40,35,22.12,52.95,6.47,179.84,Sandy Soil,Rabi,Ahmedabad,Low,Mustard
66,46,34,19.11,54.45,6.13,185.88,Alluvial Soil,Rabi,Banaskantha,Low,Mustard
38,38,22,23.6,30.95,6.67,121.33,Alluvial Soil,Rabi,Jamnagar,Low,Cumin
79,47,42,28.46,65.44,6.75,869.06,Red Soil,Kharif,Ahmedabad,High,Maize
59,39,34,19.48,48.32,6.85,155.97,Alluvial Soil,Rabi,Mehsana,Low,Mustard
56,42,28,17.19,50.18,5.95,141.66,Loamy Soil,Rabi,Ahmedabad,Low,Mustard
28,31,29,23.82,37.06,7.13,151.96,Alluvial Soil,Rabi,Jamnagar,Low,Cumin
33,35,27,29.93,54.93,6.59,407.63,Loamy Soil,Kharif,Kutch,Low,Sesame
36,35,32,23.06,33.23,6.03,153.11,Sandy Soil,Rabi,Mehsana,Low,Cumin
33,22,21,29.88,54.59,6.74,345.36,Alluvial Soil,Kharif,Bhavnagar,Low,Sesame
26,46,31,23.38,42.02,6.02,148.03,Black Soil,Rabi,Rajkot,Low,Gram
47,43,36,28.28,73.61,6.71,569.76,Sandy Soil,Kharif,Bhavnagar,Medium,Groundnut
87,40,40,20.0,46.28,7.34,248.88,Black Soil,Rabi,Ahmedabad,Medium,Wheat
86,37,52,21.56,45.82,6.96,188.93,Black Soil,Rabi,Ahmedabad,Medium,Wheat
49,36,38,34.05,44.43,7.62,380.44,Sandy Soil,Kharif,Jamnagar,Low,Bajra
42,48,37,26.1,76.88,5.25,611.56,Black Soil,Kharif,Rajkot,Medium,Groundnut
51,41,30,20.83,54.77,6.64,125.58,Sandy Soil,Rabi,Kutch,Low,Mustard
48,31,32,28.55,57.98,6.73,431.73,Loamy Soil,Kharif,Banaskantha,Low,Castor
55,36,23,35.38,36.1,6.49,247.53,Sandy Soil,Kharif,Jamnagar,Low,Bajra
37,48,24,29.57,75.13,6.55,638.65,Sandy Soil,Kharif,Jamnagar,Medium,Groundnut
49,33,32,18.63,51.44,7.23,177.0,Loamy Soil,Rabi,Jamnagar,Low,Mustard
98,51,54,32.79,55.2,6.83,812.98,Alluvial Soil,Kharif,Rajkot,Medium,Cotton
108,54,52,31.78,69.01,6.5,803.86,Black Soil,Kharif,Bhavnagar,Medium,Cotton
91,52,39,26.18,68.72,7.44,946.05,Alluvial Soil,Kharif,Anand,High,Maize
33,45,31,30.23,73.74,5.58,586.76,Loamy Soil,Kharif,Bhavnagar,Medium,Groundnut
31,50,35,19.79,42.49,5.83,199.07,Clay Soil,Rabi,Ahmedabad,Low,Gram
28,49,39,28.52,69.78,6.44,594.07,Loamy Soil,Kharif,Jamnagar,Medium,Groundnut
101,55,43,29.79,66.68,5.47,778.84,Alluvial Soil,Kharif,Jamnagar,High,Cotton
30,48,40,21.46,44.69,6.06,213.88,Loamy Soil,Rabi,Vadodara,Low,Gram
44,47,29,28.23,70.38,6.51,666.54,Sandy Soil,Kharif,Bhavnagar,Medium,Groundnut
31,50,37,26.34,75.89,6.43,670.93,Sandy Soil,Kharif,Amreli,Medium,Groundnut
86,51,40,19.75,45.56,6.71,199.47,Clay Soil,Rabi,Anand,Medium,Wheat
77,53,41,28.11,71.95,6.38,1014.04,Red Soil,Kharif,Ahmedabad,High,Maize
61,51,37,18.5,52.23,5.91,199.87,Alluvial Soil,Rabi,Banaskantha,Low,Mustard
34,26,22,29.57,49.98,6.98,350.64,Alluvial Soil,Kharif,Bhavnagar,Low,Sesame
59,42,31,19.23,53.38,6.02,179.28,Alluvial Soil,Rabi,Ahmedabad,Low,Mustard
99,56,40,25.69,70.67,5.78,766.52,Red Soil,Kharif,Mehsana,High,Maize
75,58,44,26.58,70.55,6.74,804.74,Alluvial Soil,Kharif,Banaskantha,High,Maize
49,37,43,19.59,51.74,6.63,198.9,Alluvial Soil,Rabi,Mehsana,Low,Mustard
37,33,28,23.61,32.92,6.31,123.72,Loamy Soil,Rabi,Kutch,Low,Cumin
96,47,45,34.13,67.67,6.93,705.58,Black Soil,Kharif,Junagadh,Medium,Cotton
63,36,40,19.28,48.41,6.96,203.64,Alluvial Soil,Rabi,Mehsana,Low,Mustard
28,30,35,23.3,35.9,6.18,106.45,Alluvial Soil,Rabi,Kutch,Low,Cumin
41,46,31,21.41,39.46,6.82,143.29,Black Soil,Rabi,Jamnagar,Low,Gram
59,41,38,18.31,54.34,7.07,176.76,Loamy Soil,Rabi,Ahmedabad,Low,Mustard
44,55,35,21.8,39.99,7.41,148.36,Clay Soil,Rabi,Jamnagar,Low,Gram
39,41,29,31.54,57.77,6.42,448.52,Alluvial Soil,Kharif,Rajkot,Low,Castor
50,42,27,27.57,54.25,7.09,355.79,Alluvial Soil,Kharif,Mehsana,Low,Castor
94,52,49,30.92,66.41,6.26,799.04,Alluvial Soil,Kharif,Surat,High,Cotton
103,51,52,31.85,63.72,6.77,858.41,Alluvial Soil,Kharif,Bhavnagar,High,Cotton
72,45,35,27.1,72.99,5.87,917.18,Alluvial Soil,Kharif,Ahmedabad,High,Maize
90,42,44,26.14,64.85,6.56,935.94,Alluvial Soil,Kharif,Vadodara,High,Maize
67,33,35,19.58,59.59,6.34,144.85,Sandy Soil,Rabi,Banaskantha,Low,Mustard
32,27,21,28.85,46.76,7.27,454.0,Loamy Soil,Kharif,Bhavnagar,Low,Sesame
33,31,28,22.67,33.12,7.52,143.34,Alluvial Soil,Rabi,Banaskantha,Low,Cumin
34,22,28,31.25,45.82,6.59,369.1,Sandy Soil,Kharif,Rajkot,Low,Sesame
44,26,29,29.33,59.28,6.26,449.28,Sandy Soil,Kharif,Kutch,Low,Castor
58,34,35,35.88,30.29,6.28,197.61,Sandy Soil,Kharif,Jamnagar,Low,Bajra
88,45,37,20.5,47.95,7.0,200.01,Black Soil,Rabi,Banaskantha,Medium,Wheat
27,46,34,22.36,43.31,6.6,187.65,Black Soil,Rabi,Vadodara,Low,Gram
81,50,44,25.16,71.2,6.52,879.75,Alluvial Soil,Kharif,Anand,High,Maize
89,53,46,27.19,70.41,7.14,907.42,Loamy Soil,Kharif,Banaskantha,High,Maize
32,44,35,22.34,42.4,7.42,185.0,Black Soil,Rabi,Ahmedabad,Low,Gram
27,51,33,23.71,40.26,6.34,137.95,Loamy Soil,Rabi,Jamnagar,Low,Gram
101,47,40,22.29,48.15,6.51,171.48,Alluvial Soil,Rabi,Anand,Medium,Wheat
51,37,38,35.48,44.11,6.34,249.04,Sandy Soil,Kharif,Ahmedabad,Low,Bajra
109,48,45,31.48,60.12,6.65,817.4,Alluvial Soil,Kharif,Vadodara,Medium,Cotton
34,32,26,31.46,53.39,5.9,419.57,Alluvial Soil,Kharif,Kutch,Low,Sesame
36,50,33,27.29,74.51,6.08,654.77,Black Soil,Kharif,Amreli,Medium,Groundnut
93,52,36,20.79,44.76,6.93,184.17,Clay Soil,Rabi,Ahmedabad,Medium,Wheat
45,28,37,36.9,40.11,4.5,244.02,Loamy Soil,Kharif,Mehsana,Low,Bajra
104,60,51,33.05,65.28,7.21,827.32,Black Soil,Kharif,Surat,Medium,Cotton
20,41,37,18.73,41.28,7.2,196.6,Black Soil,Rabi,Junagadh,Low,Gram
63,42,34,21.91,54.91,6.32,186.46,Alluvial Soil,Rabi,Ahmedabad,Low,Mustard
100,52,46,33.59,64.72,5.94,773.76,Black Soil,Kharif,Vadodara,High,Cotton
54,31,34,16.82,52.91,6.42,153.61,Loamy Soil,Rabi,Mehsana,Low,Mustard
84,55,42,25.53,73.75,7.32,831.96,Red Soil,Kharif,Anand,High,Maize
38,33,40,21.5,39.44,6.07,126.43,Loamy Soil,Rabi,Kutch,Low,Cumin
93,42,40,19.0,41.4,6.2,176.52,Loamy Soil,Rabi,Ahmedabad,Medium,Wheat
91,51,49,31.3,69.51,6.71,802.63,Black Soil,Kharif,Bhavnagar,High,Cotton
71,48,41,25.03,69.6,6.57,934.59,Red Soil,Kharif,Ahmedabad,High,Maize
53,39,33,34.56,41.17,6.73,270.24,Loamy Soil,Kharif,Kutch,Low,Bajra
39,42,26,26.86,73.0,6.66,657.43,Sandy Soil,Kharif,Amreli,Medium,Groundnut
40,34,27,26.32,55.63,5.91,485.33,Sandy Soil,Kharif,Kutch,Low,Castor
65,39,36,20.01,53.16,6.08,179.77,Loamy Soil,Rabi,Kutch,Low,Mustard
64,30,24,33.94,41.96,6.84,227.69,Sandy Soil,Kharif,Kutch,Low,Bajra
44,48,32,29.19,78.87,7.36,623.87,Sandy Soil,Kharif,Amreli,Medium,Groundnut
29,28,22,31.48,52.37,6.09,411.72,Alluvial Soil,Kharif,Amreli,Low,Sesame
101,49,42,29.66,62.68,6.74,753.14,Black Soil,Kharif,Vadodara,High,Cotton
52,34,42,21.97,53.54,5.48,152.94,Loamy Soil,Rabi,Jamnagar,Low,Mustard
93,44,43,26.78,70.54,7.33,1100.0,Red Soil,Kharif,Ahmedabad,High,Maize
113,47,48,21.26,47.54,6.9,223.94,Clay Soil,Rabi,Rajkot,Medium,Wheat
27,36,23,28.81,45.95,6.58,401.19,Alluvial Soil,Kharif,Junagadh,Low,Sesame
106,46,43,34.55,64.36,6.61,858.0,Alluvial Soil,Kharif,Amreli,Medium,Cotton
39,29,30,23.07,35.05,7.0,127.16,Sandy Soil,Rabi,Rajkot,Low,Cumin
108,57,43,32.05,67.28,6.4,871.53,Alluvial Soil,Kharif,Vadodara,High,Cotton
72,45,43,21.39,59.11,5.98,142.46,Sandy Soil,Rabi,Banaskantha,Low,Mustard
64,43,31,19.05,52.39,6.58,154.46,Alluvial Soil,Rabi,Banaskantha,Low,Mustard
88,53,48,17.45,44.31,6.58,154.16,Alluvial Soil,Rabi,Rajkot,Medium,Wheat
49,27,33,36.23,41.16,6.73,282.0,Sandy Soil,Kharif,Jamnagar,Low,Bajra
92,58,49,29.94,63.2,6.69,855.85,Black Soil,Kharif,Jamnagar,High,Cotton
37,29,30,25.21,33.28,6.68,110.55,Alluvial Soil,Rabi,Mehsana,Low,Cumin
84,49,51,26.38,70.56,6.3,952.23,Red Soil,Kharif,Banaskantha,High,Maize
31,35,34,22.29,37.47,6.79,104.66,Sandy Soil,Rabi,Banaskantha,Low,Cumin
101,53,46,33.99,59.66,6.09,793.12,Alluvial Soil,Kharif,Amreli,High,Cotton
55,27,32,33.01,43.45,6.62,294.72,Loamy Soil,Kharif,Kutch,Low,Bajra
79,42,46,18.55,48.94,6.86,217.88,Clay Soil,Rabi,Mehsana,Medium,Wheat
36,40,35,27.7,72.3,6.64,663.26,Black Soil,Kharif,Junagadh,Medium,Groundnut
31,30,20,32.14,58.68,6.49,365.8,Alluvial Soil,Kharif,Rajkot,Low,Sesame
87,59,44,28.86,71.34,6.66,977.65,Loamy Soil,Kharif,Anand,High,Maize
87,52,39,25.25,70.29,6.32,998.61,Alluvial Soil,Kharif,Vadodara,High,Maize
37,36,34,29.7,73.19,6.08,652.23,Loamy Soil,Kharif,Junagadh,Medium,Groundnut
50,38,39,27.65,72.59,5.96,611.44,Sandy Soil,Kharif,Jamnagar,Medium,Groundnut
42,34,29,22.11,31.99,5.71,131.41,Alluvial Soil,Rabi,Mehsana,Low,Cumin
51,30,30,35.5,41.19,7.0,265.49,Loamy Soil,Kharif,Jamnagar,Low,Bajra
32,32,29,22.81,36.44,6.32,50.0,Loamy Soil,Rabi,Jamnagar,Low,Cumin
58,32,34,33.95,37.18,6.12,327.05,Sandy Soil,Kharif,Ahmedabad,Low,Bajra
39,34,29,24.15,34.99,6.49,132.99,Loamy Soil,Rabi,Rajkot,Low,Cumin
103,51,42,31.04,71.83,6.5,852.14,Alluvial Soil,Kharif,Amreli,Medium,Cotton
89,50,55,33.03,64.47,6.65,759.97,Black Soil,Kharif,Vadodara,High,Cotton
86,55,49,32.33,66.15,6.16,815.48,Black Soil,Kharif,Bhavnagar,High,Cotton
104,45,51,30.76,61.22,6.33,760.95,Alluvial Soil,Kharif,Jamnagar,High,Cotton
100,54,57,32.32,73.67,6.78,682.62,Black Soil,Kharif,Bhavnagar,Medium,Cotton
92,57,52,32.6,68.94,5.91,911.15,Alluvial Soil,Kharif,Amreli,Medium,Cotton
85,44,44,18.97,48.09,7.08,161.92,Alluvial Soil,Rabi,Banaskantha,Medium,Wheat
36,43,42,22.63,43.21,6.41,138.92,Clay Soil,Rabi,Jamnagar,Low,Gram
85,56,43,25.82,70.33,6.32,910.83,Alluvial Soil,Kharif,Vadodara,High,Maize
86,53,40,27.56,74.34,6.32,907.68,Alluvial Soil,Kharif,Vadodara,High,Maize
40,30,31,31.61,50.38,6.85,463.25,Loamy Soil,Kharif,Banaskantha,Low,Castor
96,48,49,34.2,65.47,7.0,707.32,Alluvial Soil,Kharif,Rajkot,Medium,Cotton
88,44,39,29.61,66.92,6.97,868.12,Loamy Soil,Kharif,Ahmedabad,High,Maize
60,39,32,18.79,52.76,7.01,183.21,Alluvial Soil,Rabi,Ahmedabad,Low,Mustard
84,45,46,18.62,51.13,5.94,208.72,Loamy Soil,Rabi,Ahmedabad,Medium,Wheat
42,43,28,28.47,73.0,7.56,618.76,Loamy Soil,Kharif,Jamnagar,Medium,Groundnut
96,55,39,32.3,66.84,6.84,670.88,Alluvial Soil,Kharif,Vadodara,High,Cotton
45,52,34,21.54,52.06,6.43,173.69,Sandy Soil,Rabi,Jamnagar,Low,Mustard
33,29,17,30.05,51.03,6.8,436.94,Sandy Soil,Kharif,Rajkot,Low,Sesame
33,26,24,28.66,54.25,6.86,416.26,Alluvial Soil,Kharif,Junagadh,Low,Sesame
104,53,53,34.22,68.38,5.58,714.69,Alluvial Soil,Kharif,Surat,Medium,Cotton
82,48,44,25.15,70.08,6.62,926.42,Alluvial Soil,Kharif,Anand,High,Maize
33,40,32,28.1,76.36,6.69,514.62,Black Soil,Kharif,Bhavnagar,Medium,Groundnut
113,61,44,30.68,64.58,6.53,872.95,Black Soil,Kharif,Rajkot,High,Cotton
41,31,29,23.16,33.63,6.96,116.76,Alluvial Soil,Rabi,Kutch,Low,Cumin
84,45,34,27.29,77.83,7.14,974.44,Alluvial Soil,Kharif,Banaskantha,High,Maize
97,45,42,33.74,65.46,6.22,833.98,Black Soil,Kharif,Vadodara,High,Cotton
27,31,20,23.66,36.52,6.44,89.37,Sandy Soil,Rabi,Banaskantha,Low,Cumin
55,42,39,17.72,53.91,6.63,141.5,Alluvial Soil,Rabi,Jamnagar,Low,Mustard
31,51,30,28.03,67.39,5.84,680.49,Black Soil,Kharif,Junagadh,Medium,Groundnut
56,38,32,19.08,49.66,6.88,222.7,Loamy Soil,Rabi,Jamnagar,Low,Mustard
107,49,50,31.38,63.45,6.62,672.45,Black Soil,Kharif,Amreli,Medium,Cotton
31,47,32,19.85,45.85,7.08,164.97,Loamy Soil,Rabi,Rajkot,Low,Gram
58,44,32,18.27,52.79,5.81,218.86,Loamy Soil,Rabi,Kutch,Low,Mustard
102,38,40,19.34,47.75,6.39,214.47,Loamy Soil,Rabi,Anand,Medium,Wheat
33,24,27,31.98,51.31,6.79,360.16,Alluvial Soil,Kharif,Rajkot,Low,Sesame
100,52,38,26.2,70.16,7.15,994.07,Red Soil,Kharif,Ahmedabad,High,Maize
43,33,23,28.25,45.28,6.62,433.79,Alluvial Soil,Kharif,Junagadh,Low,Sesame
87,46,49,24.17,71.59,5.86,866.04,Alluvial Soil,Kharif,Vadodara,High,Maize
125,49,48,34.06,71.69,7.53,880.56,Alluvial Soil,Kharif,Jamnagar,High,Cotton
86,62,49,30.12,63.53,6.56,913.64,Black Soil,Kharif,Surat,Medium,Cotton
88,57,36,28.1,73.76,5.76,887.92,Alluvial Soil,Kharif,Anand,High,Maize
41,54,38,26.14,45.01,7.01,203.16,Clay Soil,Rabi,Junagadh,Low,Gram
82,52,37,19.0,45.76,5.92,190.67,Clay Soil,Rabi,Banaskantha,Medium,Wheat
51,29,26,26.83,55.29,7.17,360.22,Alluvial Soil,Kharif,Banaskantha,Low,Castor
59,37,34,20.88,55.16,5.2,173.67,Alluvial Soil,Rabi,Jamnagar,Low,Mustard
31,57,35,22.26,44.72,6.2,211.18,Black Soil,Rabi,Vadodara,Low,Gram
28,55,33,22.58,45.26,5.99,190.36,Clay Soil,Rabi,Rajkot,Low,Gram
37,52,31,24.84,39.79,6.53,145.77,Black Soil,Rabi,Junagadh,Low,Gram
54,29,34,35.69,37.22,7.48,338.42,Loamy Soil,Kharif,Jamnagar,Low,Bajra
85,43,44,24.17,68.88,6.6,1058.48,Alluvial Soil,Kharif,Banaskantha,High,Maize
93,62,36,33.75,64.25,6.93,805.32,Black Soil,Kharif,Surat,High,Cotton
31,24,23,28.69,47.61,6.57,444.99,Sandy Soil,Kharif,Kutch,Low,Sesame
35,30,23,25.35,46.81,6.57,439.39,Sandy Soil,Kharif,Bhavnagar,Low,Sesame
114,53,53,30.02,65.89,6.94,805.49,Black Soil,Kharif,Rajkot,Medium,Cotton
59,43,36,17.77,53.11,6.1,216.76,Loamy Soil,Rabi,Ahmedabad,Low,Mustard
32,23,21,27.67,47.67,6.23,354.96,Sandy Soil,Kharif,Rajkot,Low,Sesame
30,21,22,26.06,48.79,6.25,420.12,Loamy Soil,Kharif,Kutch,Low,Sesame
32,47,35,24.78,44.4,6.33,159.19,Loamy Soil,Rabi,Junagadh,Low,Gram
37,41,35,26.77,74.63,6.6,647.75,Loamy Soil,Kharif,Rajkot,Medium,Groundnut
23,50,30,26.22,74.85,6.49,710.81,Loamy Soil,Kharif,Amreli,Medium,Groundnut
82,56,48,28.58,69.34,6.64,815.03,Loamy Soil,Kharif,Vadodara,High,Maize
101,59,51,30.87,73.28,6.63,885.03,Black Soil,Kharif,Surat,High,Cotton
36,21,33,22.18,37.75,5.8,139.08,Loamy Soil,Rabi,Jamnagar,Low,Cumin
78,40,43,20.12,42.62,6.09,219.71,Alluvial Soil,Rabi,Anand,Medium,Wheat
44,38,36,32.86,41.47,6.32,311.89,Loamy Soil,Kharif,Kutch,Low,Bajra
48,34,28,29.31,55.88,7.1,470.24,Loamy Soil,Kharif,Kutch,Low,Castor
72,40,34,20.17,52.36,7.14,129.09,Loamy Soil,Rabi,Banaskantha,Low,Mustard
102,41,50,33.4,64.73,7.37,857.32,Black Soil,Kharif,Junagadh,Medium,Cotton
65,34,47,18.1,54.46,7.49,190.17,Alluvial Soil,Rabi,Kutch,Low,Mustard
86,52,40,26.72,70.81,6.93,847.18,Red Soil,Kharif,Mehsana,High,Maize
33,45,30,29.57,75.78,6.93,665.31,Sandy Soil,Kharif,Amreli,Medium,Groundnut
83,48,47,26.57,65.89,5.71,924.18,Red Soil,Kharif,Banaskantha,High,Maize
83,49,42,28.86,67.02,7.23,928.08,Red Soil,Kharif,Ahmedabad,High,Maize
46,36,28,30.77,49.03,6.42,477.45,Sandy Soil,Kharif,Anand,Low,Castor
32,26,26,31.29,52.94,6.4,404.11,Loamy Soil,Kharif,Bhavnagar,Low,Sesame
63,42,32,20.72,51.13,6.19,130.99,Alluvial Soil,Rabi,Banaskantha,Low,Mustard
41,41,29,28.71,55.82,7.0,455.6,Alluvial Soil,Kharif,Rajkot,Low,Castor
38,51,32,26.85,74.2,6.35,681.03,Sandy Soil,Kharif,Junagadh,Medium,Groundnut
83,54,49,27.9,70.44,6.24,832.63,Alluvial Soil,Kharif,Mehsana,High,Maize
31,24,22,29.18,48.13,6.13,437.17,Loamy Soil,Kharif,Kutch,Low,Sesame
57,31,37,21.12,50.85,7.33,189.62,Alluvial Soil,Rabi,Banaskantha,Low,Mustard
32,24,24,30.01,48.76,5.9,444.98,Sandy Soil,Kharif,Kutch,Low,Sesame
96,45,53,34.25,70.57,7.11,786.83,Black Soil,Kharif,Bhavnagar,Medium,Cotton
66,47,38,27.25,63.28,5.48,1044.67,Red Soil,Kharif,Mehsana,High,Maize
48,52,28,28.15,74.19,7.26,685.92,Sandy Soil,Kharif,Jamnagar,Medium,Groundnut
77,52,45,27.19,66.43,6.24,895.98,Loamy Soil,Kharif,Ahmedabad,High,Maize
104,61,54,31.09,67.73,6.02,846.4,Alluvial Soil,Kharif,Jamnagar,Medium,Cotton
34,29,22,22.48,32.07,6.51,136.5,Loamy Soil,Rabi,Rajkot,Low,Cumin
51,35,16,30.48,49.5,6.14,499.72,Loamy Soil,Kharif,Anand,Low,Castor
48,41,26,27.91,71.63,6.08,646.01,Black Soil,Kharif,Amreli,Medium,Groundnut
61,37,37,37.23,41.92,6.55,279.05,Sandy Soil,Kharif,Banaskantha,Low,Bajra
53,38,30,20.86,55.71,7.48,174.96,Alluvial Soil,Rabi,Banaskantha,Low,Mustard
63,38,28,33.86,42.63,5.94,267.48,Loamy Soil,Kharif,Mehsana,Low,Bajra
89,67,57,31.96,65.86,6.18,828.82,Black Soil,Kharif,Surat,High,Cotton
98,43,43,17.48,50.06,6.16,163.77,Black Soil,Rabi,Ahmedabad,Medium,Wheat
81,46,42,25.18,68.71,6.48,943.26,Alluvial Soil,Kharif,Vadodara,High,Maize
55,41,33,28.85,55.83,6.3,532.38,Alluvial Soil,Kharif,Banaskantha,Low,Castor
77,50,41,24.05,66.58,6.34,948.49,Red Soil,Kharif,Vadodara,High,Maize
66,46,37,28.14,69.19,6.36,899.4,Loamy Soil,Kharif,Vadodara,High,Maize
49,42,32,28.24,74.05,6.51,659.51,Sandy Soil,Kharif,Jamnagar,Medium,Groundnut
35,30,27,30.04,48.8,6.59,361.98,Sandy Soil,Kharif,Rajkot,Low,Sesame
36,47,31,27.74,73.52,6.2,724.65,Loamy Soil,Kharif,Bhavnagar,Medium,Groundnut
93,40,42,16.75,50.94,5.85,218.08,Loamy Soil,Rabi,Banaskantha,Medium,Wheat
78,50,43,27.81,75.02,5.85,922.52,Loamy Soil,Kharif,Ahmedabad,High,Maize
116,44,44,32.17,69.8,5.78,877.54,Alluvial Soil,Kharif,Jamnagar,Medium,Cotton
58,37,31,22.39,53.72,6.53,151.51,Alluvial Soil,Rabi,Ahmedabad,Low,Mustard
36,25,20,32.18,51.16,6.89,375.72,Loamy Soil,Kharif,Bhavnagar,Low,Sesame
88,50,47,25.75,64.98,6.58,925.35,Red Soil,Kharif,Anand,High,Maize
35,27,31,24.9,34.57,6.53,95.91,Loamy Soil,Rabi,Rajkot,Low,Cumin
34,50,29,18.76,39.71,5.66,180.61,Black Soil,Rabi,Ahmedabad,Low,Gram
40,27,20,30.91,48.79,6.42,474.93,Loamy Soil,Kharif,Bhavnagar,Low,Sesame
100,55,48,19.94,46.65,6.59,245.33,Clay Soil,Rabi,Rajkot,Medium,Wheat
44,33,25,30.62,54.57,6.13,455.95,Loamy Soil,Kharif,Rajkot,Low,Castor
56,32,27,28.99,56.78,6.0,435.07,Alluvial Soil,Kharif,Rajkot,Low,Castor
61,42,24,33.09,35.75,6.1,345.92,Sandy Soil,Kharif,Ahmedabad,Low,Bajra
33,44,39,21.07,46.99,6.26,182.72,Black Soil,Rabi,Jamnagar,Low,Gram
86,48,45,29.87,62.54,6.83,895.15,Alluvial Soil,Kharif,Jamnagar,High,Cotton
66,34,30,34.68,40.43,6.25,294.63,Loamy Soil,Kharif,Mehsana,Low,Bajra
27,37,26,25.92,37.99,6.63,117.79,Loamy Soil,Rabi,Banaskantha,Low,Cumin
94,48,50,18.05,47.09,7.71,197.36,Black Soil,Rabi,Mehsana,Medium,Wheat
61,46,32,21.97,55.17,7.24,172.16,Sandy Soil,Rabi,Banaskantha,Low,Mustard
54,27,39,34.37,37.37,6.72,281.09,Loamy Soil,Kharif,Kutch,Low,Bajra
37,52,30,20.04,44.7,6.43,126.42,Loamy Soil,Rabi,Vadodara,Low,Gram
84,50,43,17.8,46.34,6.53,155.46,Black Soil,Rabi,Banaskantha,Medium,Wheat
30,57,36,21.83,43.0,6.25,217.11,Loamy Soil,Rabi,Jamnagar,Low,Gram
34,51,40,27.95,75.62,5.97,703.76,Loamy Soil,Kharif,Rajkot,Medium,Groundnut
34,32,33,21.16,30.32,8.0,121.69,Sandy Soil,Rabi,Banaskantha,Low,Cumin
35,46,33,25.86,67.96,6.65,656.77,Black Soil,Kharif,Jamnagar,Medium,Groundnut
32,27,28,29.98,51.8,6.86,394.74,Sandy Soil,Kharif,Kutch,Low,Sesame
27,23,33,21.31,34.35,6.96,83.84,Alluvial Soil,Rabi,Jamnagar,Low,Cumin
100,54,45,32.36,63.86,6.81,775.36,Alluvial Soil,Kharif,Surat,High,Cotton
55,32,26,31.63,48.82,6.28,481.02,Sandy Soil,Kharif,Rajkot,Low,Castor
88,43,40,18.76,46.73,6.5,213.11,Alluvial Soil,Rabi,Rajkot,Medium,Wheat
96,62,49,30.85,64.9,6.51,831.51,Alluvial Soil,Kharif,Junagadh,High,Cotton
40,47,33,28.61,73.58,5.61,681.84,Loamy Soil,Kharif,Junagadh,Medium,Groundnut
51,39,32,30.69,47.56,6.57,460.59,Sandy Soil,Kharif,Mehsana,Low,Castor
49,31,29,32.72,57.58,7.2,379.86,Sandy Soil,Kharif,Mehsana,Low,Castor
32,49,34,29.4,73.31,6.57,563.7,Black Soil,Kharif,Rajkot,Medium,Groundnut
61,40,34,36.03,32.96,6.38,150.0,Sandy Soil,Kharif,Banaskantha,Low,Bajra
49,55,32,23.09,41.52,7.01,154.64,Loamy Soil,Rabi,Rajkot,Low,Gram
91,50,44,19.72,47.27,6.9,177.74,Loamy Soil,Rabi,Banaskantha,Medium,Wheat
38,38,38,30.8,72.4,7.58,654.57,Sandy Soil,Kharif,Bhavnagar,Medium,Groundnut
57,39,24,28.86,56.52,5.91,418.72,Loamy Soil,Kharif,Rajkot,Low,Castor
102,53,52,31.82,66.3,6.45,817.69,Black Soil,Kharif,Surat,High,Cotton
80,34,42,21.77,48.16,5.9,233.9,Loamy Soil,Rabi,Mehsana,Medium,Wheat
87,52,36,25.98,71.73,6.46,912.51,Alluvial Soil,Kharif,Ahmedabad,High,Maize
70,48,41,27.44,65.26,6.38,938.42,Alluvial Soil,Kharif,Anand,High,Maize
30,34,21,30.13,47.6,6.8,393.25,Loamy Soil,Kharif,Rajkot,Low,Sesame
66,47,45,21.09,48.21,6.53,237.63,Loamy Soil,Rabi,Banaskantha,Medium,Wheat
38,26,26,28.42,41.79,6.55,354.53,Loamy Soil,Kharif,Junagadh,Low,Sesame
38,37,24,32.08,55.03,6.26,329.16,Sandy Soil,Kharif,Anand,Low,Castor
83,40,33,19.23,51.3,6.87,207.59,Black Soil,Rabi,Ahmedabad,Medium,Wheat
92,41,45,33.34,69.64,6.86,828.62,Alluvial Soil,Kharif,Vadodara,Medium,Cotton
33,47,34,21.79,44.74,6.5,189.84,Clay Soil,Rabi,Junagadh,Low,Gram
47,40,25,33.51,35.29,5.2,290.27,Loamy Soil,Kharif,Kutch,Low,Bajra
75,49,46,18.55,45.63,6.33,156.71,Black Soil,Rabi,Banaskantha,Medium,Wheat
86,45,43,25.53,70.54,7.17,917.4,Red Soil,Kharif,Mehsana,High,Maize
51,35,36,35.39,36.07,6.31,278.18,Loamy Soil,Kharif,Jamnagar,Low,Bajra
98,48,42,20.87,44.6,7.04,191.3,Black Soil,Rabi,Rajkot,Medium,Wheat
95,50,53,33.22,60.85,6.53,752.69,Alluvial Soil,Kharif,Jamnagar,High,Cotton
63,40,40,17.69,51.94,6.56,124.38,Loamy Soil,Rabi,Jamnagar,Low,Mustard
35,40,30,30.9,71.5,6.95,631.2,Sandy Soil,Kharif,Jamnagar,Medium,Groundnut
87,50,43,18.06,48.41,5.95,217.85,Black Soil,Rabi,Banaskantha,Medium,Wheat
76,46,45,27.11,70.31,5.99,864.67,Red Soil,Kharif,Banaskantha,High,Maize
88,39,38,23.4,44.68,6.24,217.23,Clay Soil,Rabi,Anand,Medium,Wheat
35,42,38,22.35,39.93,5.95,123.65,Sandy Soil,Rabi,Mehsana,Low,Cumin
73,31,31,32.66,38.12,6.91,304.83,Loamy Soil,Kharif,Banaskantha,Low,Bajra
38,44,25,28.52,72.28,7.31,603.02,Black Soil,Kharif,Bhavnagar,Medium,Groundnut
87,53,43,30.38,70.59,7.0,878.39,Loamy Soil,Kharif,Ahmedabad,High,Maize
62,36,40,15.84,53.02,5.85,136.03,Sandy Soil,Rabi,Mehsana,Low,Mustard
32,42,31,26.45,76.18,5.84,717.31,Loamy Soil,Kharif,Rajkot,Medium,Groundnut
36,30,23,26.88,51.6,5.91,379.58,Sandy Soil,Kharif,Kutch,Low,Sesame
93,53,42,20.66,48.26,7.15,219.21,Black Soil,Rabi,Rajkot,Medium,Wheat
70,37,51,19.52,48.75,6.77,201.87,Loamy Soil,Rabi,Ahmedabad,Medium,Wheat
97,50,43,32.99,64.4,6.18,888.09,Black Soil,Kharif,Vadodara,High,Cotton
55,34,18,29.05,58.02,5.78,484.79,Alluvial Soil,Kharif,Anand,Low,Castor
52,35,20,27.14,55.27,6.94,516.59,Sandy Soil,Kharif,Mehsana,Low,Castor
62,37,35,30.22,42.43,6.97,181.68,Sandy Soil,Kharif,Kutch,Low,Bajra
73,51,39,27.38,72.83,6.02,906.14,Loamy Soil,Kharif,Vadodara,High,Maize
34,52,43,21.27,43.97,6.41,199.07,Black Soil,Rabi,Ahmedabad,Low,Gram
35,39,30,29.37,55.39,6.56,351.03,Alluvial Soil,Kharif,Anand,Low,Castor
90,41,43,28.41,71.83,6.3,816.71,Loamy Soil,Kharif,Anand,High,Maize
41,29,29,30.32,48.42,6.09,465.69,Sandy Soil,Kharif,Kutch,Low,Castor
55,34,36,34.77,41.61,6.26,275.07,Loamy Soil,Kharif,Kutch,Low,Bajra
99,49,59,34.45,62.11,6.78,849.95,Black Soil,Kharif,Junagadh,High,Cotton
32,30,29,23.95,36.1,6.05,101.28,Loamy Soil,Rabi,Rajkot,Low,Cumin
93,49,45,32.36,67.38,6.47,801.07,Black Soil,Kharif,Bhavnagar,High,Cotton
35,21,21,32.17,51.23,6.18,387.57,Sandy Soil,Kharif,Bhavnagar,Low,Sesame
54,36,27,28.28,57.28,6.65,373.6,Loamy Soil,Kharif,Mehsana,Low,Castor
32,22,25,30.48,45.06,5.96,345.06,Alluvial Soil,Kharif,Kutch,Low,Sesame
36,36,25,23.76,35.68,6.71,100.01,Loamy Soil,Rabi,Jamnagar,Low,Cumin
40,46,30,27.36,71.02,6.49,530.86,Sandy Soil,Kharif,Junagadh,Medium,Groundnut
39,43,34,26.43,72.43,6.7,651.65,Black Soil,Kharif,Amreli,Medium,Groundnut
39,46,31,28.3,71.02,7.14,644.32,Sandy Soil,Kharif,Bhavnagar,Medium,Groundnut
45,53,37,28.59,74.76,6.06,688.81,Loamy Soil,Kharif,Bhavnagar,Medium,Groundnut
53,40,26,36.79,43.15,7.3,321.27,Sandy Soil,Kharif,Mehsana,Low,Bajra
93,55,50,32.86,59.35,7.0,762.02,Black Soil,Kharif,Surat,High,Cotton
38,43,32,22.89,36.7,7.2,128.49,Sandy Soil,Rabi,Kutch,Low,Cumin
35,41,34,35.01,36.36,5.99,322.93,Loamy Soil,Kharif,Mehsana,Low,Bajra
40,36,37,20.09,33.69,6.52,99.16,Alluvial Soil,Rabi,Rajkot,Low,Cumin
38,49,32,22.44,43.02,6.53,191.02,Loamy Soil,Rabi,Jamnagar,Low,Gram
34,27,29,32.03,52.68,5.97,364.77,Sandy Soil,Kharif,Amreli,Low,Sesame
90,48,52,21.18,50.3,6.6,226.46,Loamy Soil,Rabi,Anand,Medium,Wheat
32,27,32,21.83,30.66,6.52,97.34,Loamy Soil,Rabi,Mehsana,Low,Cumin
41,47,28,28.48,71.93,6.64,613.78,Sandy Soil,Kharif,Rajkot,Medium,Groundnut
84,52,44,22.61,43.15,6.24,148.42,Loamy Soil,Rabi,Ahmedabad,Medium,Wheat
100,46,53,35.1,64.94,6.75,805.63,Black Soil,Kharif,Amreli,High,Cotton
31,31,31,20.93,37.64,6.32,87.06,Alluvial Soil,Rabi,Kutch,Low,Cumin
33,51,32,19.68,41.24,7.32,156.42,Black Soil,Rabi,Vadodara,Low,Gram
42,36,35,26.52,76.4,6.48,587.68,Black Soil,Kharif,Junagadh,Medium,Groundnut
82,49,45,28.63,70.57,7.08,820.4,Loamy Soil,Kharif,Anand,High,Maize
60,39,33,21.65,52.22,6.05,192.68,Loamy Soil,Rabi,Banaskantha,Low,Mustard
103,48,45,30.13,64.64,7.06,845.69,Black Soil,Kharif,Bhavnagar,Medium,Cotton
93,42,55,22.36,47.48,7.48,249.6,Loamy Soil,Rabi,Anand,Medium,Wheat
102,43,58,31.78,67.33,6.08,820.53,Alluvial Soil,Kharif,Rajkot,Medium,Cotton
25,40,30,23.43,33.09,6.58,134.44,Sandy Soil,Rabi,Jamnagar,Low,Cumin
40,41,31,28.0,69.06,6.27,669.38,Black Soil,Kharif,Junagadh,Medium,Groundnut
99,52,40,26.54,73.52,6.13,801.2,Loamy Soil,Kharif,Vadodara,High,Maize
56,25,27,29.09,50.32,6.05,417.97,Alluvial Soil,Kharif,Kutch,Low,Castor
33,32,28,23.25,33.31,6.67,103.97,Sandy Soil,Rabi,Jamnagar,Low,Cumin
47,35,27,30.83,58.33,6.67,494.9,Alluvial Soil,Kharif,Anand,Low,Castor
24,33,31,22.3,34.03,6.22,123.35,Loamy Soil,Rabi,Rajkot,Low,Cumin
42,54,36,28.71,75.07,6.31,624.59,Loamy Soil,Kharif,Rajkot,Medium,Groundnut
33,52,42,22.22,40.7,5.78,204.0,Clay Soil,Rabi,Jamnagar,Low,Gram
31,32,20,19.89,29.82,7.21,98.2,Loamy Soil,Rabi,Mehsana,Low,Cumin
71,60,51,29.68,62.97,7.28,896.52,Alluvial Soil,Kharif,Amreli,High,Cotton
61,31,29,36.75,44.52,6.79,237.95,Loamy Soil,Kharif,Kutch,Low,Bajra
39,32,28,28.28,49.31,6.74,324.12,Alluvial Soil,Kharif,Kutch,Low,Sesame
39,38,24,24.59,30.88,6.35,90.2,Sandy Soil,Rabi,Banaskantha,Low,Cumin
36,54,38,22.96,42.0,5.67,173.82,Black Soil,Rabi,Jamnagar,Low,Gram
61,38,39,34.97,38.0,7.53,299.25,Loamy Soil,Kharif,Jamnagar,Low,Bajra
91,45,45,18.52,47.16,6.41,199.75,Loamy Soil,Rabi,Mehsana,Medium,Wheat
32,55,34,20.8,40.02,6.94,199.53,Clay Soil,Rabi,Ahmedabad,Low,Gram
31,47,42,20.61,43.46,5.44,198.42,Loamy Soil,Rabi,Junagadh,Low,Gram
47,26,22,23.29,37.36,6.93,121.24,Sandy Soil,Rabi,Jamnagar,Low,Cumin
47,26,40,32.63,44.71,6.39,227.88,Sandy Soil,Kharif,Kutch,Low,Bajra
101,48,44,31.57,66.41,6.76,761.75,Black Soil,Kharif,Surat,High,Cotton
57,39,38,17.22,52.3,7.35,165.82,Sandy Soil,Rabi,Jamnagar,Low,Mustard
87,38,46,20.33,49.31,6.67,190.96,Black Soil,Rabi,Rajkot,Medium,Wheat
44,24,27,31.98,49.95,6.84,390.2,Sandy Soil,Kharif,Rajkot,Low,Sesame
37,45,28,28.58,70.6,6.43,693.89,Black Soil,Kharif,Junagadh,Medium,Groundnut
101,49,47,20.42,45.96,7.43,201.44,Black Soil,Rabi,Banaskantha,Medium,Wheat
103,58,47,28.87,72.77,6.48,850.9,Alluvial Soil,Kharif,Mehsana,High,Maize
62,33,28,35.76,41.92,6.55,321.86,Sandy Soil,Kharif,Ahmedabad,Low,Bajra
82,51,43,25.57,71.05,7.12,877.72,Alluvial Soil,Kharif,Ahmedabad,High,Maize
33,43,30,21.53,41.31,6.01,157.82,Black Soil,Rabi,Junagadh,Low,Gram
26,52,30,21.79,45.22,6.78,162.79,Clay Soil,Rabi,Jamnagar,Low,Gram
42,30,27,25.85,35.22,6.38,111.25,Loamy Soil,Rabi,Rajkot,Low,Cumin
54,35,31,31.42,45.14,7.08,270.67,Loamy Soil,Kharif,Jamnagar,Low,Bajra
38,38,30,29.01,74.22,6.4,684.17,Sandy Soil,Kharif,Bhavnagar,Medium,Groundnut
84,55,45,28.35,69.32,7.46,932.26,Loamy Soil,Kharif,Banaskantha,High,Maize
115,55,45,32.93,63.89,7.09,824.64,Alluvial Soil,Kharif,Vadodara,Medium,Cotton
39,46,27,23.18,43.31,6.79,171.72,Black Soil,Rabi,Jamnagar,Low,Gram
78,53,54,19.15,46.57,6.81,218.36,Clay Soil,Rabi,Banaskantha,Medium,Wheat
33,21,23,28.13,50.88,6.95,415.23,Loamy Soil,Kharif,Kutch,Low,Sesame
79,45,48,28.76,71.28,5.94,1016.33,Alluvial Soil,Kharif,Mehsana,High,Maize
64,29,26,31.5,48.87,6.73,263.74,Loamy Soil,Kharif,Jamnagar,Low,Bajra
82,50,46,31.47,61.05,6.3,817.95,Black Soil,Kharif,Amreli,High,Cotton
80,43,44,27.44,71.1,6.81,930.44,Loamy Soil,Kharif,Mehsana,High,Maize
43,50,29,19.96,42.0,6.84,247.24,Clay Soil,Rabi,Rajkot,Low,Gram
30,23,25,29.58,45.04,6.68,417.02,Loamy Soil,Kharif,Rajkot,Low,Sesame
30,33,37,24.63,37.07,7.5,125.14,Alluvial Soil,Rabi,Banaskantha,Low,Cumin
81,51,39,33.2,67.61,6.05,748.93,Black Soil,Kharif,Bhavnagar,High,Cotton
36,21,23,29.2,51.95,6.38,394.68,Loamy Soil,Kharif,Bhavnagar,Low,Sesame
61,36,29,16.88,52.92,6.54,198.85,Alluvial Soil,Rabi,Banaskantha,Low,Mustard
26,37,27,22.13,29.93,6.76,118.3,Sandy Soil,Rabi,Banaskantha,Low,Cumin
28,52,39,23.31,49.27,6.04,184.23,Clay Soil,Rabi,Ahmedabad,Low,Gram
28,24,28,22.42,34.52,5.8,88.79,Loamy Soil,Rabi,Rajkot,Low,Cumin
52,37,36,30.5,42.09,6.27,321.89,Sandy Soil,Kharif,Ahmedabad,Low,Bajra
95,54,43,15.99,48.7,6.58,175.58,Alluvial Soil,Rabi,Mehsana,Medium,Wheat
96,53,48,34.1,64.68,6.64,840.53,Alluvial Soil,Kharif,Bhavnagar,High,Cotton
29,39,32,22.54,39.05,6.78,141.13,Sandy Soil,Rabi,Rajkot,Low,Cumin
84,48,48,21.33,46.62,5.6,202.34,Clay Soil,Rabi,Ahmedabad,Medium,Wheat
37,32,33,26.52,37.08,6.66,115.3,Sandy Soil,Rabi,Kutch,Low,Cumin
84,51,41,29.23,68.76,5.65,1082.85,Red Soil,Kharif,Anand,High,Maize
43,25,31,25.56,32.91,6.69,112.36,Alluvial Soil,Rabi,Jamnagar,Low,Cumin
44,35,27,32.34,56.65,6.11,411.97,Sandy Soil,Kharif,Banaskantha,Low,Castor
90,47,45,30.18,61.75,6.85,712.84,Alluvial Soil,Kharif,Amreli,Medium,Cotton
33,26,21,29.76,51.31,6.86,403.37,Sandy Soil,Kharif,Kutch,Low,Sesame
43,44,35,28.53,71.43,6.44,642.59,Sandy Soil,Kharif,Amreli,Medium,Groundnut
60,41,30,36.83,44.96,6.38,274.73,Sandy Soil,Kharif,Banaskantha,Low,Bajra
86,52,40,25.43,78.19,6.35,887.7,Alluvial Soil,Kharif,Banaskantha,High,Maize
104,42,39,18.84,53.71,6.31,189.16,Loamy Soil,Rabi,Anand,Medium,Wheat
47,35,18,28.58,57.26,6.12,384.88,Alluvial Soil,Kharif,Banaskantha,Low,Castor
81,46,42,25.86,64.11,5.97,1009.18,Loamy Soil,Kharif,Mehsana,High,Maize
49,37,38,16.96,54.49,6.1,172.7,Sandy Soil,Rabi,Jamnagar,Low,Mustard
50,51,35,28.1,72.56,6.88,630.42,Sandy Soil,Kharif,Jamnagar,Medium,Groundnut
42,43,26,27.71,73.09,6.31,566.73,Loamy Soil,Kharif,Jamnagar,Medium,Groundnut
42,28,28,31.51,54.46,7.13,361.2,Loamy Soil,Kharif,Kutch,Low,Sesame
54,34,39,35.78,42.64,5.71,247.65,Sandy Soil,Kharif,Mehsana,Low,Bajra
38,28,28,23.15,35.45,7.01,105.8,Sandy Soil,Rabi,Jamnagar,Low,Cumin
45,22,37,32.33,42.88,6.52,226.5,Loamy Soil,Kharif,Ahmedabad,Low,Bajra
112,62,50,30.83,71.62,6.23,777.66,Alluvial Soil,Kharif,Rajkot,Medium,Cotton
28,35,21,30.83,56.08,6.55,360.17,Sandy Soil,Kharif,Kutch,Low,Sesame
34,32,25,23.17,34.76,5.3,115.56,Alluvial Soil,Rabi,Rajkot,Low,Cumin
49,36,31,31.4,53.08,6.8,479.71,Loamy Soil,Kharif,Rajkot,Low,Castor
26,49,34,20.57,43.52,7.06,125.65,Loamy Soil,Rabi,Ahmedabad,Low,Gram
48,41,37,33.87,47.81,6.73,228.87,Sandy Soil,Kharif,Jamnagar,Low,Bajra
34,53,34,22.63,46.28,6.78,158.02,Clay Soil,Rabi,Junagadh,Low,Gram
33,53,43,22.45,40.26,6.29,152.42,Loamy Soil,Rabi,Junagadh,Low,Gram
38,49,23,20.88,43.38,6.53,201.01,Black Soil,Rabi,Vadodara,Low,Gram
27,31,24,28.51,56.16,6.7,440.49,Loamy Soil,Kharif,Kutch,Low,Sesame
83,49,44,27.0,69.56,7.15,937.71,Alluvial Soil,Kharif,Anand,High,Maize
34,28,18,29.74,42.6,6.3,461.37,Alluvial Soil,Kharif,Bhavnagar,Low,Sesame
47,43,37,16.84,49.58,6.94,196.71,Sandy Soil,Rabi,Banaskantha,Low,Mustard
53,43,23,32.18,48.54,6.51,462.26,Alluvial Soil,Kharif,Rajkot,Low,Castor
31,34,20,21.88,38.68,6.25,128.87,Alluvial Soil,Rabi,Banaskantha,Low,Cumin
86,42,45,21.5,47.13,6.46,259.25,Black Soil,Rabi,Rajkot,Medium,Wheat
43,33,18,29.93,52.8,6.66,436.75,Loamy Soil,Kharif,Mehsana,Low,Castor
46,38,42,29.14,68.29,6.15,690.8,Sandy Soil,Kharif,Junagadh,Medium,Groundnut
36,29,31,27.44,55.18,7.75,458.79,Alluvial Soil,Kharif,Amreli,Low,Sesame
30,19,24,32.18,47.98,6.66,424.68,Loamy Soil,Kharif,Amreli,Low,Sesame
94,42,40,33.65,64.48,6.23,810.67,Black Soil,Kharif,Amreli,Medium,Cotton
27,41,36,22.86,42.09,7.05,158.56,Black Soil,Rabi,Junagadh,Low,Gram
51,50,35,27.84,76.29,6.39,648.44,Black Soil,Kharif,Rajkot,Medium,Groundnut
37,37,26,28.84,45.38,6.22,384.77,Alluvial Soil,Kharif,Amreli,Low,Sesame
36,34,18,22.6,37.68,5.32,79.96,Sandy Soil,Rabi,Kutch,Low,Cumin
85,49,41,26.46,71.28,7.07,867.94,Red Soil,Kharif,Banaskantha,High,Maize
102,64,65,32.81,64.39,6.77,859.18,Black Soil,Kharif,Jamnagar,Medium,Cotton
38,53,34,21.7,41.89,6.08,179.13,Loamy Soil,Rabi,Rajkot,Low,Gram
80,56,43,25.53,73.06,5.87,985.63,Red Soil,Kharif,Mehsana,High,Maize
72,26,37,21.2,48.61,6.14,153.85,Sandy Soil,Rabi,Ahmedabad,Low,Mustard
59,30,38,35.38,42.96,5.96,323.81,Sandy Soil,Kharif,Mehsana,Low,Bajra
80,43,39,15.64,50.07,6.5,253.26,Clay Soil,Rabi,Rajkot,Medium,Wheat
63,45,32,17.02,50.93,5.97,148.99,Sandy Soil,Rabi,Kutch,Low,Mustard
35,43,26,21.84,31.09,6.95,150.34,Alluvial Soil,Rabi,Jamnagar,Low,Cumin
55,35,41,33.03,44.09,6.74,251.17,Loamy Soil,Kharif,Jamnagar,Low,Bajra
95,40,41,29.74,73.19,7.16,899.55,Alluvial Soil,Kharif,Anand,High,Maize
37,54,34,19.35,46.83,6.73,156.97,Black Soil,Rabi,Rajkot,Low,Gram
47,36,36,32.55,41.0,6.22,358.17,Sandy Soil,Kharif,Banaskantha,Low,Bajra
41,33,23,32.82,48.41,6.48,384.52,Alluvial Soil,Kharif,Amreli,Low,Sesame
28,46,23,21.12,43.74,6.1,168.71,Clay Soil,Rabi,Vadodara,Low,Gram
54,44,25,19.79,49.38,6.24,152.0,Alluvial Soil,Rabi,Jamnagar,Low,Mustard
38,42,38,29.56,72.77,5.86,588.71,Sandy Soil,Kharif,Bhavnagar,Medium,Groundnut
120,62,46,33.3,67.15,7.18,735.67,Black Soil,Kharif,Bhavnagar,Medium,Cotton
32,45,25,29.11,74.68,6.66,593.94,Sandy Soil,Kharif,Jamnagar,Medium,Groundnut
46,33,27,30.36,56.45,6.28,476.46,Alluvial Soil,Kharif,Banaskantha,Low,Castor
42,25,27,30.89,59.05,6.8,548.27,Sandy Soil,Kharif,Rajkot,Low,Castor
95,49,53,20.98,47.66,5.85,205.19,Alluvial Soil,Rabi,Mehsana,Medium,Wheat
89,46,51,20.21,48.0,6.02,222.37,Loamy Soil,Rabi,Banaskantha,Medium,Wheat
40,41,35,27.92,70.32,6.04,576.14,Sandy Soil,Kharif,Rajkot,Medium,Groundnut
39,37,21,22.53,37.49,7.24,145.09,Loamy Soil,Rabi,Banaskantha,Low,Cumin
104,52,40,33.33,63.35,5.72,771.46,Alluvial Soil,Kharif,Junagadh,High,Cotton
101,54,48,31.9,61.02,7.23,920.48,Black Soil,Kharif,Junagadh,Medium,Cotton
67,39,42,21.22,52.04,6.32,155.1,Loamy Soil,Rabi,Ahmedabad,Low,Mustard
39,37,32,21.57,35.68,5.61,116.72,Loamy Soil,Rabi,Mehsana,Low,Cumin
31,28,30,23.8,36.09,6.41,87.25,Loamy Soil,Rabi,Kutch,Low,Cumin
24,38,31,28.76,73.72,6.74,630.83,Black Soil,Kharif,Junagadh,Medium,Groundnut
31,42,25,24.67,41.92,6.89,97.93,Sandy Soil,Rabi,Mehsana,Low,Cumin
29,27,22,27.28,51.85,6.99,430.16,Loamy Soil,Kharif,Amreli,Low,Sesame
33,31,27,24.88,32.29,6.6,121.3,Loamy Soil,Rabi,Jamnagar,Low,Cumin
59,32,34,16.52,51.71,6.32,216.48,Alluvial Soil,Rabi,Kutch,Low,Mustard
51,36,40,30.92,33.24,6.37,317.95,Sandy Soil,Kharif,Mehsana,Low,Bajra
103,40,49,20.28,47.4,6.0,175.85,Clay Soil,Rabi,Banaskantha,Medium,Wheat
47,36,39,18.49,55.53,5.89,184.72,Alluvial Soil,Rabi,Ahmedabad,Low,Mustard
56,32,26,33.87,43.64,7.63,285.09,Sandy Soil,Kharif,Mehsana,Low,Bajra
37,42,36,28.68,72.03,7.2,639.39,Loamy Soil,Kharif,Amreli,Medium,Groundnut
36,45,34,19.95,38.24,6.37,162.41,Loamy Soil,Rabi,Ahmedabad,Low,Gram
29,19,19,30.04,50.14,6.76,457.19,Alluvial Soil,Kharif,Bhavnagar,Low,Sesame
28,32,26,32.04,44.45,6.42,429.01,Alluvial Soil,Kharif,Junagadh,Low,Sesame
33,25,21,31.69,54.57,6.98,431.42,Loamy Soil,Kharif,Bhavnagar,Low,Sesame
88,45,44,24.07,65.67,7.41,816.25,Red Soil,Kharif,Ahmedabad,High,Maize
32,59,38,23.15,40.15,7.4,245.38,Loamy Soil,Rabi,Rajkot,Low,Gram
54,39,34,32.67,37.64,6.24,299.17,Loamy Soil,Kharif,Banaskantha,Low,Bajra
28,47,26,20.27,37.15,7.67,174.34,Loamy Soil,Rabi,Junagadh,Low,Gram
54,34,40,32.15,32.22,6.66,325.04,Loamy Soil,Kharif,Kutch,Low,Bajra
82,47,36,16.87,49.08,6.74,204.56,Alluvial Soil,Rabi,Mehsana,Medium,Wheat
43,45,34,26.92,76.39,7.0,582.75,Sandy Soil,Kharif,Junagadh,Medium,Groundnut
43,32,27,32.48,53.22,6.3,382.59,Loamy Soil,Kharif,Rajkot,Low,Castor
76,57,40,26.83,69.46,5.61,967.25,Red Soil,Kharif,Ahmedabad,High,Maize
24,33,31,31.36,47.58,7.11,390.6,Alluvial Soil,Kharif,Junagadh,Low,Sesame
81,44,49,27.08,73.62,7.02,835.47,Alluvial Soil,Kharif,Vadodara,High,Maize
31,24,25,30.85,53.33,7.02,426.06,Sandy Soil,Kharif,Amreli,Low,Sesame
30,49,36,19.09,47.62,6.15,153.57,Clay Soil,Rabi,Ahmedabad,Low,Gram
70,51,46,26.87,76.38,5.96,819.44,Loamy Soil,Kharif,Ahmedabad,High,Maize
95,49,42,19.15,46.08,5.83,192.68,Alluvial Soil,Rabi,Ahmedabad,Medium,Wheat
37,56,36,19.62,41.0,6.21,217.51,Black Soil,Rabi,Vadodara,Low,Gram
65,41,28,19.27,54.43,6.44,150.19,Alluvial Soil,Rabi,Banaskantha,Low,Mustard
26,50,36,22.7,42.57,5.89,151.96,Clay Soil,Rabi,Jamnagar,Low,Gram
50,23,32,33.2,37.67,6.49,277.6,Loamy Soil,Kharif,Jamnagar,Low,Bajra
90,50,49,32.46,62.01,6.26,871.62,Alluvial Soil,Kharif,Bhavnagar,High,Cotton
29,24,19,31.9,50.01,7.0,384.99,Sandy Soil,Kharif,Kutch,Low,Sesame
103,49,47,19.73,48.3,7.09,240.79,Alluvial Soil,Rabi,Anand,Medium,Wheat
90,57,53,29.54,61.9,5.75,756.67,Black Soil,Kharif,Junagadh,High,Cotton
32,58,43,19.11,43.31,6.27,181.3,Clay Soil,Rabi,Vadodara,Low,Gram
44,52,32,28.84,70.8,6.65,716.48,Black Soil,Kharif,Amreli,Medium,Groundnut
34,41,29,23.33,32.54,6.33,147.72,Alluvial Soil,Rabi,Kutch,Low,Cumin
46,31,26,29.45,58.52,7.16,471.32,Loamy Soil,Kharif,Banaskantha,Low,Castor
33,33,30,22.81,34.59,6.63,106.35,Sandy Soil,Rabi,Jamnagar,Low,Cumin
40,62,25,24.58,44.11,6.13,165.94,Clay Soil,Rabi,Junagadh,Low,Gram
60,31,30,27.07,52.41,6.09,394.8,Sandy Soil,Kharif,Anand,Low,Castor
32,34,25,34.28,45.61,6.35,389.86,Sandy Soil,Kharif,Amreli,Low,Sesame
100,56,37,32.72,62.79,6.79,749.12,Black Soil,Kharif,Amreli,Medium,Cotton
28,41,31,23.42,45.41,6.26,195.76,Black Soil,Rabi,Rajkot,Low,Gram
29,31,28,32.73,47.42,6.63,468.11,Alluvial Soil,Kharif,Amreli,Low,Sesame
93,41,40,20.22,48.04,6.11,152.05,Loamy Soil,Rabi,Rajkot,Medium,Wheat
93,39,36,18.62,48.49,6.14,188.17,Loamy Soil,Rabi,Mehsana,Medium,Wheat
42,52,34,30.46,73.85,7.03,633.82,Black Soil,Kharif,Amreli,Medium,Groundnut
52,34,31,32.48,56.18,6.84,422.92,Alluvial Soil,Kharif,Mehsana,Low,Castor
29,34,33,27.2,38.5,6.68,120.96,Alluvial Soil,Rabi,Banaskantha,Low,Cumin
43,49,37,30.68,73.11,6.64,573.84,Black Soil,Kharif,Rajkot,Medium,Groundnut
32,49,40,22.28,41.77,6.84,211.9,Black Soil,Rabi,Ahmedabad,Low,Gram
42,32,31,29.79,47.35,5.92,367.42,Sandy Soil,Kharif,Amreli,Low,Sesame
94,46,43,20.77,46.94,6.17,151.07,Clay Soil,Rabi,Banaskantha,Medium,Wheat
106,53,42,19.22,46.47,6.16,138.62,Loamy Soil,Rabi,Ahmedabad,Medium,Wheat
92,54,35,27.52,67.77,5.8,872.41,Red Soil,Kharif,Vadodara,High,Maize
79,44,43,23.67,50.12,6.52,196.27,Black Soil,Rabi,Banaskantha,Medium,Wheat
60,27,30,34.66,42.9,7.6,221.29,Sandy Soil,Kharif,Ahmedabad,Low,Bajra
60,33,35,34.81,36.66,6.44,256.05,Sandy Soil,Kharif,Jamnagar,Low,Bajra
37,30,23,32.8,47.88,7.1,365.58,Sandy Soil,Kharif,Rajkot,Low,Sesame
94,48,47,19.65,49.24,5.29,203.7,Alluvial Soil,Rabi,Rajkot,Medium,Wheat
89,48,36,21.16,44.65,6.35,241.46,Black Soil,Rabi,Anand,Medium,Wheat
32,39,35,26.29,71.67,6.73,646.69,Sandy Soil,Kharif,Jamnagar,Medium,Groundnut
34,57,39,20.59,45.11,7.26,117.5,Loamy Soil,Rabi,Jamnagar,Low,Gram
41,27,21,30.04,42.94,7.31,360.45,Loamy Soil,Kharif,Bhavnagar,Low,Sesame
39,32,32,24.61,37.96,6.24,130.45,Sandy Soil,Rabi,Kutch,Low,Cumin
36,43,36,26.45,71.61,6.98,635.01,Sandy Soil,Kharif,Bhavnagar,Medium,Groundnut
91,54,43,33.15,65.5,6.65,747.83,Alluvial Soil,Kharif,Jamnagar,High,Cotton
47,40,28,29.75,74.12,6.54,673.67,Black Soil,Kharif,Jamnagar,Medium,Groundnut
33,26,26,29.95,49.98,7.27,438.12,Sandy Soil,Kharif,Kutch,Low,Sesame
40,44,36,33.01,37.0,6.51,274.31,Loamy Soil,Kharif,Kutch,Low,Bajra
37,31,26,29.45,48.42,6.33,489.01,Alluvial Soil,Kharif,Bhavnagar,Low,Sesame
49,35,39,35.23,34.67,6.04,233.67,Sandy Soil,Kharif,Mehsana,Low,Bajra
87,41,31,23.1,74.42,6.46,864.5,Red Soil,Kharif,Ahmedabad,High,Maize
67,42,29,20.18,57.1,6.15,139.75,Loamy Soil,Rabi,Banaskantha,Low,Mustard
58,41,42,16.09,49.97,6.46,132.69,Alluvial Soil,Rabi,Kutch,Low,Mustard
31,44,31,22.86,39.74,6.17,141.42,Clay Soil,Rabi,Junagadh,Low,Gram
57,36,33,32.75,36.57,6.16,261.42,Loamy Soil,Kharif,Ahmedabad,Low,Bajra
42,47,38,29.59,71.15,6.45,683.55,Sandy Soil,Kharif,Junagadh,Medium,Groundnut
76,48,41,27.75,72.11,6.22,800.48,Loamy Soil,Kharif,Anand,High,Maize
86,50,45,27.65,72.61,6.73,815.7,Alluvial Soil,Kharif,Vadodara,High,Maize
66,37,39,35.59,42.36,6.24,286.89,Loamy Soil,Kharif,Banaskantha,Low,Bajra
74,48,45,20.67,45.91,6.82,228.13,Black Soil,Rabi,Anand,Medium,Wheat
58,37,29,32.97,39.86,5.52,254.72,Sandy Soil,Kharif,Jamnagar,Low,Bajra
69,40,34,21.28,52.25,7.07,161.98,Alluvial Soil,Rabi,Ahmedabad,Low,Mustard
100,57,49,31.92,59.33,6.1,812.52,Alluvial Soil,Kharif,Jamnagar,Medium,Cotton
98,46,50,31.56,63.27,6.93,801.96,Alluvial Soil,Kharif,Rajkot,High,Cotton
52,37,24,29.18,54.1,6.31,484.4,Alluvial Soil,Kharif,Banaskantha,Low,Castor
56,37,36,20.09,53.82,6.52,156.34,Loamy Soil,Rabi,Kutch,Low,Mustard
33,54,25,22.62,41.13,7.31,183.23,Black Soil,Rabi,Junagadh,Low,Gram
56,35,25,28.94,48.39,7.08,502.55,Loamy Soil,Kharif,Anand,Low,Castor
52,42,32,33.86,40.03,7.77,276.66,Loamy Soil,Kharif,Kutch,Low,Bajra
93,45,38,20.1,52.14,6.52,146.86,Alluvial Soil,Rabi,Banaskantha,Medium,Wheat
45,37,32,31.25,52.36,6.16,471.75,Alluvial Soil,Kharif,Anand,Low,Castor
41,28,30,28.5,49.9,8.08,423.68,Alluvial Soil,Kharif,Bhavnagar,Low,Sesame
38,29,27,30.16,51.6,6.34,392.4,Sandy Soil,Kharif,Amreli,Low,Sesame
94,46,41,24.38,76.69,7.13,912.54,Loamy Soil,Kharif,Banaskantha,High,Maize
85,50,41,26.93,66.5,6.65,985.37,Alluvial Soil,Kharif,Vadodara,High,Maize
25,31,34,21.71,42.57,6.77,126.2,Sandy Soil,Rabi,Rajkot,Low,Cumin
27,38,31,22.38,38.54,5.85,111.24,Loamy Soil,Rabi,Jamnagar,Low,Cumin
47,37,34,17.18,49.41,6.52,162.73,Sandy Soil,Rabi,Jamnagar,Low,Mustard
91,44,47,29.58,66.96,6.04,927.38,Loamy Soil,Kharif,Mehsana,High,Maize
95,54,44,24.19,69.7,6.22,916.82,Red Soil,Kharif,Banaskantha,High,Maize
36,25,19,21.21,38.38,6.47,138.83,Sandy Soil,Rabi,Jamnagar,Low,Cumin
30,46,33,22.34,45.28,6.43,195.69,Loamy Soil,Rabi,Rajkot,Low,Gram
47,41,29,27.54,55.57,6.69,460.24,Alluvial Soil,Kharif,Kutch,Low,Castor
94,42,46,32.05,65.54,7.18,784.24,Alluvial Soil,Kharif,Jamnagar,Medium,Cotton
79,53,43,24.98,63.51,7.44,818.5,Loamy Soil,Kharif,Anand,High,Maize
40,33,25,19.78,31.06,5.62,146.24,Loamy Soil,Rabi,Mehsana,Low,Cumin
121,47,42,31.2,57.92,6.24,749.39,Black Soil,Kharif,Surat,High,Cotton
84,47,47,27.3,68.08,6.74,964.75,Red Soil,Kharif,Vadodara,High,Maize
64,40,33,17.48,51.48,6.8,189.32,Loamy Soil,Rabi,Jamnagar,Low,Mustard
43,38,39,26.97,71.94,6.67,621.73,Sandy Soil,Kharif,Bhavnagar,Medium,Groundnut
51,34,24,29.4,40.2,5.12,266.95,Sandy Soil,Kharif,Ahmedabad,Low,Bajra
25,52,42,20.89,44.9,6.92,182.35,Black Soil,Rabi,Rajkot,Low,Gram
88,45,39,25.97,69.3,7.39,808.21,Alluvial Soil,Kharif,Banaskantha,High,Maize
71,31,30,18.3,52.56,6.86,189.52,Loamy Soil,Rabi,Mehsana,Low,Mustard
63,28,35,30.81,43.06,7.01,195.31,Loamy Soil,Kharif,Ahmedabad,Low,Bajra
48,36,30,31.67,56.23,7.26,419.17,Alluvial Soil,Kharif,Anand,Low,Castor
39,31,24,30.71,49.33,7.11,395.59,Alluvial Soil,Kharif,Bhavnagar,Low,Sesame
51,35,34,28.76,57.97,6.23,504.33,Loamy Soil,Kharif,Banaskantha,Low,Castor
61,35,33,20.27,49.77,7.86,123.77,Loamy Soil,Rabi,Kutch,Low,Mustard
42,28,30,29.63,53.23,5.87,352.49,Alluvial Soil,Kharif,Banaskantha,Low,Castor
125,39,51,31.26,63.05,6.19,739.42,Black Soil,Kharif,Vadodara,High,Cotton
68,47,49,20.17,45.9,5.93,216.48,Black Soil,Rabi,Anand,Medium,Wheat
26,21,29,27.19,53.06,7.17,426.78,Loamy Soil,Kharif,Junagadh,Low,Sesame
22,29,25,23.59,30.16,5.81,124.83,Loamy Soil,Rabi,Banaskantha,Low,Cumin
31,52,37,23.78,42.16,7.14,182.49,Black Soil,Rabi,Junagadh,Low,Gram
43,33,27,35.51,39.88,6.04,308.79,Loamy Soil,Kharif,Banaskantha,Low,Bajra
101,40,45,19.22,48.77,6.07,203.0,Black Soil,Rabi,Ahmedabad,Medium,Wheat
98,42,38,16.98,50.79,6.02,189.15,Alluvial Soil,Rabi,Ahmedabad,Medium,Wheat
38,46,29,24.58,42.66,6.47,144.93,Black Soil,Rabi,Vadodara,Low,Gram
115,51,49,33.11,62.9,6.93,619.5,Black Soil,Kharif,Jamnagar,High,Cotton
44,49,41,20.36,41.57,6.84,158.6,Loamy Soil,Rabi,Jamnagar,Low,Gram
69,46,48,17.47,49.66,6.44,300.0,Loamy Soil,Rabi,Banaskantha,Medium,Wheat
31,43,35,30.44,73.54,7.08,637.73,Loamy Soil,Kharif,Junagadh,Medium,Groundnut
62,30,27,34.92,45.32,6.87,216.37,Loamy Soil,Kharif,Banaskantha,Low,Bajra
47,42,39,16.87,49.31,6.67,213.58,Sandy Soil,Rabi,Ahmedabad,Low,Mustard
57,25,29,26.94,53.62,7.12,368.3,Alluvial Soil,Kharif,Anand,Low,Castor
33,48,26,25.62,42.35,7.67,184.17,Loamy Soil,Rabi,Rajkot,Low,Gram
79,47,38,27.16,67.61,7.0,920.14,Alluvial Soil,Kharif,Banaskantha,High,Maize
54,34,31,34.45,35.68,6.91,238.43,Sandy Soil,Kharif,Ahmedabad,Low,Bajra
113,47,51,31.63,64.47,6.41,743.62,Black Soil,Kharif,Amreli,High,Cotton
77,58,43,25.8,73.68,6.75,781.87,Loamy Soil,Kharif,Vadodara,High,Maize
47,30,28,31.23,36.81,6.4,219.08,Loamy Soil,Kharif,Kutch,Low,Bajra
102,62,35,32.55,72.12,6.64,910.04,Alluvial Soil,Kharif,Jamnagar,High,Cotton
34,20,28,29.64,50.46,6.01,421.55,Sandy Soil,Kharif,Amreli,Low,Sesame
106,47,39,19.01,47.38,6.64,200.73,Alluvial Soil,Rabi,Anand,Medium,Wheat
55,32,27,33.26,36.32,5.6,356.81,Sandy Soil,Kharif,Banaskantha,Low,Bajra
39,24,21,30.9,47.94,6.79,371.8,Sandy Soil,Kharif,Kutch,Low,Sesame
65,36,37,19.19,53.53,6.16,145.37,Sandy Soil,Rabi,Jamnagar,Low,Mustard
55,34,20,29.62,52.95,5.0,442.21,Sandy Soil,Kharif,Rajkot,Low,Castor
89,49,44,25.61,67.99,6.13,862.32,Alluvial Soil,Kharif,Banaskantha,High,Maize
47,36,29,25.62,54.21,6.26,519.05,Loamy Soil,Kharif,Anand,Low,Castor
41,36,29,27.61,73.02,6.3,598.13,Sandy Soil,Kharif,Amreli,Medium,Groundnut
41,45,33,27.97,73.78,6.1,719.97,Black Soil,Kharif,Rajkot,Medium,Groundnut
52,39,24,34.01,45.25,6.84,315.86,Sandy Soil,Kharif,Banaskantha,Low,Bajra
48,45,32,18.14,55.04,6.71,163.8,Sandy Soil,Rabi,Kutch,Low,Mustard
82,44,42,26.1,71.65,6.06,905.99,Alluvial Soil,Kharif,Vadodara,High,Maize
57,43,32,20.69,53.95,6.99,218.33,Alluvial Soil,Rabi,Ahmedabad,Low,Mustard
24,50,36,20.93,42.47,7.04,191.76,Clay Soil,Rabi,Vadodara,Low,Gram
39,32,25,30.56,51.66,6.18,435.01,Sandy Soil,Kharif,Junagadh,Low,Sesame
37,50,28,24.48,41.22,6.89,153.81,Black Soil,Rabi,Jamnagar,Low,Gram
28,54,41,22.19,44.78,6.57,189.28,Black Soil,Rabi,Vadodara,Low,Gram
30,34,17,22.77,28.93,6.15,110.37,Sandy Soil,Rabi,Rajkot,Low,Cumin
28,44,36,28.78,72.64,6.74,648.64,Sandy Soil,Kharif,Jamnagar,Medium,Groundnut
112,49,43,29.37,65.34,7.52,818.49,Alluvial Soil,Kharif,Rajkot,High,Cotton
36,47,34,24.42,42.32,6.5,213.18,Clay Soil,Rabi,Rajkot,Low,Gram
37,43,31,24.5,34.73,6.35,142.58,Alluvial Soil,Rabi,Mehsana,Low,Cumin
54,38,33,32.62,39.52,6.96,303.46,Sandy Soil,Kharif,Mehsana,Low,Bajra
51,40,29,18.82,48.9,7.05,153.81,Alluvial Soil,Rabi,Mehsana,Low,Mustard
86,55,40,28.53,69.83,6.87,908.58,Alluvial Soil,Kharif,Vadodara,High,Maize
34,49,31,24.75,40.22,6.05,113.19,Black Soil,Rabi,Jamnagar,Low,Gram
35,32,20,20.7,34.59,5.56,112.61,Alluvial Soil,Rabi,Banaskantha,Low,Cumin
92,42,50,18.04,47.03,5.8,188.44,Black Soil,Rabi,Ahmedabad,Medium,Wheat
56,37,22,33.45,54.3,5.83,412.08,Sandy Soil,Kharif,Rajkot,Low,Castor
55,46,29,18.53,54.5,6.65,169.74,Sandy Soil,Rabi,Mehsana,Low,Mustard
58,38,28,35.94,40.95,7.1,320.4,Loamy Soil,Kharif,Ahmedabad,Low,Bajra
57,27,31,30.99,42.12,6.88,249.55,Sandy Soil,Kharif,Banaskantha,Low,Bajra
43,40,27,27.9,70.24,6.9,690.73,Black Soil,Kharif,Amreli,Medium,Groundnut
31,20,23,27.51,51.81,6.77,357.51,Loamy Soil,Kharif,Kutch,Low,Sesame
84,42,45,20.27,50.63,6.27,146.27,Alluvial Soil,Rabi,Anand,Medium,Wheat
76,41,43,27.31,76.39,6.96,996.11,Alluvial Soil,Kharif,Mehsana,High,Maize
50,43,35,29.13,71.79,7.16,504.57,Loamy Soil,Kharif,Rajkot,Medium,Groundnut
79,56,44,27.3,67.84,6.52,864.14,Alluvial Soil,Kharif,Ahmedabad,High,Maize
86,52,40,28.55,71.2,6.66,858.39,Red Soil,Kharif,Vadodara,High,Maize
39,21,23,29.71,51.69,6.93,454.31,Sandy Soil,Kharif,Amreli,Low,Sesame
35,41,31,28.22,71.71,7.08,675.4,Black Soil,Kharif,Junagadh,Medium,Groundnut
79,55,46,28.79,65.78,6.76,889.56,Loamy Soil,Kharif,Mehsana,High,Maize
81,48,39,27.67,76.85,6.06,926.26,Red Soil,Kharif,Ahmedabad,High,Maize
38,29,18,19.82,27.6,7.27,128.31,Sandy Soil,Rabi,Jamnagar,Low,Cumin
47,30,26,26.67,54.62,7.11,451.15,Loamy Soil,Kharif,Rajkot,Low,Sesame
48,33,28,30.89,51.19,6.37,351.32,Loamy Soil,Kharif,Rajkot,Low,Castor
59,26,33,18.95,53.05,5.5,164.17,Alluvial Soil,Rabi,Banaskantha,Low,Mustard
29,56,37,23.8,41.82,6.83,212.04,Clay Soil,Rabi,Ahmedabad,Low,Gram
37,28,22,29.74,45.84,5.75,408.48,Loamy Soil,Kharif,Rajkot,Low,Sesame
95,58,51,34.46,66.95,6.32,839.38,Alluvial Soil,Kharif,Vadodara,Medium,Cotton
52,28,28,30.3,54.44,6.04,462.01,Sandy Soil,Kharif,Rajkot,Low,Castor
86,36,39,28.24,72.18,6.02,794.8,Loamy Soil,Kharif,Mehsana,High,Maize
52,39,39,36.2,39.55,5.7,288.53,Loamy Soil,Kharif,Mehsana,Low,Bajra
25,29,27,24.91,34.18,6.42,113.09,Sandy Soil,Rabi,Jamnagar,Low,Cumin
69,49,52,24.34,69.38,7.16,949.94,Loamy Soil,Kharif,Vadodara,High,Maize
100,43,32,32.4,65.46,6.36,792.92,Black Soil,Kharif,Rajkot,Medium,Cotton
36,25,27,24.86,29.63,5.84,147.33,Loamy Soil,Rabi,Rajkot,Low,Cumin
93,51,53,36.0,60.85,6.72,752.83,Black Soil,Kharif,Rajkot,Medium,Cotton
34,31,32,19.35,33.48,7.33,104.24,Alluvial Soil,Rabi,Mehsana,Low,Cumin
89,35,55,21.3,44.29,6.33,192.13,Clay Soil,Rabi,Banaskantha,Medium,Wheat
32,57,30,23.6,45.0,6.3,207.44,Loamy Soil,Rabi,Vadodara,Low,Gram
102,55,49,32.52,60.58,7.02,877.97,Alluvial Soil,Kharif,Surat,High,Cotton
98,56,47,31.71,65.19,6.2,777.12,Alluvial Soil,Kharif,Junagadh,Medium,Cotton
55,42,39,18.64,52.27,6.98,161.11,Loamy Soil,Rabi,Banaskantha,Low,Mustard
54,27,28,29.47,57.75,6.67,499.26,Sandy Soil,Kharif,Kutch,Low,Castor
82,40,53,20.94,42.85,6.12,208.08,Loamy Soil,Rabi,Anand,Medium,Wheat
104,51,51,31.92,60.16,6.54,869.92,Black Soil,Kharif,Jamnagar,Medium,Cotton
57,34,33,18.58,50.21,6.83,136.09,Alluvial Soil,Rabi,Banaskantha,Low,Mustard
105,41,47,18.79,45.96,5.54,219.94,Clay Soil,Rabi,Banaskantha,Medium,Wheat
101,51,44,31.27,64.89,6.23,752.48,Black Soil,Kharif,Junagadh,High,Cotton
45,41,35,36.38,42.71,6.39,359.7,Sandy Soil,Kharif,Mehsana,Low,Bajra
87,53,42,28.35,69.8,6.86,869.57,Alluvial Soil,Kharif,Mehsana,High,Maize
109,47,47,17.04,46.59,6.26,173.8,Loamy Soil,Rabi,Ahmedabad,Medium,Wheat
77,44,41,20.21,46.96,6.23,192.89,Clay Soil,Rabi,Mehsana,Medium,Wheat
35,24,24,30.33,45.09,6.64,379.29,Sandy Soil,Kharif,Amreli,Low,Sesame
89,47,43,25.48,71.25,6.72,769.28,Alluvial Soil,Kharif,Banaskantha,High,Maize
27,31,31,26.13,37.76,6.84,78.42,Loamy Soil,Rabi,Mehsana,Low,Cumin
59,40,37,19.39,53.45,7.06,118.26,Alluvial Soil,Rabi,Jamnagar,Low,Mustard
35,33,26,29.31,46.98,5.92,385.15,Sandy Soil,Kharif,Kutch,Low,Sesame
34,28,24,24.94,40.25,6.86,102.36,Loamy Soil,Rabi,Mehsana,Low,Cumin
66,36,37,17.4,58.0,7.28,223.76,Alluvial Soil,Rabi,Kutch,Low,Mustard
39,43,27,27.8,73.54,6.76,758.52,Black Soil,Kharif,Amreli,Medium,Groundnut
58,44,26,33.73,43.87,6.56,266.86,Loamy Soil,Kharif,Banaskantha,Low,Bajra
99,47,45,19.45,48.36,6.27,227.38,Black Soil,Rabi,Banaskantha,Medium,Wheat
94,40,45,18.14,50.98,5.93,178.2,Black Soil,Rabi,Rajkot,Medium,Wheat
49,35,27,27.9,57.97,6.22,417.07,Sandy Soil,Kharif,Banaskantha,Low,Castor
94,34,42,19.42,45.43,6.15,209.05,Black Soil,Rabi,Banaskantha,Medium,Wheat
102,50,43,32.45,63.18,7.41,715.38,Alluvial Soil,Kharif,Rajkot,High,Cotton
39,42,35,27.47,76.48,7.23,605.42,Sandy Soil,Kharif,Junagadh,Medium,Groundnut
88,50,41,20.38,45.58,6.56,160.15,Loamy Soil,Rabi,Mehsana,Medium,Wheat
109,57,56,31.19,64.23,5.68,773.84,Alluvial Soil,Kharif,Junagadh,High,Cotton
84,46,40,33.33,62.67,6.56,774.62,Black Soil,Kharif,Amreli,High,Cotton
42,52,42,21.42,40.59,6.15,163.44,Loamy Soil,Rabi,Rajkot,Low,Gram
42,39,29,27.17,53.3,5.92,493.08,Alluvial Soil,Kharif,Anand,Low,Castor
52,40,31,31.04,55.92,6.21,398.36,Loamy Soil,Kharif,Banaskantha,Low,Castor
56,39,34,30.93,52.19,6.65,462.56,Alluvial Soil,Kharif,Banaskantha,Low,Castor
20,29,37,24.37,36.06,6.98,109.37,Alluvial Soil,Rabi,Kutch,Low,Cumin
49,31,26,28.67,58.37,6.75,560.9,Loamy Soil,Kharif,Rajkot,Low,Castor
35,56,40,20.84,43.18,6.03,138.75,Black Soil,Rabi,Junagadh,Low,Gram
36,46,32,28.12,71.13,6.24,664.36,Loamy Soil,Kharif,Bhavnagar,Medium,Groundnut
41,31,28,29.86,57.91,6.19,401.67,Loamy Soil,Kharif,Banaskantha,Low,Castor
29,60,23,20.23,44.58,6.88,156.87,Black Soil,Rabi,Junagadh,Low,Gram
34,47,36,28.28,70.5,6.73,629.9,Loamy Soil,Kharif,Bhavnagar,Medium,Groundnut
57,35,26,32.07,38.2,6.12,327.2,Loamy Soil,Kharif,Ahmedabad,Low,Bajra
81,55,41,28.24,69.54,5.98,1007.49,Loamy Soil,Kharif,Vadodara,High,Maize
41,51,30,28.54,72.32,6.71,617.27,Loamy Soil,Kharif,Bhavnagar,Medium,Groundnut
50,32,27,31.57,37.44,7.34,302.42,Loamy Soil,Kharif,Kutch,Low,Bajra
41,43,38,26.02,70.62,7.26,656.56,Sandy Soil,Kharif,Jamnagar,Medium,Groundnut
85,48,43,20.89,43.57,5.68,186.96,Loamy Soil,Rabi,Ahmedabad,Medium,Wheat
92,37,45,20.31,49.96,5.8,243.87,Loamy Soil,Rabi,Ahmedabad,Medium,Wheat
83,40,52,17.36,42.33,5.92,148.65,Black Soil,Rabi,Mehsana,Medium,Wheat
56,36,29,33.29,40.49,6.58,317.11,Loamy Soil,Kharif,Jamnagar,Low,Bajra
35,29,25,30.6,57.9,6.54,478.33,Sandy Soil,Kharif,Kutch,Low,Castor
54,40,24,27.46,53.81,7.14,409.37,Loamy Soil,Kharif,Banaskantha,Low,Castor
68,39,38,17.44,51.0,5.88,173.09,Alluvial Soil,Rabi,Kutch,Low,Mustard
35,33,25,21.48,40.76,6.08,150.89,Sandy Soil,Rabi,Rajkot,Low,Cumin
50,41,28,17.46,54.08,6.13,202.12,Alluvial Soil,Rabi,Kutch,Low,Mustard
97,41,47,19.91,47.36,6.25,178.73,Clay Soil,Rabi,Rajkot,Medium,Wheat
32,40,35,27.18,69.13,6.2,648.4,Sandy Soil,Kharif,Bhavnagar,Medium,Groundnut
102,46,41,30.71,65.37,6.19,832.94,Alluvial Soil,Kharif,Amreli,High,Cotton
50,30,26,37.04,39.26,4.79,291.52,Loamy Soil,Kharif,Kutch,Low,Bajra
22,30,27,23.93,36.32,6.57,140.34,Alluvial Soil,Rabi,Kutch,Low,Cumin
94,57,40,32.71,69.81,5.26,746.87,Black Soil,Kharif,Vadodara,Medium,Cotton
31,35,26,24.67,32.3,6.93,89.93,Loamy Soil,Rabi,Jamnagar,Low,Cumin
96,35,40,17.87,45.11,6.71,234.52,Clay Soil,Rabi,Mehsana,Medium,Wheat
56,39,24,32.66,36.79,7.13,266.32,Loamy Soil,Kharif,Banaskantha,Low,Bajra
31,27,26,28.47,51.15,6.66,417.31,Loamy Soil,Kharif,Kutch,Low,Sesame
64,39,36,20.79,52.52,6.09,147.92,Loamy Soil,Rabi,Ahmedabad,Low,Mustard
36,29,16,29.04,51.59,7.05,378.86,Loamy Soil,Kharif,Kutch,Low,Sesame
35,43,35,18.56,40.93,6.5,180.21,Loamy Soil,Rabi,Vadodara,Low,Gram
65,34,32,25.81,54.12,5.77,406.93,Alluvial Soil,Kharif,Kutch,Low,Castor
54,33,30,28.84,49.39,5.77,424.86,Loamy Soil,Kharif,Banaskantha,Low,Castor
81,41,44,24.21,66.71,6.32,1002.93,Red Soil,Kharif,Mehsana,High,Maize
41,35,24,31.11,47.29,6.86,359.11,Sandy Soil,Kharif,Rajkot,Low,Castor
71,45,49,18.54,44.43,6.41,197.98,Loamy Soil,Rabi,Ahmedabad,Medium,Wheat
31,51,39,18.99,41.26,6.84,110.3,Clay Soil,Rabi,Rajkot,Low,Gram
101,49,47,20.69,45.64,6.19,225.08,Loamy Soil,Rabi,Banaskantha,Medium,Wheat
40,34,30,30.13,57.24,6.6,513.81,Loamy Soil,Kharif,Mehsana,Low,Castor
72,44,47,27.81,65.89,5.62,858.33,Alluvial Soil,Kharif,Anand,High,Maize
27,59,36,25.87,42.19,6.79,196.73,Loamy Soil,Rabi,Ahmedabad,Low,Gram
36,41,26,29.32,72.06,5.88,608.68,Loamy Soil,Kharif,Amreli,Medium,Groundnut
104,51,53,33.58,73.63,6.79,821.72,Alluvial Soil,Kharif,Surat,Medium,Cotton
38,45,33,27.21,72.98,6.43,645.29,Sandy Soil,Kharif,Junagadh,Medium,Groundnut
47,30,19,22.25,36.63,6.7,133.17,Alluvial Soil,Rabi,Kutch,Low,Cumin
89,44,46,27.84,71.27,6.85,876.05,Alluvial Soil,Kharif,Banaskantha,High,Maize
50,45,29,28.48,73.54,6.54,658.94,Sandy Soil,Kharif,Bhavnagar,Medium,Groundnut
99,45,39,18.63,43.91,6.39,230.87,Loamy Soil,Rabi,Anand,Medium,Wheat
33,21,24,30.27,53.04,7.21,371.48,Loamy Soil,Kharif,Junagadh,Low,Sesame
41,48,35,27.37,71.17,6.82,685.76,Loamy Soil,Kharif,Jamnagar,Medium,Groundnut
35,52,36,22.52,37.09,6.44,172.94,Clay Soil,Rabi,Ahmedabad,Low,Gram
47,37,28,28.31,70.69,8.19,675.79,Sandy Soil,Kharif,Bhavnagar,Medium,Groundnut
37,32,28,31.67,53.26,7.36,385.06,Loamy Soil,Kharif,Banaskantha,Low,Castor
91,40,43,18.98,46.43,7.5,185.32,Alluvial Soil,Rabi,Mehsana,Medium,Wheat
28,29,22,30.56,48.44,7.04,419.56,Alluvial Soil,Kharif,Junagadh,Low,Sesame
75,43,54,21.18,43.66,6.47,212.1,Loamy Soil,Rabi,Mehsana,Medium,Wheat
53,38,35,21.12,49.9,6.68,180.75,Loamy Soil,Rabi,Jamnagar,Low,Mustard
98,52,46,31.13,65.56,6.72,727.31,Black Soil,Kharif,Vadodara,High,Cotton
35,29,22,29.26,50.02,6.36,400.02,Sandy Soil,Kharif,Junagadh,Low,Sesame
36,21,29,30.74,54.3,6.72,412.03,Sandy Soil,Kharif,Bhavnagar,Low,Sesame
79,52,39,25.51,69.77,5.89,1006.81,Alluvial Soil,Kharif,Anand,High,Maize
88,41,46,20.2,48.6,6.41,134.83,Clay Soil,Rabi,Anand,Medium,Wheat
47,43,30,16.7,53.83,6.0,208.61,Sandy Soil,Rabi,Mehsana,Low,Mustard
61,38,31,32.62,38.66,6.4,349.01,Loamy Soil,Kharif,Ahmedabad,Low,Bajra
42,40,33,27.17,71.81,7.01,695.45,Black Soil,Kharif,Jamnagar,Medium,Groundnut
33,41,23,30.14,76.49,5.99,638.61,Black Soil,Kharif,Jamnagar,Medium,Groundnut
56,41,32,21.85,50.02,6.24,122.72,Sandy Soil,Rabi,Banaskantha,Low,Mustard
37,24,23,28.74,52.82,6.96,412.3,Sandy Soil,Kharif,Bhavnagar,Low,Sesame
64,38,28,18.76,55.45,5.87,194.98,Loamy Soil,Rabi,Jamnagar,Low,Mustard
57,31,27,36.26,41.19,7.34,190.44,Sandy Soil,Kharif,Banaskantha,Low,Bajra
84,49,52,30.33,65.98,5.82,831.1,Alluvial Soil,Kharif,Bhavnagar,Medium,Cotton
32,48,30,19.57,46.87,7.2,172.38,Loamy Soil,Rabi,Ahmedabad,Low,Gram
56,31,39,18.41,52.77,6.04,153.41,Loamy Soil,Rabi,Ahmedabad,Low,Mustard
40,23,24,28.17,52.78,6.39,396.92,Loamy Soil,Kharif,Junagadh,Low,Sesame
106,52,37,30.85,67.24,6.58,878.73,Black Soil,Kharif,Jamnagar,Medium,Cotton
52,40,33,36.09,32.04,6.55,209.27,Sandy Soil,Kharif,Jamnagar,Low,Bajra
53,32,29,27.07,50.72,6.74,418.5,Loamy Soil,Kharif,Banaskantha,Low,Castor
95,49,47,18.51,46.89,6.13,185.99,Clay Soil,Rabi,Mehsana,Medium,Wheat
110,49,55,35.07,63.79,6.28,896.89,Black Soil,Kharif,Vadodara,High,Cotton
32,50,31,21.29,42.04,6.39,178.71,Loamy Soil,Rabi,Vadodara,Low,Gram
53,29,27,30.24,60.53,6.38,514.97,Loamy Soil,Kharif,Kutch,Low,Castor
31,48,28,21.51,40.9,7.03,138.44,Loamy Soil,Rabi,Ahmedabad,Low,Gram
30,49,31,18.17,40.87,6.26,201.63,Black Soil,Rabi,Junagadh,Low,Gram
38,33,27,21.92,36.3,5.85,93.16,Sandy Soil,Rabi,Rajkot,Low,Cumin
87,53,36,30.23,65.66,6.87,811.42,Black Soil,Kharif,Jamnagar,Medium,Cotton
49,30,33,32.36,55.97,6.38,397.19,Loamy Soil,Kharif,Rajkot,Low,Castor
37,31,24,30.71,52.38,5.76,417.69,Sandy Soil,Kharif,Junagadh,Low,Sesame
53,37,30,34.83,39.41,5.85,288.0,Sandy Soil,Kharif,Jamnagar,Low,Bajra
58,45,35,25.63,76.26,6.89,625.8,Loamy Soil,Kharif,Junagadh,Medium,Groundnut
86,43,59,21.12,50.38,5.77,176.43,Alluvial Soil,Rabi,Anand,Medium,Wheat
33,49,35,23.29,40.19,6.81,170.24,Black Soil,Rabi,Vadodara,Low,Gram
83,52,34,25.14,67.34,6.27,841.35,Alluvial Soil,Kharif,Vadodara,High,Maize
96,44,43,28.99,71.27,7.12,937.58,Alluvial Soil,Kharif,Ahmedabad,High,Maize
61,44,31,18.22,50.09,6.5,161.6,Alluvial Soil,Rabi,Kutch,Low,Mustard
59,38,29,19.35,49.98,6.18,161.01,Alluvial Soil,Rabi,Jamnagar,Low,Mustard
37,29,22,28.93,54.12,6.58,455.73,Sandy Soil,Kharif,Rajkot,Low,Castor
41,38,32,28.22,72.82,6.39,706.89,Black Soil,Kharif,Rajkot,Medium,Groundnut
42,39,34,27.49,73.59,6.48,653.71,Sandy Soil,Kharif,Junagadh,Medium,Groundnut
34,24,21,30.32,51.38,7.17,411.89,Sandy Soil,Kharif,Kutch,Low,Sesame
60,45,40,25.07,71.92,6.11,931.9,Loamy Soil,Kharif,Mehsana,High,Maize
35,32,29,28.46,51.1,6.64,407.06,Sandy Soil,Kharif,Amreli,Low,Sesame
23,43,32,26.82,72.86,6.75,683.53,Black Soil,Kharif,Bhavnagar,Medium,Groundnut
39,30,27,30.47,54.45,7.19,421.23,Alluvial Soil,Kharif,Rajkot,Low,Castor
97,40,41,20.47,50.51,7.29,235.19,Loamy Soil,Rabi,Banaskantha,Medium,Wheat
101,49,42,21.42,51.12,6.44,184.98,Clay Soil,Rabi,Anand,Medium,Wheat
52,42,33,19.78,51.14,6.78,189.0,Sandy Soil,Rabi,Mehsana,Low,Mustard
59,37,28,19.56,52.07,6.72,178.0,Sandy Soil,Rabi,Banaskantha,Low,Mustard
35,28,30,23.66,29.16,7.17,117.19,Loamy Soil,Rabi,Banaskantha,Low,Cumin
45,34,30,34.78,41.83,6.16,304.34,Sandy Soil,Kharif,Jamnagar,Low,Bajra
55,41,30,19.93,55.18,6.63,219.09,Loamy Soil,Rabi,Banaskantha,Low,Mustard
118,58,44,33.71,65.23,6.93,832.32,Alluvial Soil,Kharif,Surat,High,Cotton
33,38,34,23.12,42.54,6.27,184.43,Loamy Soil,Rabi,Ahmedabad,Low,Gram
38,26,20,24.87,25.0,6.16,129.67,Alluvial Soil,Rabi,Jamnagar,Low,Cumin
61,35,44,19.04,54.7,6.5,193.26,Sandy Soil,Rabi,Mehsana,Low,Mustard
83,47,41,23.17,70.94,5.9,941.98,Loamy Soil,Kharif,Vadodara,High,Maize
43,47,35,21.57,57.01,6.42,203.21,Sandy Soil,Rabi,Kutch,Low,Mustard
50,38,34,39.87,38.52,6.35,268.55,Loamy Soil,Kharif,Ahmedabad,Low,Bajra
117,49,48,31.98,68.96,7.76,764.61,Black Soil,Kharif,Surat,High,Cotton
32,37,26,22.05,35.94,6.5,99.98,Loamy Soil,Rabi,Kutch,Low,Cumin
56,48,36,16.6,48.22,6.56,168.81,Alluvial Soil,Rabi,Banaskantha,Low,Mustard
29,52,41,30.06,71.66,5.92,596.72,Black Soil,Kharif,Rajkot,Medium,Groundnut
40,50,27,30.18,74.75,6.46,642.56,Black Soil,Kharif,Jamnagar,Medium,Groundnut
28,32,26,28.79,50.68,6.38,347.92,Loamy Soil,Kharif,Junagadh,Low,Sesame
31,28,27,27.82,50.04,6.87,411.13,Loamy Soil,Kharif,Kutch,Low,Sesame
39,42,24,29.12,57.11,5.92,436.71,Alluvial Soil,Kharif,Banaskantha,Low,Castor
40,49,41,18.68,43.62,6.57,195.85,Black Soil,Rabi,Ahmedabad,Low,Gram
83,47,44,27.92,72.97,6.67,911.44,Alluvial Soil,Kharif,Ahmedabad,High,Maize
27,31,29,29.45,43.55,7.18,439.61,Alluvial Soil,Kharif,Junagadh,Low,Sesame
69,33,32,18.84,53.66,7.4,126.17,Sandy Soil,Rabi,Banaskantha,Low,Mustard
35,25,28,30.58,49.63,6.31,409.33,Loamy Soil,Kharif,Amreli,Low,Sesame
24,37,15,24.51,33.06,5.78,118.68,Alluvial Soil,Rabi,Mehsana,Low,Cumin
73,50,47,26.41,68.21,7.5,1000.65,Loamy Soil,Kharif,Banaskantha,High,Maize
30,47,33,24.01,41.55,6.33,167.69,Clay Soil,Rabi,Jamnagar,Low,Gram
37,27,22,29.67,53.0,6.7,415.52,Loamy Soil,Kharif,Bhavnagar,Low,Sesame
37,37,29,31.18,53.31,6.69,492.8,Alluvial Soil,Kharif,Anand,Low,Castor
56,41,40,21.14,52.65,6.25,130.98,Alluvial Soil,Rabi,Ahmedabad,Low,Mustard
91,40,40,19.98,49.86,7.89,232.73,Loamy Soil,Rabi,Ahmedabad,Medium,Wheat
91,61,55,31.38,62.9,5.19,701.23,Black Soil,Kharif,Surat,Medium,Cotton
31,40,29,28.45,73.23,6.7,679.8,Loamy Soil,Kharif,Rajkot,Medium,Groundnut
53,35,27,28.26,53.73,6.53,519.09,Alluvial Soil,Kharif,Kutch,Low,Castor
42,26,27,31.06,57.51,6.58,366.79,Loamy Soil,Kharif,Mehsana,Low,Castor
50,37,31,39.8,41.47,5.57,323.98,Sandy Soil,Kharif,Jamnagar,Low,Bajra
50,33,32,18.75,48.64,6.15,142.58,Sandy Soil,Rabi,Banaskantha,Low,Mustard
110,64,38,29.49,71.24,6.69,742.11,Alluvial Soil,Kharif,Surat,High,Cotton
86,49,45,19.34,46.31,6.58,233.22,Loamy Soil,Rabi,Mehsana,Medium,Wheat
39,43,32,20.82,39.08,6.21,184.01,Loamy Soil,Rabi,Ahmedabad,Low,Gram
30,49,30,22.15,43.76,6.95,212.37,Loamy Soil,Rabi,Vadodara,Low,Gram
101,54,58,33.27,63.08,6.05,832.79,Black Soil,Kharif,Bhavnagar,High,Cotton
108,54,48,32.52,66.08,7.14,886.33,Black Soil,Kharif,Bhavnagar,High,Cotton
107,49,46,30.67,56.46,6.4,960.84,Alluvial Soil,Kharif,Rajkot,Medium,Cotton
44,34,24,29.0,60.52,6.81,478.84,Alluvial Soil,Kharif,Kutch,Low,Castor
40,40,35,27.93,70.03,7.62,673.82,Black Soil,Kharif,Bhavnagar,Medium,Groundnut
54,34,28,30.95,48.45,6.48,350.97,Loamy Soil,Kharif,Mehsana,Low,Bajra
80,46,43,27.92,72.26,7.39,1000.05,Red Soil,Kharif,Vadodara,High,Maize
58,50,28,32.75,42.72,6.4,255.71,Loamy Soil,Kharif,Banaskantha,Low,Bajra
78,39,45,16.39,46.39,5.63,245.64,Clay Soil,Rabi,Anand,Medium,Wheat
51,43,38,18.12,53.24,7.13,155.65,Loamy Soil,Rabi,Mehsana,Low,Mustard
45,31,26,29.91,58.57,6.14,445.57,Sandy Soil,Kharif,Rajkot,Low,Castor
38,29,22,27.71,53.4,6.63,402.51,Loamy Soil,Kharif,Rajkot,Low,Sesame
70,45,35,20.07,53.56,6.58,140.39,Sandy Soil,Rabi,Kutch,Low,Mustard
35,25,26,19.55,35.12,5.88,127.09,Alluvial Soil,Rabi,Mehsana,Low,Cumin
95,40,45,17.84,43.05,6.53,242.08,Loamy Soil,Rabi,Rajkot,Medium,Wheat
101,41,41,20.93,44.97,7.04,211.14,Loamy Soil,Rabi,Rajkot,Medium,Wheat
92,54,49,33.59,60.81,6.87,839.36,Alluvial Soil,Kharif,Jamnagar,High,Cotton
60,32,35,19.78,56.02,7.41,131.24,Loamy Soil,Rabi,Kutch,Low,Mustard
59,38,39,17.5,55.39,6.98,126.06,Loamy Soil,Rabi,Jamnagar,Low,Mustard
67,42,28,16.53,47.02,6.35,151.6,Loamy Soil,Rabi,Ahmedabad,Low,Mustard
91,56,45,28.44,63.07,6.35,964.31,Loamy Soil,Kharif,Ahmedabad,High,Maize
31,26,26,30.16,50.66,6.38,371.99,Loamy Soil,Kharif,Rajkot,Low,Sesame
56,50,29,28.13,59.96,6.59,555.56,Sandy Soil,Kharif,Banaskantha,Low,Castor
31,28,24,30.05,52.42,7.08,488.46,Alluvial Soil,Kharif,Rajkot,Low,Sesame
30,36,24,25.34,32.62,5.75,126.38,Alluvial Soil,Rabi,Rajkot,Low,Cumin
39,34,23,23.62,37.53,5.83,137.91,Loamy Soil,Rabi,Jamnagar,Low,Cumin
52,38,29,19.72,59.5,7.42,188.98,Alluvial Soil,Rabi,Kutch,Low,Mustard
112,53,44,30.68,60.18,6.83,838.53,Alluvial Soil,Kharif,Jamnagar,High,Cotton
56,40,27,31.01,41.42,7.22,345.53,Loamy Soil,Kharif,Kutch,Low,Bajra
94,49,51,31.79,62.86,7.33,742.92,Alluvial Soil,Kharif,Jamnagar,High,Cotton
94,52,43,25.84,72.72,6.6,849.63,Alluvial Soil,Kharif,Anand,High,Maize
48,49,32,28.17,68.74,6.22,675.86,Loamy Soil,Kharif,Rajkot,Medium,Groundnut
36,47,39,23.03,41.41,6.99,184.23,Black Soil,Rabi,Jamnagar,Low,Gram
39,29,29,32.87,51.01,6.33,394.02,Alluvial Soil,Kharif,Amreli,Low,Sesame
32,29,24,24.84,34.76,7.01,120.87,Alluvial Soil,Rabi,Jamnagar,Low,Cumin
61,41,38,17.64,59.24,6.4,161.3,Sandy Soil,Rabi,Ahmedabad,Low,Mustard
58,33,36,19.58,51.06,6.45,140.01,Sandy Soil,Rabi,Ahmedabad,Low,Mustard
65,44,36,19.38,56.62,6.5,181.72,Loamy Soil,Rabi,Banaskantha,Low,Mustard
36,33,31,26.65,33.77,6.47,75.18,Alluvial Soil,Rabi,Jamnagar,Low,Cumin
27,32,30,24.71,32.13,6.46,91.96,Sandy Soil,Rabi,Rajkot,Low,Cumin
102,45,53,32.28,65.66,6.5,765.48,Alluvial Soil,Kharif,Rajkot,Medium,Cotton
43,36,28,20.61,52.06,6.91,165.9,Sandy Soil,Rabi,Jamnagar,Low,Mustard
36,44,33,28.48,72.46,6.21,551.83,Black Soil,Kharif,Bhavnagar,Medium,Groundnut
91,52,41,25.33,70.88,6.54,961.01,Loamy Soil,Kharif,Vadodara,High,Maize
66,41,39,21.61,48.72,6.12,152.72,Loamy Soil,Rabi,Ahmedabad,Low,Mustard
58,37,25,35.04,40.6,6.81,319.45,Loamy Soil,Kharif,Kutch,Low,Bajra
38,31,28,32.41,57.33,6.22,414.59,Alluvial Soil,Kharif,Mehsana,Low,Castor
38,37,31,21.73,44.38,7.34,137.97,Sandy Soil,Rabi,Kutch,Low,Cumin
59,33,33,37.19,39.89,6.97,192.03,Sandy Soil,Kharif,Mehsana,Low,Bajra
51,32,27,30.65,50.74,7.13,471.39,Loamy Soil,Kharif,Banaskantha,Low,Castor
88,51,41,25.01,68.47,6.9,897.9,Loamy Soil,Kharif,Ahmedabad,High,Maize
81,48,38,18.24,47.21,6.22,229.66,Alluvial Soil,Rabi,Ahmedabad,Medium,Wheat
44,34,26,30.35,56.58,6.04,447.0,Sandy Soil,Kharif,Anand,Low,Castor
89,46,49,26.43,69.6,5.84,887.08,Alluvial Soil,Kharif,Ahmedabad,High,Maize
58,43,32,16.29,52.31,6.9,178.94,Sandy Soil,Rabi,Banaskantha,Low,Mustard
104,56,55,32.26,67.36,6.46,896.01,Black Soil,Kharif,Rajkot,High,Cotton
28,33,30,21.2,36.01,5.77,137.98,Loamy Soil,Rabi,Banaskantha,Low,Cumin
50,32,33,33.34,40.01,6.9,253.42,Loamy Soil,Kharif,Mehsana,Low,Bajra
82,50,51,18.11,48.27,7.42,213.84,Black Soil,Rabi,Ahmedabad,Medium,Wheat
36,41,29,23.71,37.62,6.45,94.12,Loamy Soil,Rabi,Jamnagar,Low,Cumin
75,46,43,24.33,67.26,6.78,805.79,Loamy Soil,Kharif,Anand,High,Maize
55,29,32,30.53,42.1,6.35,271.58,Sandy Soil,Kharif,Ahmedabad,Low,Bajra
55,33,34,36.13,42.03,5.48,295.83,Loamy Soil,Kharif,Mehsana,Low,Bajra
55,39,31,27.1,53.98,7.0,403.82,Sandy Soil,Kharif,Banaskantha,Low,Castor
30,28,35,22.37,31.62,7.1,111.81,Alluvial Soil,Rabi,Rajkot,Low,Cumin
59,36,30,31.77,39.82,5.84,243.68,Loamy Soil,Kharif,Kutch,Low,Bajra
33,42,27,27.4,71.48,6.55,569.26,Loamy Soil,Kharif,Rajkot,Medium,Groundnut
37,38,28,20.8,33.26,6.37,113.61,Sandy Soil,Rabi,Banaskantha,Low,Cumin
68,42,31,22.52,50.76,6.31,181.93,Sandy Soil,Rabi,Ahmedabad,Low,Mustard
44,53,33,21.9,47.2,7.13,167.23,Black Soil,Rabi,Rajkot,Low,Gram
54,34,37,22.55,51.22,6.31,148.44,Sandy Soil,Rabi,Jamnagar,Low,Mustard
36,31,25,30.36,49.19,7.02,454.87,Sandy Soil,Kharif,Junagadh,Low,Sesame
69,41,31,18.03,47.32,6.69,145.66,Sandy Soil,Rabi,Jamnagar,Low,Mustard
43,36,42,33.91,40.6,6.34,302.8,Sandy Soil,Kharif,Ahmedabad,Low,Bajra
53,32,32,33.39,42.61,7.12,218.03,Loamy Soil,Kharif,Jamnagar,Low,Bajra
73,50,30,20.96,53.34,6.99,172.84,Alluvial Soil,Rabi,Mehsana,Low,Mustard
39,42,36,28.25,72.63,6.89,631.24,Black Soil,Kharif,Junagadh,Medium,Groundnut
73,56,40,27.58,64.49,6.76,766.31,Alluvial Soil,Kharif,Vadodara,High,Maize
86,44,45,20.87,46.25,6.6,203.93,Black Soil,Rabi,Rajkot,Medium,Wheat
47,39,29,34.79,45.19,5.67,312.82,Sandy Soil,Kharif,Jamnagar,Low,Bajra
63,49,34,18.9,49.86,7.14,220.45,Loamy Soil,Rabi,Banaskantha,Low,Mustard
45,31,30,31.83,40.72,6.46,307.9,Sandy Soil,Kharif,Mehsana,Low,Bajra
40,31,19,21.01,31.75,6.01,54.21,Sandy Soil,Rabi,Mehsana,Low,Cumin
44,54,42,21.36,43.08,5.96,168.04,Clay Soil,Rabi,Jamnagar,Low,Gram
35,40,36,25.9,43.33,6.28,148.85,Clay Soil,Rabi,Vadodara,Low,Gram
37,48,32,29.06,75.87,7.03,673.53,Sandy Soil,Kharif,Jamnagar,Medium,Groundnut
55,30,30,33.67,42.32,7.19,265.45,Sandy Soil,Kharif,Kutch,Low,Bajra
93,53,48,32.2,60.3,6.9,815.98,Black Soil,Kharif,Rajkot,Medium,Cotton
45,57,35,23.48,39.74,5.69,202.0,Loamy Soil,Rabi,Ahmedabad,Low,Gram
111,47,48,33.3,66.67,6.59,866.74,Black Soil,Kharif,Jamnagar,High,Cotton
39,27,28,20.91,31.94,7.29,124.91,Sandy Soil,Rabi,Banaskantha,Low,Cumin
82,47,39,24.64,66.26,6.32,793.13,Loamy Soil,Kharif,Vadodara,High,Maize
55,31,32,31.95,37.38,6.76,255.71,Sandy Soil,Kharif,Jamnagar,Low,Bajra
43,32,29,34.08,39.93,6.57,282.28,Loamy Soil,Kharif,Kutch,Low,Bajra
43,47,26,28.85,54.28,6.59,446.5,Alluvial Soil,Kharif,Mehsana,Low,Castor
33,32,33,23.37,34.67,6.43,119.2,Loamy Soil,Rabi,Banaskantha,Low,Cumin
100,51,47,31.32,57.98,7.52,810.35,Alluvial Soil,Kharif,Surat,High,Cotton
35,27,22,31.34,50.05,6.53,399.86,Loamy Soil,Kharif,Kutch,Low,Sesame
88,42,40,21.29,51.16,7.09,216.41,Alluvial Soil,Rabi,Anand,Medium,Wheat
56,30,18,30.18,59.61,6.81,528.7,Loamy Soil,Kharif,Kutch,Low,Castor
58,36,33,20.97,49.17,6.14,132.65,Loamy Soil,Rabi,Banaskantha,Low,Mustard
36,34,32,25.74,35.79,6.04,95.58,Alluvial Soil,Rabi,Kutch,Low,Cumin
50,37,33,34.62,41.17,7.1,274.64,Sandy Soil,Kharif,Ahmedabad,Low,Bajra
54,37,23,36.63,30.0,6.28,208.51,Loamy Soil,Kharif,Jamnagar,Low,Bajra
34,35,23,31.6,50.48,6.57,344.97,Alluvial Soil,Kharif,Junagadh,Low,Sesame
35,34,31,23.24,36.22,6.59,124.53,Loamy Soil,Rabi,Kutch,Low,Cumin
36,36,30,22.92,35.73,6.56,92.55,Alluvial Soil,Rabi,Mehsana,Low,Cumin
48,44,23,28.57,75.69,6.96,616.87,Black Soil,Kharif,Junagadh,Medium,Groundnut
38,39,23,32.97,59.57,6.77,373.1,Alluvial Soil,Kharif,Kutch,Low,Castor
87,43,56,20.71,53.7,6.25,197.17,Clay Soil,Rabi,Banaskantha,Medium,Wheat
38,50,33,21.35,39.66,5.45,143.12,Black Soil,Rabi,Ahmedabad,Low,Gram
109,50,37,30.77,70.21,6.36,783.77,Alluvial Soil,Kharif,Junagadh,High,Cotton
107,56,41,31.67,64.87,6.43,822.26,Alluvial Soil,Kharif,Rajkot,High,Cotton
39,31,34,29.55,46.99,6.73,370.66,Loamy Soil,Kharif,Junagadh,Low,Sesame
31,28,22,31.0,56.43,6.32,426.35,Sandy Soil,Kharif,Amreli,Low,Sesame
42,34,32,25.76,69.48,6.41,713.81,Loamy Soil,Kharif,Jamnagar,Medium,Groundnut
33,24,23,33.61,56.01,6.96,397.76,Loamy Soil,Kharif,Rajkot,Low,Sesame
54,47,37,36.04,41.77,6.15,285.9,Sandy Soil,Kharif,Ahmedabad,Low,Bajra
25,27,27,31.14,47.63,5.99,363.61,Sandy Soil,Kharif,Bhavnagar,Low,Sesame
67,31,40,17.58,54.29,6.32,171.31,Sandy Soil,Rabi,Banaskantha,Low,Mustard
73,54,38,27.66,69.02,6.91,884.62,Loamy Soil,Kharif,Mehsana,High,Maize
44,34,40,30.34,35.56,6.88,248.24,Sandy Soil,Kharif,Jamnagar,Low,Bajra
36,29,31,20.49,39.39,6.53,96.49,Sandy Soil,Rabi,Kutch,Low,Cumin
39,49,40,19.75,42.72,6.75,109.55,Loamy Soil,Rabi,Ahmedabad,Low,Gram
81,42,43,20.58,46.48,6.09,188.28,Black Soil,Rabi,Mehsana,Medium,Wheat
37,35,31,24.84,73.38,6.01,658.17,Black Soil,Kharif,Bhavnagar,Medium,Groundnut
55,40,36,32.69,56.55,6.28,468.32,Sandy Soil,Kharif,Anand,Low,Castor
39,29,26,24.16,34.54,6.97,112.89,Sandy Soil,Rabi,Banaskantha,Low,Cumin
35,34,28,24.59,31.3,6.63,95.74,Alluvial Soil,Rabi,Mehsana,Low,Cumin
31,58,40,20.36,39.46,6.64,183.24,Clay Soil,Rabi,Vadodara,Low,Gram
108,36,48,16.64,45.52,7.28,227.71,Alluvial Soil,Rabi,Ahmedabad,Medium,Wheat
88,57,55,31.9,68.35,6.68,756.99,Alluvial Soil,Kharif,Bhavnagar,Medium,Cotton
42,45,34,26.49,72.99,6.56,661.58,Loamy Soil,Kharif,Bhavnagar,Medium,Groundnut
41,37,32,34.82,40.57,6.98,271.85,Loamy Soil,Kharif,Mehsana,Low,Bajra
85,50,43,32.43,69.47,5.56,807.67,Black Soil,Kharif,Vadodara,Medium,Cotton
30,36,23,24.11,39.62,6.1,105.37,Sandy Soil,Rabi,Rajkot,Low,Cumin
56,35,25,28.37,58.73,6.63,480.83,Loamy Soil,Kharif,Rajkot,Low,Castor
70,53,41,24.8,66.82,5.87,814.55,Loamy Soil,Kharif,Anand,High,Maize
41,36,30,22.47,35.69,6.24,96.55,Loamy Soil,Rabi,Rajkot,Low,Cumin
43,52,34,27.07,68.45,5.94,653.66,Loamy Soil,Kharif,Jamnagar,Medium,Groundnut
105,48,47,31.58,65.43,5.31,678.02,Alluvial Soil,Kharif,Jamnagar,High,Cotton
74,42,43,18.25,48.57,7.09,244.84,Black Soil,Rabi,Anand,Medium,Wheat
31,33,25,22.52,37.02,6.66,158.34,Loamy Soil,Rabi,Kutch,Low,Cumin
65,47,41,17.13,55.38,7.34,148.71,Sandy Soil,Rabi,Jamnagar,Low,Mustard
51,33,27,27.94,57.88,6.62,468.11,Sandy Soil,Kharif,Rajkot,Low,Castor
41,24,24,24.85,38.11,6.04,140.13,Alluvial Soil,Rabi,Jamnagar,Low,Cumin
34,36,25,24.0,33.65,6.9,93.77,Sandy Soil,Rabi,Jamnagar,Low,Cumin
61,34,30,17.79,52.17,6.59,133.64,Sandy Soil,Rabi,Kutch,Low,Mustard
93,43,43,25.95,68.65,7.33,789.97,Red Soil,Kharif,Vadodara,High,Maize
59,32,31,31.64,41.58,6.02,276.41,Loamy Soil,Kharif,Jamnagar,Low,Bajra
53,36,33,33.8,42.52,6.55,295.08,Sandy Soil,Kharif,Banaskantha,Low,Bajra
92,42,50,29.56,60.91,5.46,794.26,Black Soil,Kharif,Vadodara,High,Cotton
33,26,31,23.85,38.86,6.43,121.39,Loamy Soil,Rabi,Kutch,Low,Cumin
86,55,33,20.68,49.28,6.77,205.87,Alluvial Soil,Rabi,Ahmedabad,Medium,Wheat
86,55,53,25.05,67.32,7.84,928.45,Alluvial Soil,Kharif,Vadodara,High,Maize
59,41,38,22.56,54.13,6.25,159.09,Loamy Soil,Rabi,Banaskantha,Low,Mustard
37,21,25,31.15,51.13,7.28,373.55,Sandy Soil,Kharif,Amreli,Low,Sesame
43,41,29,34.28,35.48,6.48,217.85,Loamy Soil,Kharif,Mehsana,Low,Bajra
100,56,37,32.64,61.48,6.91,735.82,Black Soil,Kharif,Junagadh,High,Cotton
32,38,32,21.33,39.46,6.1,155.15,Alluvial Soil,Rabi,Kutch,Low,Cumin
41,50,38,22.73,41.77,6.28,206.95,Black Soil,Rabi,Junagadh,Low,Gram
50,35,27,27.66,47.46,6.03,423.44,Sandy Soil,Kharif,Banaskantha,Low,Castor
50,35,30,25.16,72.58,6.64,729.54,Loamy Soil,Kharif,Amreli,Medium,Groundnut
32,34,25,22.22,35.51,6.26,109.21,Sandy Soil,Rabi,Rajkot,Low,Cumin
28,30,29,29.18,53.47,6.89,343.05,Loamy Soil,Kharif,Bhavnagar,Low,Sesame
37,45,29,27.44,40.16,6.9,151.44,Loamy Soil,Rabi,Rajkot,Low,Gram
90,37,37,19.58,43.99,5.67,185.16,Alluvial Soil,Rabi,Rajkot,Medium,Wheat
82,53,38,24.78,70.76,5.77,920.45,Alluvial Soil,Kharif,Ahmedabad,High,Maize
30,56,41,21.57,45.46,6.66,192.55,Loamy Soil,Rabi,Rajkot,Low,Gram
77,54,38,27.84,71.92,6.53,866.98,Red Soil,Kharif,Anand,High,Maize
31,23,28,30.5,41.08,5.73,340.24,Sandy Soil,Kharif,Kutch,Low,Sesame
49,31,16,28.32,56.86,6.64,498.26,Sandy Soil,Kharif,Anand,Low,Castor
90,49,44,26.79,70.72,6.79,873.47,Loamy Soil,Kharif,Vadodara,High,Maize
40,43,27,25.58,71.21,6.95,712.81,Loamy Soil,Kharif,Amreli,Medium,Groundnut
62,40,42,16.68,51.93,6.96,188.05,Alluvial Soil,Rabi,Jamnagar,Low,Mustard
46,40,28,30.4,51.11,6.92,452.43,Alluvial Soil,Kharif,Banaskantha,Low,Castor
60,41,25,32.18,42.74,6.09,263.54,Loamy Soil,Kharif,Mehsana,Low,Bajra
52,39,27,31.92,41.02,6.11,309.33,Sandy Soil,Kharif,Mehsana,Low,Bajra
30,41,34,26.86,73.16,6.62,640.65,Loamy Soil,Kharif,Jamnagar,Medium,Groundnut
60,30,33,19.9,53.56,7.21,188.73,Alluvial Soil,Rabi,Banaskantha,Low,Mustard
37,21,28,29.6,50.05,6.55,394.03,Sandy Soil,Kharif,Junagadh,Low,Sesame
73,47,40,17.67,45.41,6.77,241.96,Black Soil,Rabi,Ahmedabad,Medium,Wheat
118,44,34,32.59,63.33,5.99,847.22,Alluvial Soil,Kharif,Vadodara,Medium,Cotton
51,36,34,30.21,56.39,6.46,390.17,Sandy Soil,Kharif,Kutch,Low,Castor
109,59,47,31.52,69.09,5.89,829.24,Alluvial Soil,Kharif,Bhavnagar,Medium,Cotton
105,46,39,32.14,63.94,6.81,794.67,Alluvial Soil,Kharif,Rajkot,Medium,Cotton
42,41,28,22.53,33.99,6.69,93.03,Loamy Soil,Rabi,Banaskantha,Low,Cumin
44,52,33,27.74,67.55,6.51,653.56,Sandy Soil,Kharif,Junagadh,Medium,Groundnut
28,50,42,27.4,77.24,6.37,581.38,Black Soil,Kharif,Rajkot,Medium,Groundnut
81,46,56,34.48,64.66,5.88,939.72,Alluvial Soil,Kharif,Jamnagar,High,Cotton
67,50,31,18.71,49.42,7.43,122.72,Sandy Soil,Rabi,Banaskantha,Low,Mustard
84,53,43,28.0,73.37,6.18,822.99,Alluvial Soil,Kharif,Mehsana,High,Maize
42,27,26,29.8,52.72,6.45,432.41,Loamy Soil,Kharif,Amreli,Low,Sesame
39,56,31,19.45,43.93,6.27,182.29,Clay Soil,Rabi,Ahmedabad,Low,Gram
62,39,39,19.13,51.46,6.89,113.09,Loamy Soil,Rabi,Jamnagar,Low,Mustard
33,30,27,31.14,47.04,6.41,404.24,Sandy Soil,Kharif,Kutch,Low,Sesame
90,54,44,25.62,71.1,5.54,988.2,Loamy Soil,Kharif,Banaskantha,High,Maize
43,41,30,35.97,38.36,5.9,323.98,Loamy Soil,Kharif,Mehsana,Low,Bajra
58,39,31,31.12,35.96,6.64,316.14,Loamy Soil,Kharif,Mehsana,Low,Bajra
63,43,30,35.56,44.77,6.7,328.54,Loamy Soil,Kharif,Banaskantha,Low,Bajra
32,27,25,31.14,48.96,5.89,436.24,Loamy Soil,Kharif,Rajkot,Low,Sesame
32,54,30,21.46,39.83,6.3,234.82,Clay Soil,Rabi,Ahmedabad,Low,Gram
47,37,42,36.44,45.26,6.67,288.85,Loamy Soil,Kharif,Mehsana,Low,Bajra
58,36,24,28.99,56.22,6.64,451.47,Loamy Soil,Kharif,Kutch,Low,Castor
68,47,48,16.8,45.05,6.54,195.22,Black Soil,Rabi,Anand,Medium,Wheat
56,37,32,18.79,56.87,6.45,178.81,Loamy Soil,Rabi,Kutch,Low,Mustard
39,45,31,27.77,68.54,6.68,682.38,Black Soil,Kharif,Jamnagar,Medium,Groundnut
98,53,48,27.25,72.55,7.11,899.62,Loamy Soil,Kharif,Mehsana,High,Maize
37,31,24,24.94,29.99,6.2,112.96,Alluvial Soil,Rabi,Jamnagar,Low,Cumin
91,59,45,26.02,71.31,6.81,833.69,Alluvial Soil,Kharif,Ahmedabad,High,Maize
28,33,28,29.57,47.75,6.52,351.97,Alluvial Soil,Kharif,Amreli,Low,Sesame
51,42,38,29.7,70.0,7.02,617.43,Black Soil,Kharif,Jamnagar,Medium,Groundnut
54,40,35,33.68,34.89,6.91,282.07,Sandy Soil,Kharif,Kutch,Low,Bajra
33,32,28,25.53,32.12,6.71,101.91,Sandy Soil,Rabi,Mehsana,Low,Cumin
42,52,36,18.04,47.27,6.52,122.9,Clay Soil,Rabi,Vadodara,Low,Gram
30,51,30,24.51,43.11,6.56,151.13,Clay Soil,Rabi,Vadodara,Low,Gram
36,35,22,29.21,52.99,7.08,403.52,Sandy Soil,Kharif,Junagadh,Low,Sesame
44,39,17,29.58,54.64,5.49,469.21,Alluvial Soil,Kharif,Rajkot,Low,Castor
65,45,35,22.26,55.11,6.21,172.37,Sandy Soil,Rabi,Banaskantha,Low,Mustard
31,36,29,29.08,76.45,6.96,702.87,Sandy Soil,Kharif,Rajkot,Medium,Groundnut
39,31,26,31.06,48.25,6.77,347.69,Loamy Soil,Kharif,Rajkot,Low,Sesame
99,39,46,19.56,47.49,6.24,180.67,Alluvial Soil,Rabi,Ahmedabad,Medium,Wheat
30,36,26,32.42,56.04,5.61,371.2,Alluvial Soil,Kharif,Rajkot,Low,Sesame
64,41,37,19.65,50.8,6.46,112.38,Loamy Soil,Rabi,Ahmedabad,Low,Mustard
30,45,31,28.12,72.46,7.79,583.49,Loamy Soil,Kharif,Bhavnagar,Medium,Groundnut
62,29,22,31.47,58.09,6.78,483.81,Loamy Soil,Kharif,Anand,Low,Castor
45,43,24,27.36,72.61,7.11,621.61,Sandy Soil,Kharif,Rajkot,Medium,Groundnut
35,32,32,20.66,36.56,7.27,146.02,Sandy Soil,Rabi,Banaskantha,Low,Cumin
90,38,49,20.29,47.07,6.33,192.93,Loamy Soil,Rabi,Banaskantha,Medium,Wheat
93,54,48,33.25,67.59,6.52,740.18,Alluvial Soil,Kharif,Jamnagar,Medium,Cotton
35,27,29,26.49,34.32,6.94,69.44,Sandy Soil,Rabi,Jamnagar,Low,Cumin
59,46,33,16.64,55.14,6.63,155.97,Alluvial Soil,Rabi,Kutch,Low,Mustard
46,30,41,31.59,37.82,6.45,272.48,Sandy Soil,Kharif,Ahmedabad,Low,Bajra
72,49,30,18.01,57.87,7.2,154.54,Sandy Soil,Rabi,Mehsana,Low,Mustard
38,46,50,21.57,43.56,6.82,172.78,Loamy Soil,Rabi,Rajkot,Low,Gram
49,33,30,36.19,40.95,5.97,234.81,Loamy Soil,Kharif,Ahmedabad,Low,Bajra
32,47,28,23.01,43.02,5.77,164.86,Loamy Soil,Rabi,Rajkot,Low,Gram
59,39,29,28.94,52.38,5.93,388.29,Alluvial Soil,Kharif,Kutch,Low,Castor
34,26,29,22.79,25.0,5.71,104.74,Loamy Soil,Rabi,Kutch,Low,Cumin
36,22,17,28.64,46.62,7.4,455.82,Loamy Soil,Kharif,Rajkot,Low,Sesame
53,35,26,34.19,41.88,5.77,253.28,Sandy Soil,Kharif,Banaskantha,Low,Bajra
67,37,35,22.67,50.11,6.77,173.18,Alluvial Soil,Rabi,Kutch,Low,Mustard
46,34,21,29.91,55.23,6.88,427.31,Sandy Soil,Kharif,Rajkot,Low,Castor
47,35,28,30.11,53.0,7.03,423.62,Loamy Soil,Kharif,Anand,Low,Castor
36,40,23,21.93,37.03,6.61,122.61,Alluvial Soil,Rabi,Banaskantha,Low,Cumin
101,45,46,21.27,47.26,6.88,222.8,Black Soil,Rabi,Rajkot,Medium,Wheat
36,46,29,27.92,68.72,6.82,738.25,Sandy Soil,Kharif,Rajkot,Medium,Groundnut
39,42,37,28.35,70.54,6.26,706.06,Sandy Soil,Kharif,Rajkot,Medium,Groundnut
71,43,39,27.44,68.02,6.21,887.94,Loamy Soil,Kharif,Anand,High,Maize
41,38,27,23.94,32.61,6.51,111.44,Loamy Soil,Rabi,Banaskantha,Low,Cumin
53,37,25,30.21,47.22,7.0,534.7,Alluvial Soil,Kharif,Banaskantha,Low,Castor
31,36,26,24.0,32.82,6.9,119.27,Alluvial Soil,Rabi,Mehsana,Low,Cumin
62,27,30,32.67,41.84,6.34,330.12,Loamy Soil,Kharif,Ahmedabad,Low,Bajra
36,28,24,23.03,33.83,6.35,139.35,Loamy Soil,Rabi,Kutch,Low,Cumin
54,40,28,33.65,43.6,6.09,243.33,Sandy Soil,Kharif,Banaskantha,Low,Bajra
46,63,34,21.29,40.04,7.06,156.85,Black Soil,Rabi,Ahmedabad,Low,Gram
35,26,28,29.3,46.3,5.24,400.82,Alluvial Soil,Kharif,Amreli,Low,Sesame
48,42,31,31.73,38.15,6.53,327.27,Loamy Soil,Kharif,Kutch,Low,Bajra
88,44,51,18.81,46.87,6.51,138.67,Loamy Soil,Rabi,Mehsana,Medium,Wheat
103,52,43,31.75,59.67,7.64,717.7,Black Soil,Kharif,Vadodara,High,Cotton
79,44,45,20.54,49.09,6.58,204.01,Alluvial Soil,Rabi,Rajkot,Medium,Wheat
56,30,29,35.59,44.81,5.44,282.51,Sandy Soil,Kharif,Mehsana,Low,Bajra
58,32,26,32.07,43.52,6.17,256.58,Sandy Soil,Kharif,Jamnagar,Low,Bajra
30,45,39,20.28,41.8,6.27,201.48,Loamy Soil,Rabi,Ahmedabad,Low,Gram
43,29,21,32.51,46.18,6.81,480.59,Sandy Soil,Kharif,Rajkot,Low,Sesame
108,52,50,31.31,64.35,6.4,750.23,Alluvial Soil,Kharif,Vadodara,Medium,Cotton
36,33,36,21.91,34.5,6.89,99.95,Sandy Soil,Rabi,Jamnagar,Low,Cumin
40,24,26,30.41,50.42,7.23,405.35,Loamy Soil,Kharif,Amreli,Low,Sesame
52,28,30,33.28,41.75,6.31,293.34,Sandy Soil,Kharif,Mehsana,Low,Bajra
53,37,35,27.23,71.66,6.34,609.83,Loamy Soil,Kharif,Rajkot,Medium,Groundnut
36,28,23,30.39,57.03,6.8,456.97,Loamy Soil,Kharif,Kutch,Low,Sesame
34,43,41,18.94,41.15,6.04,208.85,Black Soil,Rabi,Junagadh,Low,Gram
56,42,22,30.03,57.78,6.33,537.28,Alluvial Soil,Kharif,Rajkot,Low,Castor
57,37,38,32.38,37.47,6.83,269.5,Loamy Soil,Kharif,Ahmedabad,Low,Bajra
104,48,42,19.8,52.53,6.24,165.36,Loamy Soil,Rabi,Rajkot,Medium,Wheat
55,38,34,28.91,50.61,6.65,460.57,Loamy Soil,Kharif,Rajkot,Low,Castor
81,51,40,26.18,64.78,6.76,924.68,Loamy Soil,Kharif,Anand,High,Maize
81,41,33,27.4,72.19,6.53,895.27,Loamy Soil,Kharif,Banaskantha,High,Maize
37,32,26,23.32,38.92,7.28,109.21,Loamy Soil,Rabi,Kutch,Low,Cumin
61,41,37,21.55,53.67,6.49,193.6,Alluvial Soil,Rabi,Kutch,Low,Mustard
89,45,49,18.38,45.38,7.12,184.58,Loamy Soil,Rabi,Mehsana,Medium,Wheat
49,35,28,30.24,54.8,6.51,527.75,Sandy Soil,Kharif,Kutch,Low,Castor
45,35,26,31.15,62.36,6.85,416.49,Loamy Soil,Kharif,Rajkot,Low,Castor
47,48,31,26.43,73.58,7.06,687.76,Loamy Soil,Kharif,Junagadh,Medium,Groundnut
55,35,26,31.07,39.69,6.67,304.25,Loamy Soil,Kharif,Ahmedabad,Low,Bajra
33,40,27,26.82,65.37,6.77,752.71,Sandy Soil,Kharif,Bhavnagar,Medium,Groundnut
73,48,39,18.87,49.9,7.01,184.45,Clay Soil,Rabi,Mehsana,Medium,Wheat
84,51,55,21.89,44.19,5.79,160.31,Black Soil,Rabi,Banaskantha,Medium,Wheat
93,46,47,20.71,46.68,7.02,163.85,Clay Soil,Rabi,Banaskantha,Medium,Wheat
58,32,27,27.6,54.21,6.0,467.3,Sandy Soil,Kharif,Rajkot,Low,Castor
30,50,39,23.81,46.45,6.52,147.24,Black Soil,Rabi,Rajkot,Low,Gram
39,35,29,23.4,31.61,6.75,117.8,Sandy Soil,Rabi,Kutch,Low,Cumin
108,45,43,32.09,68.43,6.75,816.56,Alluvial Soil,Kharif,Junagadh,Medium,Cotton
37,34,27,21.9,28.11,5.72,115.32,Loamy Soil,Rabi,Rajkot,Low,Cumin
35,38,33,21.42,35.24,6.14,111.86,Alluvial Soil,Rabi,Jamnagar,Low,Cumin
72,49,44,33.85,63.72,6.69,809.42,Black Soil,Kharif,Rajkot,Medium,Cotton
34,37,26,28.61,55.14,6.35,362.88,Alluvial Soil,Kharif,Banaskantha,Low,Castor
33,31,24,21.91,34.95,6.53,143.73,Sandy Soil,Rabi,Banaskantha,Low,Cumin
86,55,45,32.04,67.33,5.88,754.37,Alluvial Soil,Kharif,Jamnagar,High,Cotton
84,53,44,27.81,70.31,7.01,982.52,Loamy Soil,Kharif,Ahmedabad,High,Maize
93,46,37,28.35,68.65,6.34,858.2,Loamy Soil,Kharif,Banaskantha,High,Maize
35,55,40,20.66,42.33,6.0,212.56,Black Soil,Rabi,Rajkot,Low,Gram
40,44,30,23.38,41.86,6.54,177.09,Clay Soil,Rabi,Ahmedabad,Low,Gram
112,48,51,31.74,64.79,6.55,816.82,Black Soil,Kharif,Junagadh,High,Cotton
58,38,35,17.03,54.73,7.36,164.39,Sandy Soil,Rabi,Mehsana,Low,Mustard
37,50,37,22.09,41.26,6.63,169.1,Clay Soil,Rabi,Jamnagar,Low,Gram
85,45,43,19.88,49.2,5.92,197.85,Loamy Soil,Rabi,Rajkot,Medium,Wheat
37,51,35,19.89,39.16,6.22,203.39,Black Soil,Rabi,Ahmedabad,Low,Gram
76,46,39,25.6,68.09,6.93,1019.74,Red Soil,Kharif,Anand,High,Maize
43,38,28,30.48,55.11,6.5,455.15,Sandy Soil,Kharif,Banaskantha,Low,Castor
55,30,32,33.23,36.08,6.93,299.35,Loamy Soil,Kharif,Ahmedabad,Low,Bajra
48,26,25,35.07,38.55,6.32,257.09,Sandy Soil,Kharif,Kutch,Low,Bajra
25,28,23,22.17,42.96,6.96,125.49,Sandy Soil,Rabi,Kutch,Low,Cumin
32,39,41,26.85,71.69,6.32,628.93,Sandy Soil,Kharif,Jamnagar,Medium,Groundnut
86,50,48,23.23,69.35,5.96,769.24,Red Soil,Kharif,Vadodara,High,Maize
35,39,30,30.16,53.22,6.49,361.3,Loamy Soil,Kharif,Mehsana,Low,Castor
28,62,26,22.67,41.03,7.02,144.59,Clay Soil,Rabi,Junagadh,Low,Gram
48,32,25,30.82,57.58,6.32,467.22,Loamy Soil,Kharif,Mehsana,Low,Castor
59,39,27,29.67,49.11,6.46,390.44,Sandy Soil,Kharif,Anand,Low,Castor
87,39,46,19.81,46.69,6.57,161.5,Black Soil,Rabi,Anand,Medium,Wheat
55,32,31,29.09,59.34,6.03,523.64,Alluvial Soil,Kharif,Banaskantha,Low,Castor
66,38,35,32.21,45.9,7.19,239.85,Loamy Soil,Kharif,Ahmedabad,Low,Bajra
76,52,51,17.61,48.33,6.2,204.63,Black Soil,Rabi,Rajkot,Medium,Wheat
58,41,33,22.32,53.51,6.01,100.67,Sandy Soil,Rabi,Kutch,Low,Mustard
45,40,27,27.62,76.42,6.82,685.2,Sandy Soil,Kharif,Junagadh,Medium,Groundnut
106,49,59,30.92,72.02,6.52,708.3,Black Soil,Kharif,Vadodara,Medium,Cotton
64,40,35,18.04,51.78,5.8,204.49,Alluvial Soil,Rabi,Ahmedabad,Low,Mustard
20,27,25,30.51,46.39,6.14,365.22,Sandy Soil,Kharif,Rajkot,Low,Sesame
45,40,23,31.16,60.73,6.83,445.95,Loamy Soil,Kharif,Banaskantha,Low,Castor
37,40,43,23.67,42.05,6.23,163.83,Loamy Soil,Rabi,Vadodara,Low,Gram
88,44,52,18.51,49.54,6.4,166.58,Loamy Soil,Rabi,Banaskantha,Medium,Wheat
49,31,31,36.16,36.0,5.58,290.09,Sandy Soil,Kharif,Ahmedabad,Low,Bajra
31,18,28,30.32,50.84,6.92,374.61,Sandy Soil,Kharif,Junagadh,Low,Sesame
39,34,30,31.39,48.0,6.29,424.05,Loamy Soil,Kharif,Kutch,Low,Sesame
91,48,37,19.13,51.27,7.21,228.36,Clay Soil,Rabi,Anand,Medium,Wheat
59,38,25,16.32,47.2,5.72,193.08,Loamy Soil,Rabi,Ahmedabad,Low,Mustard
38,34,27,23.33,29.65,6.26,89.15,Sandy Soil,Rabi,Mehsana,Low,Cumin
92,53,43,19.11,48.08,6.73,207.6,Clay Soil,Rabi,Rajkot,Medium,Wheat
59,42,26,15.58,53.15,6.51,219.79,Loamy Soil,Rabi,Mehsana,Low,Mustard
51,32,24,28.99,55.54,6.31,396.18,Alluvial Soil,Kharif,Anand,Low,Castor
59,31,32,33.83,44.63,7.43,323.97,Loamy Soil,Kharif,Mehsana,Low,Bajra
31,35,39,23.98,32.57,6.43,88.42,Sandy Soil,Rabi,Rajkot,Low,Cumin
53,38,40,19.57,49.45,6.61,160.67,Sandy Soil,Rabi,Jamnagar,Low,Mustard
87,54,37,16.17,45.67,6.86,164.81,Alluvial Soil,Rabi,Rajkot,Medium,Wheat
68,41,38,18.35,55.33,5.71,212.47,Loamy Soil,Rabi,Ahmedabad,Low,Mustard
100,49,43,21.53,49.78,6.61,208.02,Black Soil,Rabi,Banaskantha,Medium,Wheat
51,39,35,28.03,55.47,5.99,405.07,Sandy Soil,Kharif,Banaskantha,Low,Castor
24,23,22,30.29,50.75,6.79,462.65,Loamy Soil,Kharif,Bhavnagar,Low,Sesame
86,50,45,20.02,43.86,6.71,217.68,Black Soil,Rabi,Anand,Medium,Wheat
36,35,21,24.38,39.57,6.82,150.81,Sandy Soil,Rabi,Kutch,Low,Cumin
79,50,40,27.7,69.83,6.6,853.21,Loamy Soil,Kharif,Banaskantha,High,Maize
38,42,37,28.13,76.82,6.71,662.12,Black Soil,Kharif,Bhavnagar,Medium,Groundnut
55,35,34,35.31,40.31,6.56,284.41,Sandy Soil,Kharif,Mehsana,Low,Bajra
83,41,49,27.67,70.46,7.24,909.83,Alluvial Soil,Kharif,Ahmedabad,High,Maize
41,40,33,22.17,43.73,7.58,125.83,Loamy Soil,Rabi,Junagadh,Low,Gram
35,37,32,24.91,36.01,6.71,100.42,Loamy Soil,Rabi,Rajkot,Low,Cumin
107,54,41,32.42,61.69,6.18,812.62,Alluvial Soil,Kharif,Junagadh,Medium,Cotton
67,42,24,31.44,37.41,5.92,206.09,Sandy Soil,Kharif,Ahmedabad,Low,Bajra
79,52,44,25.36,67.0,6.76,901.56,Red Soil,Kharif,Ahmedabad,High,Maize
32,38,25,26.47,35.22,6.38,104.07,Loamy Soil,Rabi,Jamnagar,Low,Cumin
73,43,37,30.13,70.96,6.21,836.01,Loamy Soil,Kharif,Banaskantha,High,Maize
91,43,46,31.88,66.83,6.97,796.04,Alluvial Soil,Kharif,Jamnagar,High,Cotton
47,29,24,31.08,57.57,6.62,424.96,Alluvial Soil,Kharif,Anand,Low,Castor
37,33,29,25.54,26.25,6.68,118.23,Loamy Soil,Rabi,Banaskantha,Low,Cumin
100,44,43,30.78,69.13,6.3,871.23,Black Soil,Kharif,Jamnagar,Medium,Cotton
31,50,30,26.55,72.57,6.18,724.19,Black Soil,Kharif,Rajkot,Medium,Groundnut
41,49,38,27.6,73.17,7.34,543.8,Black Soil,Kharif,Jamnagar,Medium,Groundnut
39,23,19,28.43,51.76,6.27,358.72,Alluvial Soil,Kharif,Junagadh,Low,Sesame
36,58,30,27.42,70.31,7.14,631.36,Loamy Soil,Kharif,Amreli,Medium,Groundnut
35,26,25,31.2,47.64,6.71,396.37,Sandy Soil,Kharif,Rajkot,Low,Sesame
32,39,30,27.35,71.16,6.73,653.95,Black Soil,Kharif,Junagadh,Medium,Groundnut
88,34,49,18.61,48.37,6.53,251.28,Black Soil,Rabi,Mehsana,Medium,Wheat
38,44,31,31.04,53.87,6.67,386.98,Sandy Soil,Kharif,Mehsana,Low,Castor
40,49,26,23.45,48.0,6.86,168.18,Loamy Soil,Rabi,Junagadh,Low,Gram
28,45,38,23.58,43.8,6.94,147.3,Clay Soil,Rabi,Vadodara,Low,Gram
29,31,21,31.26,50.88,6.59,437.21,Alluvial Soil,Kharif,Junagadh,Low,Sesame
52,25,27,27.1,56.17,6.13,509.33,Loamy Soil,Kharif,Anand,Low,Castor
111,60,48,30.88,56.88,6.84,745.68,Alluvial Soil,Kharif,Vadodara,High,Cotton
41,44,34,23.47,43.36,5.95,203.8,Black Soil,Rabi,Junagadh,Low,Gram
49,36,41,34.64,39.01,6.77,299.82,Loamy Soil,Kharif,Banaskantha,Low,Bajra
26,28,23,29.69,52.24,6.62,422.08,Loamy Soil,Kharif,Kutch,Low,Sesame
92,47,48,32.64,69.99,6.25,766.83,Alluvial Soil,Kharif,Junagadh,Medium,Cotton
59,38,30,33.78,40.66,6.19,217.43,Sandy Soil,Kharif,Mehsana,Low,Bajra
54,39,30,20.13,53.07,6.59,112.85,Alluvial Soil,Rabi,Kutch,Low,Mustard
44,24,30,22.77,32.25,6.67,115.75,Loamy Soil,Rabi,Mehsana,Low,Cumin
41,33,29,26.27,31.13,6.31,90.39,Loamy Soil,Rabi,Mehsana,Low,Cumin
57,42,39,18.8,50.7,6.57,147.84,Alluvial Soil,Rabi,Kutch,Low,Mustard
46,38,31,33.66,46.19,5.87,299.78,Loamy Soil,Kharif,Kutch,Low,Bajra
39,37,24,20.3,39.18,6.79,123.68,Sandy Soil,Rabi,Banaskantha,Low,Cumin
37,24,26,27.82,54.02,6.6,399.57,Sandy Soil,Kharif,Kutch,Low,Sesame
118,52,42,30.47,68.63,6.21,802.92,Black Soil,Kharif,Junagadh,High,Cotton
59,31,36,35.97,39.82,6.79,301.27,Sandy Soil,Kharif,Kutch,Low,Bajra
57,33,28,30.57,59.24,6.89,515.17,Sandy Soil,Kharif,Banaskantha,Low,Castor
48,34,28,29.37,53.55,6.99,373.55,Sandy Soil,Kharif,Rajkot,Low,Castor
93,50,43,34.47,64.96,5.97,854.84,Black Soil,Kharif,Amreli,Medium,Cotton
89,50,38,23.91,68.18,6.43,983.6,Alluvial Soil,Kharif,Mehsana,High,Maize
48,50,29,31.14,60.86,6.54,417.72,Sandy Soil,Kharif,Banaskantha,Low,Castor
64,50,44,26.36,67.16,6.58,837.18,Loamy Soil,Kharif,Banaskantha,High,Maize
74,42,37,19.69,44.49,6.45,135.0,Alluvial Soil,Rabi,Rajkot,Medium,Wheat
83,45,48,30.15,69.44,6.39,894.67,Loamy Soil,Kharif,Banaskantha,High,Maize
48,38,23,32.74,39.86,6.12,259.35,Loamy Soil,Kharif,Jamnagar,Low,Bajra
41,29,29,21.42,43.27,7.16,98.22,Sandy Soil,Rabi,Rajkot,Low,Cumin
66,39,25,18.19,51.17,6.49,207.73,Alluvial Soil,Rabi,Kutch,Low,Mustard
50,42,34,21.14,52.68,6.13,173.76,Sandy Soil,Rabi,Ahmedabad,Low,Mustard
29,37,32,31.01,71.99,6.41,577.9,Sandy Soil,Kharif,Bhavnagar,Medium,Groundnut
94,51,60,30.1,58.83,6.89,754.76,Black Soil,Kharif,Surat,High,Cotton
70,55,34,27.57,72.71,6.35,855.44,Loamy Soil,Kharif,Ahmedabad,High,Maize
41,28,31,33.59,39.19,6.31,213.51,Loamy Soil,Kharif,Kutch,Low,Bajra
100,56,34,32.6,62.87,7.33,841.54,Alluvial Soil,Kharif,Rajkot,High,Cotton
40,26,32,32.09,50.48,7.37,471.62,Loamy Soil,Kharif,Anand,Low,Castor
37,25,20,33.62,53.74,6.78,401.6,Loamy Soil,Kharif,Rajkot,Low,Sesame
75,43,37,20.07,50.4,5.68,131.55,Sandy Soil,Rabi,Banaskantha,Low,Mustard
70,41,29,18.33,47.81,5.69,213.77,Alluvial Soil,Rabi,Jamnagar,Low,Mustard
36,33,26,29.56,47.9,6.86,396.7,Sandy Soil,Kharif,Rajkot,Low,Sesame
53,35,33,33.53,35.41,7.31,274.09,Sandy Soil,Kharif,Ahmedabad,Low,Bajra
34,58,33,23.12,43.37,6.53,151.05,Black Soil,Rabi,Rajkot,Low,Gram
56,50,35,15.54,49.03,6.78,114.65,Sandy Soil,Rabi,Mehsana,Low,Mustard
75,57,52,22.75,47.66,6.78,184.68,Alluvial Soil,Rabi,Mehsana,Medium,Wheat
62,39,28,34.12,45.22,5.71,331.18,Sandy Soil,Kharif,Banaskantha,Low,Bajra
39,24,36,23.24,35.37,5.8,102.63,Sandy Soil,Rabi,Jamnagar,Low,Cumin
104,52,44,19.86,47.7,5.69,188.79,Clay Soil,Rabi,Ahmedabad,Medium,Wheat
43,29,26,32.59,54.43,6.65,351.63,Alluvial Soil,Kharif,Rajkot,Low,Castor
52,31,35,18.51,50.27,5.66,89.21,Sandy Soil,Rabi,Banaskantha,Low,Mustard
31,44,40,20.06,42.91,6.51,186.16,Loamy Soil,Rabi,Jamnagar,Low,Gram
40,45,29,29.31,71.42,5.83,611.45,Loamy Soil,Kharif,Junagadh,Medium,Groundnut
50,39,29,28.79,50.05,6.96,542.93,Loamy Soil,Kharif,Anand,Low,Castor
99,54,47,30.92,67.74,6.61,801.17,Black Soil,Kharif,Amreli,Medium,Cotton
74,46,52,20.02,45.7,5.78,226.15,Black Soil,Rabi,Mehsana,Medium,Wheat
49,37,28,29.84,54.84,6.0,449.45,Alluvial Soil,Kharif,Kutch,Low,Castor
53,34,25,28.46,45.0,6.87,368.1,Loamy Soil,Kharif,Rajkot,Low,Castor
32,29,28,21.77,37.59,6.48,133.18,Sandy Soil,Rabi,Jamnagar,Low,Cumin
33,33,25,25.88,39.11,6.53,88.48,Alluvial Soil,Rabi,Jamnagar,Low,Cumin
27,32,23,23.21,38.78,7.17,111.01,Alluvial Soil,Rabi,Banaskantha,Low,Cumin
29,48,42,24.14,38.22,5.99,181.14,Black Soil,Rabi,Ahmedabad,Low,Gram
92,50,45,33.36,63.74,7.54,828.72,Alluvial Soil,Kharif,Amreli,High,Cotton
32,45,32,28.43,72.79,6.69,634.43,Black Soil,Kharif,Bhavnagar,Medium,Groundnut
115,57,45,31.53,63.93,7.54,825.46,Black Soil,Kharif,Jamnagar,High,Cotton
35,36,24,21.08,30.39,6.05,129.89,Loamy Soil,Rabi,Kutch,Low,Cumin
78,50,48,29.98,68.67,6.69,905.46,Alluvial Soil,Kharif,Vadodara,High,Maize
36,42,32,27.25,68.94,6.61,703.67,Black Soil,Kharif,Bhavnagar,Medium,Groundnut
54,29,32,34.18,31.98,6.38,226.0,Sandy Soil,Kharif,Ahmedabad,Low,Bajra
44,28,27,23.31,34.82,7.57,151.64,Loamy Soil,Rabi,Banaskantha,Low,Cumin
80,52,49,26.65,61.46,5.72,919.86,Red Soil,Kharif,Banaskantha,High,Maize
72,48,35,18.03,43.0,6.26,214.27,Alluvial Soil,Rabi,Anand,Medium,Wheat
47,43,35,27.74,72.58,6.26,640.92,Loamy Soil,Kharif,Junagadh,Medium,Groundnut
53,31,26,28.29,53.53,6.16,534.6,Loamy Soil,Kharif,Mehsana,Low,Castor
88,53,35,32.74,63.17,7.46,748.36,Alluvial Soil,Kharif,Bhavnagar,Medium,Cotton
70,43,28,18.91,48.82,6.8,144.97,Alluvial Soil,Rabi,Jamnagar,Low,Mustard
61,43,23,27.96,58.26,6.63,477.58,Alluvial Soil,Kharif,Anand,Low,Castor
39,49,33,28.12,72.22,5.78,746.9,Black Soil,Kharif,Rajkot,Medium,Groundnut
30,46,37,23.22,42.38,6.87,239.06,Loamy Soil,Rabi,Vadodara,Low,Gram
84,48,37,26.89,68.11,6.62,823.8,Red Soil,Kharif,Ahmedabad,High,Maize
94,59,46,27.73,72.25,6.42,802.47,Loamy Soil,Kharif,Mehsana,High,Maize
34,24,21,32.46,53.73,6.32,479.27,Alluvial Soil,Kharif,Rajkot,Low,Sesame
63,41,20,17.33,53.02,6.58,164.18,Alluvial Soil,Rabi,Banaskantha,Low,Mustard
89,51,43,18.1,45.33,6.83,153.23,Alluvial Soil,Rabi,Ahmedabad,Medium,Wheat
91,63,58,32.34,64.96,7.02,872.99,Black Soil,Kharif,Junagadh,High,Cotton
115,59,46,33.99,65.5,6.33,759.11,Black Soil,Kharif,Jamnagar,Medium,Cotton
30,34,23,30.99,52.56,7.54,390.1,Alluvial Soil,Kharif,Amreli,Low,Sesame
49,30,28,31.24,56.71,5.96,487.88,Alluvial Soil,Kharif,Rajkot,Low,Castor
98,46,47,29.75,61.27,6.84,840.25,Alluvial Soil,Kharif,Jamnagar,High,Cotton
42,22,23,28.42,51.06,6.33,365.65,Alluvial Soil,Kharif,Junagadh,Low,Sesame
94,56,47,29.94,65.55,7.6,832.87,Black Soil,Kharif,Amreli,High,Cotton
106,50,51,31.27,64.46,6.52,733.19,Black Soil,Kharif,Bhavnagar,Medium,Cotton
73,55,43,26.25,77.57,5.68,965.04,Alluvial Soil,Kharif,Mehsana,High,Maize
32,27,26,29.94,50.78,6.11,376.13,Loamy Soil,Kharif,Amreli,Low,Sesame
37,44,27,29.37,68.01,6.77,633.67,Sandy Soil,Kharif,Bhavnagar,Medium,Groundnut
81,55,43,26.66,70.71,6.49,1006.41,Alluvial Soil,Kharif,Ahmedabad,High,Maize
37,43,29,29.64,73.65,6.63,690.43,Loamy Soil,Kharif,Jamnagar,Medium,Groundnut
83,44,54,19.65,51.64,6.61,187.1,Black Soil,Rabi,Mehsana,Medium,Wheat
33,29,24,31.93,45.64,5.77,436.53,Loamy Soil,Kharif,Rajkot,Low,Sesame
31,34,29,21.87,37.75,6.48,77.09,Alluvial Soil,Rabi,Jamnagar,Low,Cumin
35,48,44,16.84,44.67,6.43,189.26,Clay Soil,Rabi,Junagadh,Low,Gram
37,28,26,22.91,38.99,6.89,83.9,Sandy Soil,Rabi,Kutch,Low,Cumin
58,37,34,34.74,36.77,7.35,314.84,Loamy Soil,Kharif,Kutch,Low,Bajra
36,34,26,25.29,34.0,7.24,100.81,Sandy Soil,Rabi,Banaskantha,Low,Cumin
38,33,18,30.49,58.48,6.2,393.64,Sandy Soil,Kharif,Bhavnagar,Low,Sesame
33,36,23,20.96,36.26,6.11,167.5,Sandy Soil,Rabi,Mehsana,Low,Cumin
44,29,26,28.39,59.65,5.81,566.85,Sandy Soil,Kharif,Banaskantha,Low,Castor
34,30,31,29.53,50.22,5.95,364.82,Loamy Soil,Kharif,Junagadh,Low,Sesame
49,34,30,23.42,36.52,6.77,137.43,Loamy Soil,Rabi,Rajkot,Low,Cumin
46,27,38,35.86,42.19,6.28,219.45,Loamy Soil,Kharif,Ahmedabad,Low,Bajra
99,43,54,31.02,62.3,6.6,876.58,Alluvial Soil,Kharif,Vadodara,High,Cotton
80,56,42,28.16,73.98,7.06,924.06,Red Soil,Kharif,Vadodara,High,Maize
50,35,24,28.81,53.97,7.48,404.62,Alluvial Soil,Kharif,Mehsana,Low,Castor
39,41,35,21.23,36.6,5.89,174.63,Loamy Soil,Rabi,Vadodara,Low,Gram
85,52,44,25.47,69.8,6.52,918.14,Alluvial Soil,Kharif,Banaskantha,High,Maize
41,51,34,27.25,66.69,6.38,701.4,Sandy Soil,Kharif,Rajkot,Medium,Groundnut
74,42,36,17.35,56.26,6.08,149.01,Sandy Soil,Rabi,Banaskantha,Low,Mustard
50,40,37,28.47,67.98,6.82,644.12,Black Soil,Kharif,Jamnagar,Medium,Groundnut
77,49,48,26.58,68.02,5.62,1000.9,Loamy Soil,Kharif,Vadodara,High,Maize
34,38,35,24.75,42.49,5.77,161.18,Black Soil,Rabi,Vadodara,Low,Gram
30,28,28,30.94,52.6,6.55,395.31,Sandy Soil,Kharif,Bhavnagar,Low,Sesame
39,27,24,30.96,40.29,6.69,325.02,Sandy Soil,Kharif,Amreli,Low,Sesame
48,31,33,32.4,42.92,6.1,290.03,Sandy Soil,Kharif,Ahmedabad,Low,Bajra
56,45,29,35.31,37.36,6.66,283.4,Sandy Soil,Kharif,Jamnagar,Low,Bajra
37,46,36,27.41,70.3,5.78,674.0,Black Soil,Kharif,Amreli,Medium,Groundnut
64,35,28,18.49,51.84,6.34,153.94,Sandy Soil,Rabi,Ahmedabad,Low,Mustard
38,27,22,29.57,46.43,6.03,432.99,Loamy Soil,Kharif,Rajkot,Low,Sesame
95,47,37,27.22,70.1,6.25,889.25,Loamy Soil,Kharif,Ahmedabad,High,Maize
49,36,33,33.04,39.2,6.16,274.22,Sandy Soil,Kharif,Kutch,Low,Bajra
36,29,30,28.73,52.97,7.21,431.65,Sandy Soil,Kharif,Rajkot,Low,Sesame
49,33,29,32.31,44.25,6.14,260.52,Sandy Soil,Kharif,Jamnagar,Low,Bajra
56,45,46,17.76,58.67,6.51,147.08,Sandy Soil,Rabi,Kutch,Low,Mustard
50,29,21,28.76,58.31,5.53,466.7,Alluvial Soil,Kharif,Kutch,Low,Castor
30,47,36,18.4,42.68,7.08,196.62,Black Soil,Rabi,Jamnagar,Low,Gram
97,55,50,30.56,68.32,7.06,724.68,Black Soil,Kharif,Junagadh,Medium,Cotton
101,53,41,17.9,47.16,6.41,233.18,Alluvial Soil,Rabi,Ahmedabad,Medium,Wheat
62,33,33,34.3,46.15,6.91,241.36,Sandy Soil,Kharif,Mehsana,Low,Bajra
52,32,38,32.79,39.11,6.46,250.4,Sandy Soil,Kharif,Banaskantha,Low,Bajra
100,55,51,18.31,47.85,6.32,267.64,Loamy Soil,Rabi,Ahmedabad,Medium,Wheat
91,48,38,22.27,48.27,6.73,196.76,Clay Soil,Rabi,Banaskantha,Medium,Wheat
97,50,51,32.59,63.8,7.08,727.93,Alluvial Soil,Kharif,Bhavnagar,Medium,Cotton
42,35,24,30.84,48.98,5.72,365.15,Loamy Soil,Kharif,Rajkot,Low,Sesame
86,41,43,17.95,45.28,6.72,204.39,Clay Soil,Rabi,Mehsana,Medium,Wheat
24,41,30,24.56,47.99,6.3,176.33,Clay Soil,Rabi,Junagadh,Low,Gram
55,40,33,34.27,37.67,6.03,150.0,Sandy Soil,Kharif,Kutch,Low,Bajra
33,23,25,29.72,52.29,6.43,339.3,Alluvial Soil,Kharif,Kutch,Low,Sesame
47,31,26,32.5,60.24,7.47,453.05,Loamy Soil,Kharif,Mehsana,Low,Castor
50,45,35,29.83,70.9,7.06,663.77,Loamy Soil,Kharif,Bhavnagar,Medium,Groundnut
51,36,37,17.89,51.5,6.59,137.24,Loamy Soil,Rabi,Kutch,Low,Mustard
58,39,35,19.22,57.28,6.27,153.17,Loamy Soil,Rabi,Jamnagar,Low,Mustard
63,32,34,33.84,43.15,6.69,309.59,Loamy Soil,Kharif,Kutch,Low,Bajra
42,51,29,29.52,71.18,6.89,577.06,Black Soil,Kharif,Bhavnagar,Medium,Groundnut
87,37,47,17.69,44.62,7.1,160.12,Black Soil,Rabi,Ahmedabad,Medium,Wheat
75,49,43,26.12,68.2,6.3,994.44,Loamy Soil,Kharif,Banaskantha,High,Maize
31,31,27,25.23,40.47,6.58,99.26,Loamy Soil,Rabi,Kutch,Low,Cumin
29,35,26,23.6,36.62,5.94,127.87,Loamy Soil,Rabi,Jamnagar,Low,Cumin
84,52,49,27.33,70.65,6.59,805.0,Alluvial Soil,Kharif,Mehsana,High,Maize
49,31,35,31.14,41.5,6.14,197.55,Loamy Soil,Kharif,Ahmedabad,Low,Bajra
49,34,26,27.37,52.87,6.18,481.68,Alluvial Soil,Kharif,Kutch,Low,Castor
92,38,43,18.47,42.94,7.03,176.81,Alluvial Soil,Rabi,Rajkot,Medium,Wheat
28,26,22,28.04,50.83,6.89,420.01,Loamy Soil,Kharif,Amreli,Low,Sesame
39,52,28,24.26,43.86,5.32,177.77,Clay Soil,Rabi,Vadodara,Low,Gram
38,31,28,30.95,51.62,6.62,428.08,Sandy Soil,Kharif,Junagadh,Low,Sesame
93,54,40,32.14,64.89,6.4,791.43,Alluvial Soil,Kharif,Bhavnagar,Medium,Cotton
63,36,33,29.96,37.26,7.53,250.03,Loamy Soil,Kharif,Jamnagar,Low,Bajra
51,34,29,28.99,58.27,6.4,474.55,Loamy Soil,Kharif,Anand,Low,Castor
67,42,34,18.09,54.43,6.64,140.61,Sandy Soil,Rabi,Jamnagar,Low,Mustard
33,52,30,23.01,44.34,5.94,161.65,Clay Soil,Rabi,Rajkot,Low,Gram
34,55,28,21.02,44.87,6.66,145.42,Loamy Soil,Rabi,Vadodara,Low,Gram
40,47,39,28.75,73.5,6.62,625.83,Black Soil,Kharif,Rajkot,Medium,Groundnut
56,43,37,32.94,35.79,6.92,247.78,Sandy Soil,Kharif,Mehsana,Low,Bajra
100,44,44,21.1,49.9,7.29,141.46,Black Soil,Rabi,Rajkot,Medium,Wheat
63,36,34,18.26,52.85,6.9,157.47,Sandy Soil,Rabi,Jamnagar,Low,Mustard
50,30,24,29.43,57.57,7.13,458.55,Alluvial Soil,Kharif,Kutch,Low,Castor
36,43,23,29.26,74.55,6.5,573.62,Sandy Soil,Kharif,Amreli,Medium,Groundnut
87,51,46,19.39,47.41,5.99,171.43,Loamy Soil,Rabi,Ahmedabad,Medium,Wheat
35,56,36,21.52,43.03,6.25,184.01,Loamy Soil,Rabi,Ahmedabad,Low,Gram
39,52,34,25.83,68.08,6.47,589.36,Loamy Soil,Kharif,Junagadh,Medium,Groundnut
33,49,27,26.52,73.42,7.3,632.37,Loamy Soil,Kharif,Rajkot,Medium,Groundnut
73,52,46,17.76,42.33,5.34,225.68,Clay Soil,Rabi,Mehsana,Medium,Wheat
31,55,31,23.12,46.4,6.58,155.88,Black Soil,Rabi,Junagadh,Low,Gram
39,41,26,25.21,72.17,6.28,616.2,Loamy Soil,Kharif,Amreli,Medium,Groundnut
30,34,26,28.65,49.86,7.04,370.2,Alluvial Soil,Kharif,Amreli,Low,Sesame
65,38,35,15.82,54.83,5.22,156.54,Loamy Soil,Rabi,Banaskantha,Low,Mustard
31,35,28,19.52,36.52,6.29,103.63,Sandy Soil,Rabi,Rajkot,Low,Cumin
95,45,55,21.0,46.24,6.15,250.09,Black Soil,Rabi,Rajkot,Medium,Wheat
94,52,45,33.53,55.54,6.49,792.95,Alluvial Soil,Kharif,Vadodara,High,Cotton
92,39,44,21.6,48.57,6.57,207.16,Alluvial Soil,Rabi,Rajkot,Medium,Wheat
42,23,39,31.32,36.38,6.36,206.08,Sandy Soil,Kharif,Mehsana,Low,Bajra
30,26,22,28.34,46.92,6.19,468.09,Alluvial Soil,Kharif,Bhavnagar,Low,Sesame
35,46,28,21.13,43.22,6.74,183.06,Loamy Soil,Rabi,Vadodara,Low,Gram
65,41,31,21.07,49.48,6.02,169.76,Alluvial Soil,Rabi,Kutch,Low,Mustard
38,42,25,28.45,72.87,5.74,672.66,Sandy Soil,Kharif,Bhavnagar,Medium,Groundnut
34,33,19,23.85,35.1,6.75,79.7,Alluvial Soil,Rabi,Jamnagar,Low,Cumin
118,56,44,34.88,62.98,6.87,819.95,Alluvial Soil,Kharif,Bhavnagar,High,Cotton
36,36,32,22.97,33.57,5.79,132.63,Loamy Soil,Rabi,Mehsana,Low,Cumin
88,39,37,18.34,46.47,6.91,162.64,Loamy Soil,Rabi,Mehsana,Medium,Wheat
26,46,42,21.82,41.07,5.86,145.74,Clay Soil,Rabi,Rajkot,Low,Gram
107,41,39,19.34,50.08,5.78,248.45,Loamy Soil,Rabi,Anand,Medium,Wheat
58,33,31,34.29,37.29,5.69,272.86,Loamy Soil,Kharif,Banaskantha,Low,Bajra
30,52,33,21.95,40.57,6.22,162.91,Black Soil,Rabi,Junagadh,Low,Gram
61,34,34,32.97,34.82,6.5,303.35,Loamy Soil,Kharif,Mehsana,Low,Bajra
93,57,47,32.36,70.09,6.75,835.89,Black Soil,Kharif,Amreli,Medium,Cotton
94,57,42,27.07,71.73,6.37,934.43,Alluvial Soil,Kharif,Ahmedabad,High,Maize
54,29,42,32.53,37.43,6.22,281.86,Sandy Soil,Kharif,Mehsana,Low,Bajra
61,37,28,29.14,54.74,5.93,476.66,Alluvial Soil,Kharif,Rajkot,Low,Castor
54,36,25,29.69,58.93,6.86,419.12,Alluvial Soil,Kharif,Mehsana,Low,Castor
31,51,21,27.46,65.02,6.08,625.45,Black Soil,Kharif,Bhavnagar,Medium,Groundnut
47,32,26,32.5,62.21,6.27,466.8,Sandy Soil,Kharif,Anand,Low,Castor
42,29,22,30.7,56.69,6.26,438.38,Sandy Soil,Kharif,Anand,Low,Castor
71,39,37,18.82,52.24,6.25,149.13,Alluvial Soil,Rabi,Banaskantha,Low,Mustard
30,24,16,34.05,41.65,6.23,424.71,Loamy Soil,Kharif,Amreli,Low,Sesame
45,34,26,30.51,50.85,6.45,387.21,Loamy Soil,Kharif,Banaskantha,Low,Castor
31,40,40,20.45,39.47,6.84,162.03,Loamy Soil,Rabi,Jamnagar,Low,Gram
102,55,41,34.16,71.64,6.7,906.03,Alluvial Soil,Kharif,Junagadh,Medium,Cotton
52,29,35,32.71,39.88,6.49,282.65,Sandy Soil,Kharif,Ahmedabad,Low,Bajra
92,61,48,32.85,62.26,5.89,762.04,Alluvial Soil,Kharif,Amreli,Medium,Cotton
87,47,37,26.52,70.61,6.62,970.4,Alluvial Soil,Kharif,Ahmedabad,High,Maize
27,39,42,28.81,77.29,6.91,612.91,Black Soil,Kharif,Rajkot,Medium,Groundnut
36,42,29,22.35,35.59,6.03,94.23,Sandy Soil,Rabi,Kutch,Low,Cumin
45,27,30,24.29,34.08,6.31,109.73,Sandy Soil,Rabi,Rajkot,Low,Cumin
81,46,49,28.36,68.76,6.71,884.28,Alluvial Soil,Kharif,Vadodara,High,Maize
48,48,32,28.29,73.24,6.7,558.72,Loamy Soil,Kharif,Junagadh,Medium,Groundnut
61,40,34,17.81,50.71,6.57,193.84,Loamy Soil,Rabi,Banaskantha,Low,Mustard
45,43,33,29.53,74.48,6.89,592.54,Loamy Soil,Kharif,Rajkot,Medium,Groundnut
56,34,26,29.96,53.34,5.65,465.05,Sandy Soil,Kharif,Mehsana,Low,Castor
86,51,43,27.25,67.86,6.42,902.11,Red Soil,Kharif,Vadodara,High,Maize
81,52,51,27.19,63.39,6.98,884.54,Loamy Soil,Kharif,Mehsana,High,Maize
35,40,37,29.63,74.87,6.76,654.64,Loamy Soil,Kharif,Junagadh,Medium,Groundnut
34,33,28,24.54,37.46,6.26,140.11,Sandy Soil,Rabi,Mehsana,Low,Cumin
40,50,28,26.23,69.27,5.91,679.77,Black Soil,Kharif,Bhavnagar,Medium,Groundnut
101,51,55,32.85,70.39,5.8,797.7,Black Soil,Kharif,Surat,High,Cotton
90,47,49,27.11,74.2,6.12,816.76,Red Soil,Kharif,Vadodara,High,Maize
59,38,30,34.1,38.63,7.22,207.94,Sandy Soil,Kharif,Ahmedabad,Low,Bajra
62,33,24,29.52,57.83,6.83,421.24,Alluvial Soil,Kharif,Kutch,Low,Castor
45,30,28,28.35,51.42,5.78,411.27,Sandy Soil,Kharif,Anand,Low,Castor
44,48,29,21.75,40.76,6.19,186.86,Black Soil,Rabi,Ahmedabad,Low,Gram
29,35,29,25.43,36.99,6.71,127.64,Sandy Soil,Rabi,Mehsana,Low,Cumin
40,29,25,31.72,48.9,7.15,377.92,Sandy Soil,Kharif,Kutch,Low,Sesame
43,46,19,27.47,51.26,5.96,476.04,Loamy Soil,Kharif,Mehsana,Low,Castor
63,31,33,20.6,55.18,6.16,227.71,Alluvial Soil,Rabi,Kutch,Low,Mustard
41,43,30,25.73,71.88,6.26,624.2,Sandy Soil,Kharif,Junagadh,Medium,Groundnut
40,34,32,21.2,34.13,6.39,119.54,Sandy Soil,Rabi,Rajkot,Low,Cumin
56,41,26,29.28,57.68,6.56,456.18,Alluvial Soil,Kharif,Mehsana,Low,Castor
31,24,28,31.36,51.15,5.41,442.64,Alluvial Soil,Kharif,Kutch,Low,Sesame
39,52,20,28.68,74.29,7.07,646.76,Black Soil,Kharif,Rajkot,Medium,Groundnut
60,40,30,29.68,62.1,7.01,451.87,Sandy Soil,Kharif,Mehsana,Low,Castor
38,20,22,30.08,49.68,6.77,430.45,Alluvial Soil,Kharif,Kutch,Low,Sesame
81,60,43,30.83,65.19,6.88,731.04,Red Soil,Kharif,Anand,High,Maize
120,38,47,18.64,52.62,5.82,220.83,Black Soil,Rabi,Banaskantha,Medium,Wheat
31,33,23,30.72,49.36,6.81,366.58,Alluvial Soil,Kharif,Junagadh,Low,Sesame
55,34,29,29.07,47.4,6.8,372.57,Alluvial Soil,Kharif,Rajkot,Low,Castor
79,45,39,27.87,67.46,6.42,793.21,Alluvial Soil,Kharif,Mehsana,High,Maize
57,35,35,17.03,52.32,6.25,161.57,Loamy Soil,Rabi,Ahmedabad,Low,Mustard
42,56,25,29.04,70.22,6.49,637.61,Loamy Soil,Kharif,Jamnagar,Medium,Groundnut
49,34,29,35.64,39.24,7.44,251.6,Loamy Soil,Kharif,Jamnagar,Low,Bajra
85,61,37,26.02,73.22,6.57,950.53,Loamy Soil,Kharif,Anand,High,Maize
42,30,33,25.79,74.12,7.24,603.69,Sandy Soil,Kharif,Jamnagar,Medium,Groundnut
76,45,37,15.44,53.48,7.29,152.9,Loamy Soil,Rabi,Jamnagar,Low,Mustard
63,40,37,19.87,53.42,6.21,137.89,Alluvial Soil,Rabi,Mehsana,Low,Mustard
40,33,29,22.1,36.97,6.2,110.74,Alluvial Soil,Rabi,Jamnagar,Low,Cumin
44,46,32,29.73,73.51,6.08,615.95,Sandy Soil,Kharif,Junagadh,Medium,Groundnut
68,35,27,20.65,51.95,7.14,206.68,Loamy Soil,Rabi,Kutch,Low,Mustard
58,44,32,31.1,53.51,6.64,382.7,Loamy Soil,Kharif,Kutch,Low,Castor
38,50,33,23.62,43.19,7.0,189.36,Black Soil,Rabi,Jamnagar,Low,Gram
31,35,30,20.81,33.72,6.89,136.42,Alluvial Soil,Rabi,Jamnagar,Low,Cumin
85,36,52,19.06,44.86,6.29,173.46,Black Soil,Rabi,Mehsana,Medium,Wheat
112,65,45,32.15,63.61,6.5,902.19,Alluvial Soil,Kharif,Junagadh,High,Cotton
43,31,23,22.18,34.85,6.44,155.33,Sandy Soil,Rabi,Jamnagar,Low,Cumin
52,47,22,29.62,75.22,6.32,685.86,Black Soil,Kharif,Jamnagar,Medium,Groundnut
34,41,27,22.04,38.09,5.66,119.08,Sandy Soil,Rabi,Kutch,Low,Cumin
29,32,21,22.13,39.29,5.73,120.11,Alluvial Soil,Rabi,Rajkot,Low,Cumin
56,38,26,26.63,56.57,6.05,457.19,Alluvial Soil,Kharif,Anand,Low,Castor
49,28,21,31.95,57.94,7.02,408.86,Sandy Soil,Kharif,Rajkot,Low,Castor
101,44,49,31.13,63.24,6.79,882.55,Alluvial Soil,Kharif,Amreli,Medium,Cotton
43,35,34,33.38,48.24,6.25,250.9,Sandy Soil,Kharif,Jamnagar,Low,Bajra
61,29,40,19.58,52.1,6.29,183.54,Sandy Soil,Rabi,Kutch,Low,Mustard
37,24,25,29.04,49.79,7.12,390.47,Alluvial Soil,Kharif,Bhavnagar,Low,Sesame
51,47,41,16.38,51.24,6.3,124.26,Alluvial Soil,Rabi,Mehsana,Low,Mustard
104,55,42,32.57,69.27,5.39,833.52,Black Soil,Kharif,Bhavnagar,High,Cotton
37,31,27,20.15,33.26,7.34,76.42,Sandy Soil,Rabi,Rajkot,Low,Cumin
43,44,39,26.03,72.85,6.53,690.66,Sandy Soil,Kharif,Junagadh,Medium,Groundnut
82,44,39,24.56,70.47,6.07,866.98,Alluvial Soil,Kharif,Vadodara,High,Maize
48,44,25,21.94,37.93,6.33,196.86,Clay Soil,Rabi,Jamnagar,Low,Gram
54,31,31,33.18,55.0,7.16,487.57,Alluvial Soil,Kharif,Kutch,Low,Castor
39,25,21,31.81,51.7,6.66,436.9,Alluvial Soil,Kharif,Junagadh,Low,Sesame
35,50,40,21.51,41.99,5.84,196.96,Clay Soil,Rabi,Ahmedabad,Low,Gram
90,39,44,21.85,46.45,5.88,194.95,Black Soil,Rabi,Anand,Medium,Wheat
33,48,38,22.21,47.79,6.13,197.49,Clay Soil,Rabi,Rajkot,Low,Gram
102,43,35,19.02,48.8,6.7,259.95,Loamy Soil,Rabi,Mehsana,Medium,Wheat
36,29,25,21.96,35.38,6.31,123.47,Sandy Soil,Rabi,Mehsana,Low,Cumin
93,42,43,29.86,69.67,6.74,952.03,Red Soil,Kharif,Banaskantha,High,Maize
27,47,40,21.64,41.84,7.2,126.16,Loamy Soil,Rabi,Junagadh,Low,Gram
59,37,40,17.36,57.22,7.15,167.48,Sandy Soil,Rabi,Kutch,Low,Mustard
66,53,34,29.93,71.63,6.02,952.01,Red Soil,Kharif,Anand,High,Maize
66,34,29,19.97,49.72,7.01,183.26,Sandy Soil,Rabi,Jamnagar,Low,Mustard
94,49,44,26.91,72.04,7.2,909.17,Loamy Soil,Kharif,Ahmedabad,High,Maize
45,37,26,28.68,62.92,6.0,467.66,Loamy Soil,Kharif,Anand,Low,Castor
103,61,52,32.55,66.54,6.52,837.21,Black Soil,Kharif,Rajkot,High,Cotton
54,34,29,19.01,48.88,6.03,162.2,Loamy Soil,Rabi,Ahmedabad,Low,Mustard
47,31,22,31.44,56.14,6.9,436.08,Sandy Soil,Kharif,Anand,Low,Castor
43,30,29,30.34,56.8,6.76,438.22,Sandy Soil,Kharif,Mehsana,Low,Castor
35,32,23,31.95,55.78,6.42,348.35,Loamy Soil,Kharif,Rajkot,Low,Sesame
92,49,38,20.72,46.08,7.05,211.15,Alluvial Soil,Rabi,Rajkot,Medium,Wheat
80,52,45,19.02,50.3,5.93,192.49,Black Soil,Rabi,Mehsana,Medium,Wheat
48,33,28,26.41,59.52,7.45,495.76,Sandy Soil,Kharif,Anand,Low,Castor
110,39,50,21.11,49.64,7.15,209.35,Clay Soil,Rabi,Anand,Medium,Wheat
35,39,34,22.89,40.41,6.61,178.84,Black Soil,Rabi,Vadodara,Low,Gram
94,46,47,33.27,61.71,6.75,764.65,Alluvial Soil,Kharif,Rajkot,Medium,Cotton
91,55,46,18.44,46.79,5.93,241.86,Alluvial Soil,Rabi,Mehsana,Medium,Wheat
59,34,31,28.57,55.71,6.57,433.82,Loamy Soil,Kharif,Mehsana,Low,Castor
34,29,25,23.86,32.83,6.78,127.85,Sandy Soil,Rabi,Mehsana,Low,Cumin
41,49,39,21.58,39.66,7.3,221.56,Loamy Soil,Rabi,Vadodara,Low,Gram
35,39,34,22.16,43.91,6.67,143.05,Clay Soil,Rabi,Jamnagar,Low,Gram
65,39,38,14.85,51.41,6.97,125.45,Sandy Soil,Rabi,Kutch,Low,Mustard
52,37,30,31.74,38.19,5.69,349.51,Sandy Soil,Kharif,Ahmedabad,Low,Bajra
61,24,28,37.49,31.9,6.91,245.82,Sandy Soil,Kharif,Banaskantha,Low,Bajra
31,28,20,29.27,48.61,6.24,407.31,Sandy Soil,Kharif,Kutch,Low,Sesame
100,50,38,32.34,71.31,6.06,748.46,Black Soil,Kharif,Bhavnagar,High,Cotton
46,50,44,23.81,42.78,6.62,202.01,Loamy Soil,Rabi,Vadodara,Low,Gram
26,35,35,23.56,36.85,5.97,101.6,Loamy Soil,Rabi,Mehsana,Low,Cumin
56,40,37,19.82,53.23,5.87,169.59,Alluvial Soil,Rabi,Banaskantha,Low,Mustard
39,29,25,20.71,31.76,7.13,108.98,Sandy Soil,Rabi,Jamnagar,Low,Cumin
56,41,31,20.51,55.62,6.52,203.04,Loamy Soil,Rabi,Ahmedabad,Low,Mustard
44,36,30,23.34,30.56,7.11,134.66,Alluvial Soil,Rabi,Jamnagar,Low,Cumin
48,40,36,27.42,76.88,6.32,607.98,Black Soil,Kharif,Junagadh,Medium,Groundnut
29,26,26,29.23,53.6,7.84,373.1,Loamy Soil,Kharif,Rajkot,Low,Sesame
38,35,26,22.77,35.82,6.7,112.98,Loamy Soil,Rabi,Kutch,Low,Cumin
105,49,47,31.92,67.75,5.97,796.56,Black Soil,Kharif,Rajkot,Medium,Cotton
51,32,35,33.47,37.79,6.29,200.22,Loamy Soil,Kharif,Banaskantha,Low,Bajra
92,52,49,32.43,66.41,7.31,830.24,Alluvial Soil,Kharif,Junagadh,Medium,Cotton
52,34,28,29.89,53.73,6.88,465.51,Loamy Soil,Kharif,Kutch,Low,Castor
57,34,37,18.52,54.16,6.25,138.66,Alluvial Soil,Rabi,Banaskantha,Low,Mustard
42,22,20,28.43,47.88,6.14,455.99,Alluvial Soil,Kharif,Junagadh,Low,Sesame
37,29,26,25.04,35.52,6.4,123.31,Loamy Soil,Rabi,Banaskantha,Low,Cumin
78,45,43,28.28,70.01,7.24,902.21,Alluvial Soil,Kharif,Mehsana,High,Maize
22,51,29,28.92,74.35,6.06,683.02,Sandy Soil,Kharif,Amreli,Medium,Groundnut
84,48,45,25.21,73.4,7.18,900.02,Loamy Soil,Kharif,Vadodara,High,Maize
38,38,30,20.9,40.02,7.1,109.68,Sandy Soil,Rabi,Kutch,Low,Cumin
78,45,46,28.66,66.02,6.23,1012.61,Alluvial Soil,Kharif,Banaskantha,High,Maize
44,38,33,28.75,72.0,6.69,600.43,Black Soil,Kharif,Amreli,Medium,Groundnut
95,55,41,23.46,71.94,6.44,834.77,Red Soil,Kharif,Banaskantha,High,Maize
37,43,29,21.6,45.98,6.99,201.68,Clay Soil,Rabi,Rajkot,Low,Gram
106,58,47,30.97,59.09,6.16,758.85,Black Soil,Kharif,Jamnagar,High,Cotton
31,19,25,30.04,48.95,6.19,390.87,Alluvial Soil,Kharif,Rajkot,Low,Sesame
30,28,28,23.91,35.51,6.97,127.6,Sandy Soil,Rabi,Jamnagar,Low,Cumin
56,42,32,30.84,58.27,5.91,414.31,Loamy Soil,Kharif,Banaskantha,Low,Castor
55,36,43,19.91,52.86,4.5,110.93,Loamy Soil,Rabi,Jamnagar,Low,Mustard
35,40,23,31.61,49.4,6.23,355.69,Sandy Soil,Kharif,Amreli,Low,Sesame
34,35,35,23.29,33.67,7.27,129.45,Loamy Soil,Rabi,Mehsana,Low,Cumin
107,43,51,19.03,45.08,7.37,217.36,Loamy Soil,Rabi,Mehsana,Medium,Wheat
35,32,25,22.09,35.61,6.14,109.8,Sandy Soil,Rabi,Kutch,Low,Cumin
43,56,43,21.61,37.19,6.87,147.09,Loamy Soil,Rabi,Rajkot,Low,Gram
31,47,36,25.57,44.01,6.31,167.38,Clay Soil,Rabi,Junagadh,Low,Gram
47,27,26,29.76,56.56,6.81,454.95,Sandy Soil,Kharif,Anand,Low,Castor
39,46,41,22.1,45.65,6.33,153.34,Black Soil,Rabi,Junagadh,Low,Gram
89,51,46,28.09,66.71,5.99,920.83,Alluvial Soil,Kharif,Banaskantha,High,Maize
79,51,46,27.81,70.64,6.97,840.46,Red Soil,Kharif,Ahmedabad,High,Maize
49,55,34,25.22,71.1,6.81,628.93,Loamy Soil,Kharif,Rajkot,Medium,Groundnut
30,50,32,25.64,71.75,6.73,633.35,Sandy Soil,Kharif,Jamnagar,Medium,Groundnut
32,40,23,23.15,39.56,5.53,124.34,Loamy Soil,Rabi,Rajkot,Low,Cumin
44,52,36,28.76,75.17,5.96,574.89,Loamy Soil,Kharif,Jamnagar,Medium,Groundnut
44,38,33,32.45,41.21,5.8,400.0,Sandy Soil,Kharif,Banaskantha,Low,Bajra
93,56,41,26.17,70.28,6.46,856.48,Red Soil,Kharif,Anand,High,Maize
91,56,50,18.1,44.51,7.85,235.42,Black Soil,Rabi,Anand,Medium,Wheat
104,52,35,30.75,64.52,5.9,840.0,Black Soil,Kharif,Vadodara,High,Cotton
27,27,24,29.0,51.27,6.56,419.59,Sandy Soil,Kharif,Bhavnagar,Low,Sesame
84,37,42,18.3,50.07,6.58,246.08,Clay Soil,Rabi,Mehsana,Medium,Wheat
82,46,43,17.57,44.82,6.03,236.19,Loamy Soil,Rabi,Anand,Medium,Wheat
35,31,27,21.59,38.33,6.61,130.39,Loamy Soil,Rabi,Kutch,Low,Cumin
94,46,48,20.82,43.15,6.07,192.29,Clay Soil,Rabi,Anand,Medium,Wheat
34,29,30,30.35,48.05,5.77,405.86,Loamy Soil,Kharif,Bhavnagar,Low,Sesame
41,52,38,24.34,41.6,7.57,148.51,Clay Soil,Rabi,Vadodara,Low,Gram
57,33,43,20.66,53.14,6.91,186.34,Alluvial Soil,Rabi,Mehsana,Low,Mustard
81,43,46,26.86,72.01,7.41,851.85,Loamy Soil,Kharif,Banaskantha,High,Maize
51,46,29,34.46,40.77,6.45,189.84,Sandy Soil,Kharif,Kutch,Low,Bajra
35,35,32,30.95,74.51,7.6,694.12,Loamy Soil,Kharif,Rajkot,Medium,Groundnut
61,43,39,18.24,53.89,7.02,154.25,Loamy Soil,Rabi,Mehsana,Low,Mustard
43,35,22,30.22,54.93,5.95,382.08,Loamy Soil,Kharif,Banaskantha,Low,Castor
58,37,23,28.8,53.71,6.31,424.26,Sandy Soil,Kharif,Mehsana,Low,Castor
93,44,36,19.55,47.66,6.62,180.21,Clay Soil,Rabi,Ahmedabad,Medium,Wheat
65,34,43,17.65,52.17,6.76,142.9,Alluvial Soil,Rabi,Kutch,Low,Mustard
116,57,47,33.8,59.96,5.83,654.8,Black Soil,Kharif,Amreli,Medium,Cotton
36,35,29,30.31,68.77,6.5,651.71,Black Soil,Kharif,Jamnagar,Medium,Groundnut
29,53,33,21.34,42.07,6.36,181.75,Clay Soil,Rabi,Junagadh,Low,Gram
42,40,24,28.75,58.83,6.86,416.05,Alluvial Soil,Kharif,Mehsana,Low,Castor
55,41,29,35.62,33.13,7.08,237.49,Loamy Soil,Kharif,Mehsana,Low,Bajra
90,59,51,34.59,62.07,6.31,815.43,Black Soil,Kharif,Vadodara,High,Cotton
50,37,37,17.83,50.21,6.1,157.28,Sandy Soil,Rabi,Mehsana,Low,Mustard
50,39,28,29.99,58.85,6.76,389.85,Alluvial Soil,Kharif,Mehsana,Low,Castor
42,33,26,31.45,54.23,5.54,482.31,Sandy Soil,Kharif,Banaskantha,Low,Castor
44,25,18,29.36,55.84,6.83,381.88,Sandy Soil,Kharif,Kutch,Low,Castor
102,54,62,31.63,63.94,6.56,871.43,Alluvial Soil,Kharif,Surat,Medium,Cotton
35,32,28,22.12,31.11,6.54,138.89,Loamy Soil,Rabi,Jamnagar,Low,Cumin
